latitude, longitude, popi
45.14277, -125.09671, 20.34475
45.14277, -124.96010, 18.17740
45.14277, -124.82350, 16.30654
45.14277, -124.68689, 14.73204
45.14277, -124.55028, 13.45347
45.14277, -124.41368, 12.46921
45.14277, -124.27707, 11.77192
45.14277, -124.14046, 11.32484
45.14277, -124.00386, 10.92173
45.14277, -123.86725, 9.83513
45.14277, -123.73064, 7.89358
45.14277, -123.59404, 5.84876
45.14277, -123.45743, 3.98954
45.14277, -123.32082, 2.37781
45.14277, -123.18422, 1.02924
45.14277, -123.04761, -0.05206
45.14277, -122.91100, -0.86585
45.14277, -122.77439, -1.41380
45.14277, -122.63779, -1.69931
45.14277, -122.50118, -1.72806
45.14277, -122.36457, -1.50978
45.14277, -122.22797, -1.06250
45.14277, -122.09136, -0.42378
45.14277, -121.95475, 0.32302
45.14277, -121.81815, 1.00822
45.14277, -121.68154, 1.41778
45.14277, -121.54493, 1.52701
45.14277, -121.40833, 1.50194
45.14277, -121.27172, 1.45223
45.14277, -121.13511, 1.40721
45.14277, -120.99851, 1.38471
45.14277, -120.86190, 1.40975
45.14277, -120.72529, 1.50343
45.14277, -120.58869, 1.67123
45.14277, -120.45208, 1.89959
45.14277, -120.31547, 2.17119
45.14277, -120.17887, 2.48855
45.14277, -120.04226, 2.86660
45.14277, -119.90565, 3.28981
45.14277, -119.76905, 3.70070
45.14277, -119.63244, 4.07708
45.14277, -119.49583, 4.47567
45.14277, -119.35922, 4.93333
45.14277, -119.22262, 5.38667
45.14277, -119.08601, 5.72416
45.14277, -118.94940, 5.89980
45.14277, -118.81280, 5.91501
45.14277, -118.67619, 5.79636
45.14277, -118.53958, 5.64966
45.14277, -118.40298, 5.60654
45.14277, -118.26637, 5.74954
45.14277, -118.12976, 6.09971
45.14277, -117.99316, 6.61410
45.14277, -117.85655, 7.18814
45.14277, -117.71994, 7.73522
45.14277, -117.58334, 8.27474
45.14277, -117.44673, 8.83394
45.14277, -117.31012, 9.34618
45.14277, -117.17352, 9.74973
45.14277, -117.03691, 10.11153
45.14277, -116.90030, 10.55473
45.14277, -116.76370, 11.17190
45.14277, -116.62709, 12.01898
45.14277, -116.49048, 13.12770
45.14277, -116.35388, 14.51516
45.25093, -125.09671, 18.33114
45.25093, -124.96010, 16.16488
45.25093, -124.82350, 14.29519
45.25093, -124.68689, 12.72192
45.25093, -124.55028, 11.44475
45.25093, -124.41368, 10.46239
45.25093, -124.27707, 9.76935
45.25093, -124.14046, 9.34017
45.25093, -124.00386, 9.04827
45.25093, -123.86725, 8.38974
45.25093, -123.73064, 6.84927
45.25093, -123.59404, 4.95376
45.25093, -123.45743, 3.14923
45.25093, -123.32082, 1.56263
45.25093, -123.18422, 0.22909
45.25093, -123.04761, -0.84100
45.25093, -122.91100, -1.64508
45.25093, -122.77439, -2.18389
45.25093, -122.63779, -2.46041
45.25093, -122.50118, -2.48028
45.25093, -122.36457, -2.25354
45.25093, -122.22797, -1.79948
45.25093, -122.09136, -1.15903
45.25093, -121.95475, -0.42403
45.25093, -121.81815, 0.22317
45.25093, -121.68154, 0.57898
45.25093, -121.54493, 0.65947
45.25093, -121.40833, 0.63751
45.25093, -121.27172, 0.60060
45.25093, -121.13511, 0.55641
45.25093, -120.99851, 0.51635
45.25093, -120.86190, 0.51534
45.25093, -120.72529, 0.58676
45.25093, -120.58869, 0.74099
45.25093, -120.45208, 0.96194
45.25093, -120.31547, 1.22617
45.25093, -120.17887, 1.52954
45.25093, -120.04226, 1.87947
45.25093, -119.90565, 2.25272
45.25093, -119.76905, 2.59588
45.25093, -119.63244, 2.90354
45.25093, -119.49583, 3.22769
45.25093, -119.35922, 3.57803
45.25093, -119.22262, 3.89633
45.25093, -119.08601, 4.14273
45.25093, -118.94940, 4.31963
45.25093, -118.81280, 4.39062
45.25093, -118.67619, 4.31907
45.25093, -118.53958, 4.19017
45.25093, -118.40298, 4.14902
45.25093, -118.26637, 4.28854
45.25093, -118.12976, 4.63133
45.25093, -117.99316, 5.13147
45.25093, -117.85655, 5.68216
45.25093, -117.71994, 6.20016
45.25093, -117.58334, 6.70144
45.25093, -117.44673, 7.19202
45.25093, -117.31012, 7.59244
45.25093, -117.17352, 7.87439
45.25093, -117.03691, 8.14455
45.25093, -116.90030, 8.53080
45.25093, -116.76370, 9.11592
45.25093, -116.62709, 9.94620
45.25093, -116.49048, 11.04656
45.25093, -116.35388, 12.43002
45.35909, -125.09671, 16.49555
45.35909, -124.96010, 14.33042
45.35909, -124.82350, 12.46192
45.35909, -124.68689, 10.88992
45.35909, -124.55028, 9.61413
45.35909, -124.41368, 8.63354
45.35909, -124.27707, 7.94396
45.35909, -124.14046, 7.52673
45.35909, -124.00386, 7.29603
45.35909, -123.86725, 6.91083
45.35909, -123.73064, 5.80514
45.35909, -123.59404, 4.15343
45.35909, -123.45743, 2.44957
45.35909, -123.32082, 0.90724
45.35909, -123.18422, -0.40303
45.35909, -123.04761, -1.45813
45.35909, -122.91100, -2.25077
45.35909, -122.77439, -2.77975
45.35909, -122.63779, -3.04717
45.35909, -122.50118, -3.05833
45.35909, -122.36457, -2.82346
45.35909, -122.22797, -2.36288
45.35909, -122.09136, -1.72094
45.35909, -121.95475, -0.99822
45.35909, -121.81815, -0.38921
45.35909, -121.68154, -0.08390
45.35909, -121.54493, -0.02849
45.35909, -121.40833, -0.04752
45.35909, -121.27172, -0.07441
45.35909, -121.13511, -0.12197
45.35909, -120.99851, -0.18346
45.35909, -120.86190, -0.21159
45.35909, -120.72529, -0.16052
45.35909, -120.58869, -0.01652
45.35909, -120.45208, 0.20044
45.35909, -120.31547, 0.45930
45.35909, -120.17887, 0.74729
45.35909, -120.04226, 1.06254
45.35909, -119.90565, 1.37531
45.35909, -119.76905, 1.64161
45.35909, -119.63244, 1.87085
45.35909, -119.49583, 2.10152
45.35909, -119.35922, 2.32468
45.35909, -119.22262, 2.51585
45.35909, -119.08601, 2.69940
45.35909, -118.94940, 2.89394
45.35909, -118.81280, 3.03061
45.35909, -118.67619, 3.01795
45.35909, -118.53958, 2.91374
45.35909, -118.40298, 2.87651
45.35909, -118.26637, 3.01244
45.35909, -118.12976, 3.34671
45.35909, -117.99316, 3.83061
45.35909, -117.85655, 4.35568
45.35909, -117.71994, 4.84178
45.35909, -117.58334, 5.29769
45.35909, -117.44673, 5.70494
45.35909, -117.31012, 5.98116
45.35909, -117.17352, 6.14501
45.35909, -117.03691, 6.33543
45.35909, -116.90030, 6.67563
45.35909, -116.76370, 7.23614
45.35909, -116.62709, 8.05396
45.35909, -116.49048, 9.14828
45.35909, -116.35388, 10.52890
45.46725, -125.09671, 14.83676
45.46725, -124.96010, 12.67278
45.46725, -124.82350, 10.80548
45.46725, -124.68689, 9.23475
45.46725, -124.55028, 7.96033
45.46725, -124.41368, 6.98138
45.46725, -124.27707, 6.29465
45.46725, -124.14046, 5.88610
45.46725, -124.00386, 5.69379
45.46725, -123.86725, 5.47531
45.46725, -123.73064, 4.73447
45.46725, -123.59404, 3.39527
45.46725, -123.45743, 1.85762
45.46725, -123.32082, 0.39387
45.46725, -123.18422, -0.87701
45.46725, -123.04761, -1.90936
45.46725, -122.91100, -2.68675
45.46725, -122.77439, -3.20412
45.46725, -122.63779, -3.46185
45.46725, -122.50118, -3.46444
45.46725, -122.36457, -3.22200
45.46725, -122.22797, -2.75578
45.46725, -122.09136, -2.11343
45.46725, -121.95475, -1.40430
45.46725, -121.81815, -0.83339
45.46725, -121.68154, -0.57369
45.46725, -121.54493, -0.53849
45.46725, -121.40833, -0.55441
45.46725, -121.27172, -0.57476
45.46725, -121.13511, -0.63114
45.46725, -120.99851, -0.71839
45.46725, -120.86190, -0.77429
45.46725, -120.72529, -0.74144
45.46725, -120.58869, -0.60450
45.46725, -120.45208, -0.38847
45.46725, -120.31547, -0.13363
45.46725, -120.17887, 0.13569
45.46725, -120.04226, 0.40592
45.46725, -119.90565, 0.64393
45.46725, -119.76905, 0.82199
45.46725, -119.63244, 0.96015
45.46725, -119.49583, 1.07875
45.46725, -119.35922, 1.16948
45.46725, -119.22262, 1.25712
45.46725, -119.08601, 1.40353
45.46725, -118.94940, 1.62470
45.46725, -118.81280, 1.83219
45.46725, -118.67619, 1.89001
45.46725, -118.53958, 1.81901
45.46725, -118.40298, 1.78823
45.46725, -118.26637, 1.92025
45.46725, -118.12976, 2.24420
45.46725, -117.99316, 2.70891
45.46725, -117.85655, 3.20513
45.46725, -117.71994, 3.65545
45.46725, -117.58334, 4.05677
45.46725, -117.44673, 4.36454
45.46725, -117.31012, 4.50884
45.46725, -117.17352, 4.56389
45.46725, -117.03691, 4.68793
45.46725, -116.90030, 4.99215
45.46725, -116.76370, 5.53421
45.46725, -116.62709, 6.34300
45.46725, -116.49048, 7.43307
45.46725, -116.35388, 8.81178
45.57541, -125.09671, 13.35345
45.57541, -124.96010, 11.19065
45.57541, -124.82350, 9.32456
45.57541, -124.68689, 7.75507
45.57541, -124.55028, 6.48196
45.57541, -124.41368, 5.50450
45.57541, -124.27707, 4.82009
45.57541, -124.14046, 4.41797
45.57541, -124.00386, 4.25199
45.57541, -123.86725, 4.14183
45.57541, -123.73064, 3.66970
45.57541, -123.59404, 2.64123
45.57541, -123.45743, 1.32833
45.57541, -123.32082, -0.00732
45.57541, -123.18422, -1.21060
45.57541, -123.04761, -2.20541
45.57541, -122.91100, -2.95986
45.57541, -122.77439, -3.46182
45.57541, -122.63779, -3.70829
45.57541, -122.50118, -3.70220
45.57541, -122.36457, -3.45316
45.57541, -122.22797, -2.98314
45.57541, -122.09136, -2.34310
45.57541, -121.95475, -1.65069
45.57541, -121.81815, -1.11772
45.57541, -121.68154, -0.89609
45.57541, -121.54493, -0.87392
45.57541, -121.40833, -0.88543
45.57541, -121.27172, -0.90318
45.57541, -121.13511, -0.97508
45.57541, -120.99851, -1.09275
45.57541, -120.86190, -1.17684
45.57541, -120.72529, -1.16034
45.57541, -120.58869, -1.02818
45.57541, -120.45208, -0.81124
45.57541, -120.31547, -0.56079
45.57541, -120.17887, -0.31696
45.57541, -120.04226, -0.10765
45.57541, -119.90565, 0.03771
45.57541, -119.76905, 0.11587
45.57541, -119.63244, 0.15133
45.57541, -119.49583, 0.14896
45.57541, -119.35922, 0.12113
45.57541, -119.22262, 0.13530
45.57541, -119.08601, 0.26369
45.57541, -118.94940, 0.51450
45.57541, -118.81280, 0.79319
45.57541, -118.67619, 0.93168
45.57541, -118.53958, 0.90399
45.57541, -118.40298, 0.88284
45.57541, -118.26637, 1.01023
45.57541, -118.12976, 1.32091
45.57541, -117.99316, 1.76191
45.57541, -117.85655, 2.22462
45.57541, -117.71994, 2.63395
45.57541, -117.58334, 2.96950
45.57541, -117.44673, 3.16237
45.57541, -117.31012, 3.17432
45.57541, -117.17352, 3.13456
45.57541, -117.03691, 3.20563
45.57541, -116.90030, 3.48261
45.57541, -116.76370, 4.01125
45.57541, -116.62709, 4.81370
45.57541, -116.49048, 5.90093
45.57541, -116.35388, 7.27846
45.68357, -125.09671, 12.04410
45.68357, -124.96010, 9.88253
45.68357, -124.82350, 8.01768
45.68357, -124.68689, 6.44942
45.68357, -124.55028, 5.17752
45.68357, -124.41368, 4.20134
45.68357, -124.27707, 3.51872
45.68357, -124.14046, 3.12121
45.68357, -124.00386, 2.97378
45.68357, -123.86725, 2.93932
45.68357, -123.73064, 2.66488
45.68357, -123.59404, 1.89706
45.68357, -123.45743, 0.82301
45.68357, -123.32082, -0.33729
45.68357, -123.18422, -1.43295
45.68357, -123.04761, -2.36515
45.68357, -122.91100, -3.08232
45.68357, -122.77439, -3.56118
45.68357, -122.63779, -3.79290
45.68357, -122.50118, -3.77744
45.68357, -122.36457, -3.52329
45.68357, -122.22797, -3.05300
45.68357, -122.09136, -2.42097
45.68357, -121.95475, -1.75187
45.68357, -121.81815, -1.25697
45.68357, -121.68154, -1.06197
45.68357, -121.54493, -1.04142
45.68357, -121.40833, -1.04476
45.68357, -121.27172, -1.06381
45.68357, -121.13511, -1.15908
45.68357, -120.99851, -1.31226
45.68357, -120.86190, -1.42536
45.68357, -120.72529, -1.42480
45.68357, -120.58869, -1.29761
45.68357, -120.45208, -1.08085
45.68357, -120.31547, -0.83869
45.68357, -120.17887, -0.63267
45.68357, -120.04226, -0.50583
45.68357, -119.90565, -0.47029
45.68357, -119.76905, -0.49840
45.68357, -119.63244, -0.56896
45.68357, -119.49583, -0.68455
45.68357, -119.35922, -0.80379
45.68357, -119.22262, -0.83579
45.68357, -119.08601, -0.71322
45.68357, -118.94940, -0.43379
45.68357, -118.81280, -0.08777
45.68357, -118.67619, 0.13879
45.68357, -118.53958, 0.16577
45.68357, -118.40298, 0.15800
45.68357, -118.26637, 0.27905
45.68357, -118.12976, 0.57155
45.68357, -117.99316, 0.98179
45.68357, -117.85655, 1.40445
45.68357, -117.71994, 1.76637
45.68357, -117.58334, 2.02409
45.68357, -117.44673, 2.09107
45.68357, -117.31012, 1.97884
45.68357, -117.17352, 1.86096
45.68357, -117.03691, 1.89148
45.68357, -116.90030, 2.14856
45.68357, -116.76370, 2.66781
45.68357, -116.62709, 3.46607
45.68357, -116.49048, 4.55160
45.68357, -116.35388, 5.92856
45.79173, -125.09671, 10.90658
45.79173, -124.96010, 8.74648
45.79173, -124.82350, 6.88299
45.79173, -124.68689, 5.31599
45.79173, -124.55028, 4.04524
45.79173, -124.41368, 3.07012
45.79173, -124.27707, 2.38872
45.79173, -124.14046, 1.99415
45.79173, -124.00386, 1.85929
45.79173, -123.86725, 1.87911
45.79173, -123.73064, 1.75768
45.79173, -123.59404, 1.20130
45.79173, -123.45743, 0.33574
45.79173, -123.32082, -0.63374
45.79173, -123.18422, -1.58377
45.79173, -123.04761, -2.41899
45.79173, -122.91100, -3.07522
45.79173, -122.77439, -3.51680
45.79173, -122.63779, -3.72660
45.79173, -122.50118, -3.69976
45.79173, -122.36457, -3.44259
45.79173, -122.22797, -2.97813
45.79173, -122.09136, -2.36447
45.79173, -121.95475, -1.73076
45.79173, -121.81815, -1.27526
45.79173, -121.68154, -1.09073
45.79173, -121.54493, -1.05392
45.79173, -121.40833, -1.04053
45.79173, -121.27172, -1.06365
45.79173, -121.13511, -1.19144
45.79173, -120.99851, -1.38659
45.79173, -120.86190, -1.53179
45.79173, -120.72529, -1.55080
45.79173, -120.58869, -1.43441
45.79173, -120.45208, -1.22525
45.79173, -120.31547, -1.00128
45.79173, -120.17887, -0.85022
45.79173, -120.04226, -0.82564
45.79173, -119.90565, -0.90532
45.79173, -119.76905, -1.03344
45.79173, -119.63244, -1.19985
45.79173, -119.49583, -1.40664
45.79173, -119.35922, -1.58775
45.79173, -119.22262, -1.64569
45.79173, -119.08601, -1.52223
45.79173, -118.94940, -1.21749
45.79173, -118.81280, -0.81128
45.79173, -118.67619, -0.49342
45.79173, -118.53958, -0.40015
45.79173, -118.40298, -0.39070
45.79173, -118.26637, -0.27957
45.79173, -118.12976, -0.01360
45.79173, -117.99316, 0.35525
45.79173, -117.85655, 0.72932
45.79173, -117.71994, 1.03712
45.79173, -117.58334, 1.20694
45.79173, -117.44673, 1.14577
45.79173, -117.31012, 0.92538
45.79173, -117.17352, 0.74665
45.79173, -117.03691, 0.74752
45.79173, -116.90030, 0.99076
45.79173, -116.76370, 1.50389
45.79173, -116.62709, 2.29973
45.79173, -116.49048, 3.38453
45.79173, -116.35388, 4.76149
45.89989, -125.09671, 9.93719
45.89989, -124.96010, 7.77930
45.89989, -124.82350, 5.91766
45.89989, -124.68689, 4.35220
45.89989, -124.55028, 3.08267
45.89989, -124.41368, 2.10844
45.89989, -124.27707, 1.42770
45.89989, -124.14046, 1.03448
45.89989, -124.00386, 0.90712
45.89989, -123.86725, 0.96457
45.89989, -123.73064, 0.96419
45.89989, -123.59404, 0.58967
45.89989, -123.45743, -0.10649
45.89989, -123.32082, -0.90847
45.89989, -123.18422, -1.70073
45.89989, -123.04761, -2.40801
45.89989, -122.91100, -2.97227
45.89989, -122.77439, -3.35376
45.89989, -122.63779, -3.52838
45.89989, -122.50118, -3.48534
45.89989, -122.36457, -3.22764
45.89989, -122.22797, -2.77840
45.89989, -122.09136, -2.19936
45.89989, -121.95475, -1.61927
45.89989, -121.81815, -1.20682
45.89989, -121.68154, -1.01440
45.89989, -121.54493, -0.93631
45.89989, -121.40833, -0.88955
45.89989, -121.27172, -0.91651
45.89989, -121.13511, -1.08833
45.89989, -120.99851, -1.33631
45.89989, -120.86190, -1.52335
45.89989, -120.72529, -1.57502
45.89989, -120.58869, -1.48689
45.89989, -120.45208, -1.30403
45.89989, -120.31547, -1.11358
45.89989, -120.17887, -1.02746
45.89989, -120.04226, -1.10241
45.89989, -119.90565, -1.27849
45.89989, -119.76905, -1.48560
45.89989, -119.63244, -1.72686
45.89989, -119.49583, -1.99796
45.89989, -119.35922, -2.21673
45.89989, -119.22262, -2.28755
45.89989, -119.08601, -2.16015
45.89989, -118.94940, -1.83458
45.89989, -118.81280, -1.37755
45.89989, -118.67619, -0.97053
45.89989, -118.53958, -0.80107
45.89989, -118.40298, -0.77167
45.89989, -118.26637, -0.67780
45.89989, -118.12976, -0.45186
45.89989, -117.99316, -0.13913
45.89989, -117.85655, 0.17711
45.89989, -117.71994, 0.42633
45.89989, -117.58334, 0.50475
45.89989, -117.44673, 0.32482
45.89989, -117.31012, 0.01745
45.89989, -117.17352, -0.20583
45.89989, -117.03691, -0.22536
45.89989, -116.90030, 0.00910
45.89989, -116.76370, 0.51890
45.89989, -116.62709, 1.31387
45.89989, -116.49048, 2.39886
45.89989, -116.35388, 3.77637
46.00805, -125.09671, 9.12826
46.00805, -124.96010, 6.97459
46.00805, -124.82350, 5.11629
46.00805, -124.68689, 3.55339
46.00805, -124.55028, 2.28568
46.00805, -124.41368, 1.31251
46.00805, -124.27707, 0.63203
46.00805, -124.14046, 0.23872
46.00805, -124.00386, 0.11434
46.00805, -123.86725, 0.19526
46.00805, -123.73064, 0.28738
46.00805, -123.59404, 0.07691
46.00805, -123.45743, -0.47284
46.00805, -123.32082, -1.14470
46.00805, -123.18422, -1.80071
46.00805, -123.04761, -2.37294
46.00805, -122.91100, -2.81972
46.00805, -122.77439, -3.11285
46.00805, -122.63779, -3.23160
46.00805, -122.50118, -3.16297
46.00805, -122.36457, -2.90665
46.00805, -122.22797, -2.48479
46.00805, -122.09136, -1.96065
46.00805, -121.95475, -1.45500
46.00805, -121.81815, -1.09289
46.00805, -121.68154, -0.88154
46.00805, -121.54493, -0.73645
46.00805, -121.40833, -0.62950
46.00805, -121.27172, -0.65421
46.00805, -121.13511, -0.88675
46.00805, -120.99851, -1.20902
46.00805, -120.86190, -1.46155
46.00805, -120.72529, -1.57528
46.00805, -120.58869, -1.54876
46.00805, -120.45208, -1.42033
46.00805, -120.31547, -1.27104
46.00805, -120.17887, -1.22560
46.00805, -120.04226, -1.35325
46.00805, -119.90565, -1.58172
46.00805, -119.76905, -1.83807
46.00805, -119.63244, -2.13002
46.00805, -119.49583, -2.44181
46.00805, -119.35922, -2.68143
46.00805, -119.22262, -2.75754
46.00805, -119.08601, -2.62555
46.00805, -118.94940, -2.28421
46.00805, -118.81280, -1.78723
46.00805, -118.67619, -1.29947
46.00805, -118.53958, -1.04930
46.00805, -118.40298, -1.00120
46.00805, -118.26637, -0.93804
46.00805, -118.12976, -0.77155
46.00805, -117.99316, -0.53128
46.00805, -117.85655, -0.27884
46.00805, -117.71994, -0.08665
46.00805, -117.58334, -0.09243
46.00805, -117.44673, -0.37082
46.00805, -117.31012, -0.74222
46.00805, -117.17352, -0.99557
46.00805, -117.03691, -1.02754
46.00805, -116.90030, -0.79748
46.00805, -116.76370, -0.28851
46.00805, -116.62709, 0.50711
46.00805, -116.49048, 1.59323
46.00805, -116.35388, 2.97192
46.11620, -125.09671, 8.46313
46.11620, -124.96010, 6.31868
46.11620, -124.82350, 4.46757
46.11620, -124.68689, 2.91009
46.11620, -124.55028, 1.64621
46.11620, -124.41368, 0.67530
46.11620, -124.27707, -0.00458
46.11620, -124.14046, -0.39894
46.11620, -124.00386, -0.52416
46.11620, -123.86725, -0.43201
46.11620, -123.73064, -0.27563
46.11620, -123.59404, -0.34181
46.11620, -123.45743, -0.75301
46.11620, -123.32082, -1.32337
46.11620, -123.18422, -1.88012
46.11620, -123.04761, -2.33999
46.11620, -122.91100, -2.66793
46.11620, -122.77439, -2.85339
46.11620, -122.63779, -2.89375
46.11620, -122.50118, -2.78604
46.11620, -122.36457, -2.53104
46.11620, -122.22797, -2.14785
46.11620, -122.09136, -1.69556
46.11620, -121.95475, -1.27956
46.11620, -121.81815, -0.97968
46.11620, -121.68154, -0.75969
46.11620, -121.54493, -0.54107
46.11620, -121.40833, -0.34520
46.11620, -121.27172, -0.35270
46.11620, -121.13511, -0.66892
46.11620, -120.99851, -1.09979
46.11620, -120.86190, -1.45382
46.11620, -120.72529, -1.66598
46.11620, -120.58869, -1.73090
46.11620, -120.45208, -1.66956
46.11620, -120.31547, -1.54251
46.11620, -120.17887, -1.47477
46.11620, -120.04226, -1.57394
46.11620, -119.90565, -1.79778
46.11620, -119.76905, -2.07177
46.11620, -119.63244, -2.39229
46.11620, -119.49583, -2.72705
46.11620, -119.35922, -2.97692
46.11620, -119.22262, -3.05448
46.11620, -119.08601, -2.91891
46.11620, -118.94940, -2.56750
46.11620, -118.81280, -2.04280
46.11620, -118.67619, -1.49008
46.11620, -118.53958, -1.16573
46.11620, -118.40298, -1.10884
46.11620, -118.26637, -1.09697
46.11620, -118.12976, -1.01081
46.11620, -117.99316, -0.85297
46.11620, -117.85655, -0.66148
46.11620, -117.71994, -0.51654
46.11620, -117.58334, -0.58894
46.11620, -117.44673, -0.93931
46.11620, -117.31012, -1.35286
46.11620, -117.17352, -1.62360
46.11620, -117.03691, -1.66100
46.11620, -116.90030, -1.43124
46.11620, -116.76370, -0.92059
46.11620, -116.62709, -0.12271
46.11620, -116.49048, 0.96563
46.11620, -116.35388, 2.34624
46.22436, -125.09671, 7.90787
46.22436, -124.96010, 5.78321
46.22436, -124.82350, 3.94791
46.22436, -124.68689, 2.40270
46.22436, -124.55028, 1.14787
46.22436, -124.41368, 0.18296
46.22436, -124.27707, -0.49408
46.22436, -124.14046, -0.88899
46.22436, -124.00386, -1.01748
46.22436, -123.86725, -0.92394
46.22436, -123.73064, -0.73031
46.22436, -123.59404, -0.68301
46.22436, -123.45743, -0.96493
46.22436, -123.32082, -1.45226
46.22436, -123.18422, -1.94383
46.22436, -123.04761, -2.32810
46.22436, -122.91100, -2.56359
46.22436, -122.77439, -2.64969
46.22436, -122.63779, -2.60566
46.22436, -122.50118, -2.45121
46.22436, -122.36457, -2.19672
46.22436, -122.22797, -1.85605
46.22436, -122.09136, -1.47748
46.22436, -121.95475, -1.15122
46.22436, -121.81815, -0.92495
46.22436, -121.68154, -0.72718
46.22436, -121.54493, -0.46672
46.22436, -121.40833, -0.18263
46.22436, -121.27172, -0.15462
46.22436, -121.13511, -0.56491
46.22436, -120.99851, -1.12305
46.22436, -120.86190, -1.59180
46.22436, -120.72529, -1.90522
46.22436, -120.58869, -2.05103
46.22436, -120.45208, -2.03573
46.22436, -120.31547, -1.90045
46.22436, -120.17887, -1.75747
46.22436, -120.04226, -1.75441
46.22436, -119.90565, -1.91611
46.22436, -119.76905, -2.17543
46.22436, -119.63244, -2.50438
46.22436, -119.49583, -2.84883
46.22436, -119.35922, -3.10243
46.22436, -119.22262, -3.18011
46.22436, -119.08601, -3.04348
46.22436, -118.94940, -2.68884
46.22436, -118.81280, -2.15078
46.22436, -118.67619, -1.55776
46.22436, -118.53958, -1.18384
46.22436, -118.40298, -1.14049
46.22436, -118.26637, -1.20079
46.22436, -118.12976, -1.20418
46.22436, -117.99316, -1.12258
46.22436, -117.85655, -0.97876
46.22436, -117.71994, -0.86629
46.22436, -117.58334, -0.98381
46.22436, -117.44673, -1.37987
46.22436, -117.31012, -1.81638
46.22436, -117.17352, -2.09335
46.22436, -117.03691, -2.12957
46.22436, -116.90030, -1.89595
46.22436, -116.76370, -1.38085
46.22436, -116.62709, -0.57881
46.22436, -116.49048, 0.51308
46.22436, -116.35388, 1.89654
46.33252, -125.09671, 7.40628
46.33252, -124.96010, 5.31833
46.33252, -124.82350, 3.51403
46.33252, -124.68689, 1.99420
46.33252, -124.55028, 0.75931
46.33252, -124.41368, -0.19100
46.33252, -124.27707, -0.85886
46.33252, -124.14046, -1.25044
46.33252, -124.00386, -1.38160
46.33252, -123.86725, -1.29271
46.33252, -123.73064, -1.08481
46.33252, -123.59404, -0.96650
46.33252, -123.45743, -1.15017
46.33252, -123.32082, -1.57866
46.33252, -123.18422, -2.03473
46.33252, -123.04761, -2.37837
46.33252, -122.91100, -2.55989
46.33252, -122.77439, -2.58318
46.33252, -122.63779, -2.48286
46.33252, -122.50118, -2.29952
46.33252, -122.36457, -2.05347
46.33252, -122.22797, -1.75018
46.33252, -122.09136, -1.42454
46.33252, -121.95475, -1.15917
46.33252, -121.81815, -0.99068
46.33252, -121.68154, -0.82907
46.33252, -121.54493, -0.56844
46.33252, -121.40833, -0.24079
46.33252, -121.27172, -0.17818
46.33252, -121.13511, -0.64934
46.33252, -120.99851, -1.29827
46.33252, -120.86190, -1.84627
46.33252, -120.72529, -2.22356
46.33252, -120.58869, -2.41370
46.33252, -120.45208, -2.41614
46.33252, -120.31547, -2.25833
46.33252, -120.17887, -2.03053
46.33252, -120.04226, -1.89225
46.33252, -119.90565, -1.94371
46.33252, -119.76905, -2.15264
46.33252, -119.63244, -2.46799
46.33252, -119.49583, -2.81016
46.33252, -119.35922, -3.06295
46.33252, -119.22262, -3.14110
46.33252, -119.08601, -3.00757
46.33252, -118.94940, -2.65862
46.33252, -118.81280, -2.12526
46.33252, -118.67619, -1.52726
46.33252, -118.53958, -1.14914
46.33252, -118.40298, -1.14691
46.33252, -118.26637, -1.28283
46.33252, -118.12976, -1.36109
46.33252, -117.99316, -1.33385
46.33252, -117.85655, -1.22025
46.33252, -117.71994, -1.12775
46.33252, -117.58334, -1.27359
46.33252, -117.44673, -1.69434
46.33252, -117.31012, -2.13787
46.33252, -117.17352, -2.41093
46.33252, -117.03691, -2.43934
46.33252, -116.90030, -2.19732
46.33252, -116.76370, -1.67452
46.33252, -116.62709, -0.86595
46.33252, -116.49048, 0.23119
46.33252, -116.35388, 1.61870
46.44068, -125.09671, 6.89975
46.44068, -124.96010, 4.86371
46.44068, -124.82350, 3.10721
46.44068, -124.68689, 1.62985
46.44068, -124.55028, 0.43119
46.44068, -124.41368, -0.48987
46.44068, -124.27707, -1.13618
46.44068, -124.14046, -1.51483
46.44068, -124.00386, -1.64256
46.44068, -123.86725, -1.55834
46.44068, -123.73064, -1.35202
46.44068, -123.59404, -1.20939
46.44068, -123.45743, -1.35460
46.44068, -123.32082, -1.76871
46.44068, -123.18422, -2.22104
46.44068, -123.04761, -2.55386
46.44068, -122.91100, -2.71712
46.44068, -122.77439, -2.72176
46.44068, -122.63779, -2.61326
46.44068, -122.50118, -2.44189
46.44068, -122.36457, -2.22618
46.44068, -122.22797, -1.95693
46.44068, -122.09136, -1.65057
46.44068, -121.95475, -1.38035
46.44068, -121.81815, -1.19807
46.44068, -121.68154, -1.03210
46.44068, -121.54493, -0.77288
46.44068, -121.40833, -0.43995
46.44068, -121.27172, -0.36632
46.44068, -121.13511, -0.85155
46.44068, -120.99851, -1.53209
46.44068, -120.86190, -2.11219
46.44068, -120.72529, -2.51583
46.44068, -120.58869, -2.72220
46.44068, -120.45208, -2.72638
46.44068, -120.31547, -2.54688
46.44068, -120.17887, -2.25371
46.44068, -120.04226, -1.99259
46.44068, -119.90565, -1.90962
46.44068, -119.76905, -2.03022
46.44068, -119.63244, -2.30366
46.44068, -119.49583, -2.62895
46.44068, -119.35922, -2.87606
46.44068, -119.22262, -2.95560
46.44068, -119.08601, -2.83065
46.44068, -118.94940, -2.49892
46.44068, -118.81280, -1.99340
46.44068, -118.67619, -1.43523
46.44068, -118.53958, -1.10573
46.44068, -118.40298, -1.15426
46.44068, -118.26637, -1.33994
46.44068, -118.12976, -1.46064
46.44068, -117.99316, -1.46265
46.44068, -117.85655, -1.36629
46.44068, -117.71994, -1.28923
46.44068, -117.58334, -1.45634
46.44068, -117.44673, -1.88789
46.44068, -117.31012, -2.32556
46.44068, -117.17352, -2.58529
46.44068, -117.03691, -2.59904
46.44068, -116.90030, -2.34347
46.44068, -116.76370, -1.80906
46.44068, -116.62709, -0.99102
46.44068, -116.49048, 0.11354
46.44068, -116.35388, 1.50659
46.54884, -125.09671, 6.37508
46.54884, -124.96010, 4.39108
46.54884, -124.82350, 2.68761
46.54884, -124.68689, 1.26243
46.54884, -124.55028, 0.11307
46.54884, -124.41368, -0.76367
46.54884, -124.27707, -1.37280
46.54884, -124.14046, -1.72366
46.54884, -124.00386, -1.83533
46.54884, -123.86725, -1.74824
46.54884, -123.73064, -1.55030
46.54884, -123.59404, -1.42392
46.54884, -123.45743, -1.59871
46.54884, -123.32082, -2.04878
46.54884, -123.18422, -2.52536
46.54884, -123.04761, -2.87058
46.54884, -122.91100, -3.04280
46.54884, -122.77439, -3.06208
46.54884, -122.63779, -2.98174
46.54884, -122.50118, -2.85323
46.54884, -122.36457, -2.68502
46.54884, -122.22797, -2.45019
46.54884, -122.09136, -2.14075
46.54884, -121.95475, -1.80599
46.54884, -121.81815, -1.51905
46.54884, -121.68154, -1.27109
46.54884, -121.54493, -0.97679
46.54884, -121.40833, -0.64654
46.54884, -121.27172, -0.58883
46.54884, -121.13511, -1.06613
46.54884, -120.99851, -1.73627
46.54884, -120.86190, -2.31556
46.54884, -120.72529, -2.72217
46.54884, -120.58869, -2.92959
46.54884, -120.45208, -2.92909
46.54884, -120.31547, -2.73457
46.54884, -120.17887, -2.40433
46.54884, -120.04226, -2.06394
46.54884, -119.90565, -1.86301
46.54884, -119.76905, -1.87180
46.54884, -119.63244, -2.07184
46.54884, -119.49583, -2.36036
46.54884, -119.35922, -2.59268
46.54884, -119.22262, -2.67111
46.54884, -119.08601, -2.55782
46.54884, -118.94940, -2.25430
46.54884, -118.81280, -1.80154
46.54884, -118.67619, -1.32621
46.54884, -118.53958, -1.07508
46.54884, -118.40298, -1.14956
46.54884, -118.26637, -1.34110
46.54884, -118.12976, -1.47126
46.54884, -117.99316, -1.48499
46.54884, -117.85655, -1.40181
46.54884, -117.71994, -1.34516
46.54884, -117.58334, -1.53548
46.54884, -117.44673, -1.96943
46.54884, -117.31012, -2.39064
46.54884, -117.17352, -2.62824
46.54884, -117.03691, -2.62030
46.54884, -116.90030, -2.34551
46.54884, -116.76370, -1.79498
46.54884, -116.62709, -0.96394
46.54884, -116.49048, 0.15063
46.54884, -116.35388, 1.55093
46.65700, -125.09671, 5.87737
46.65700, -124.96010, 3.93192
46.65700, -124.82350, 2.27121
46.65700, -124.68689, 0.89228
46.65700, -124.55028, -0.20867
46.65700, -124.41368, -1.03677
46.65700, -124.27707, -1.59969
46.65700, -124.14046, -1.91016
46.65700, -124.00386, -1.99143
46.65700, -123.86725, -1.88911
46.65700, -123.73064, -1.69864
46.65700, -123.59404, -1.61570
46.65700, -123.45743, -1.86583
46.65700, -123.32082, -2.37809
46.65700, -123.18422, -2.89057
46.65700, -123.04761, -3.26032
46.65700, -122.91100, -3.45777
46.65700, -122.77439, -3.51108
46.65700, -122.63779, -3.47772
46.65700, -122.50118, -3.40441
46.65700, -122.36457, -3.28668
46.65700, -122.22797, -3.08357
46.65700, -122.09136, -2.76823
46.65700, -121.95475, -2.36080
46.65700, -121.81815, -1.92839
46.65700, -121.68154, -1.52641
46.65700, -121.54493, -1.14123
46.65700, -121.40833, -0.80396
46.65700, -121.27172, -0.78574
46.65700, -121.13511, -1.24920
46.65700, -120.99851, -1.88017
46.65700, -120.86190, -2.43429
46.65700, -120.72529, -2.82804
46.65700, -120.58869, -3.02796
46.65700, -120.45208, -3.02157
46.65700, -120.31547, -2.82186
46.65700, -120.17887, -2.48482
46.65700, -120.04226, -2.12226
46.65700, -119.90565, -1.86198
46.65700, -119.76905, -1.78239
46.65700, -119.63244, -1.90247
46.65700, -119.49583, -2.13776
46.65700, -119.35922, -2.33740
46.65700, -119.22262, -2.39813
46.65700, -119.08601, -2.28400
46.65700, -118.94940, -2.00497
46.65700, -118.81280, -1.61558
46.65700, -118.67619, -1.23978
46.65700, -118.53958, -1.05343
46.65700, -118.40298, -1.10623
46.65700, -118.26637, -1.25858
46.65700, -118.12976, -1.37309
46.65700, -117.99316, -1.39162
46.65700, -117.85655, -1.32810
46.65700, -117.71994, -1.30575
46.65700, -117.58334, -1.52488
46.65700, -117.44673, -1.95330
46.65700, -117.31012, -2.34788
46.65700, -117.17352, -2.55489
46.65700, -117.03691, -2.51831
46.65700, -116.90030, -2.21850
46.65700, -116.76370, -1.64703
46.65700, -116.62709, -0.79927
46.65700, -116.49048, 0.32794
46.65700, -116.35388, 1.73699
46.76516, -125.09671, 5.46541
46.76516, -124.96010, 3.54467
46.76516, -124.82350, 1.91233
46.76516, -124.68689, 0.56586
46.76516, -124.55028, -0.49847
46.76516, -124.41368, -1.28632
46.76516, -124.27707, -1.80668
46.76516, -124.14046, -2.07483
46.76516, -124.00386, -2.11860
46.76516, -123.86725, -1.99175
46.76516, -123.73064, -1.80582
46.76516, -123.59404, -1.77987
46.76516, -123.45743, -2.11934
46.76516, -123.32082, -2.69260
46.76516, -123.18422, -3.23835
46.76516, -123.04761, -3.63486
46.76516, -122.91100, -3.86468
46.76516, -122.77439, -3.96291
46.76516, -122.63779, -3.98735
46.76516, -122.50118, -3.97403
46.76516, -122.36457, -3.90429
46.76516, -122.22797, -3.72959
46.76516, -122.09136, -3.41540
46.76516, -121.95475, -2.96193
46.76516, -121.81815, -2.41037
46.76516, -121.68154, -1.83282
46.76516, -121.54493, -1.30117
46.76516, -121.40833, -0.93162
46.76516, -121.27172, -0.96450
46.76516, -121.13511, -1.40968
46.76516, -120.99851, -1.97758
46.76516, -120.86190, -2.48351
46.76516, -120.72529, -2.85033
46.76516, -120.58869, -3.03780
46.76516, -120.45208, -3.02960
46.76516, -120.31547, -2.84041
46.76516, -120.17887, -2.52945
46.76516, -120.04226, -2.19917
46.76516, -119.90565, -1.95084
46.76516, -119.76905, -1.85545
46.76516, -119.63244, -1.94604
46.76516, -119.49583, -2.14037
46.76516, -119.35922, -2.28985
46.76516, -119.22262, -2.30003
46.76516, -119.08601, -2.14619
46.76516, -118.94940, -1.85559
46.76516, -118.81280, -1.50352
46.76516, -118.67619, -1.20030
46.76516, -118.53958, -1.03505
46.76516, -118.40298, -1.01795
46.76516, -118.26637, -1.09055
46.76516, -118.12976, -1.17132
46.76516, -117.99316, -1.19950
46.76516, -117.85655, -1.17570
46.76516, -117.71994, -1.20928
46.76516, -117.58334, -1.45805
46.76516, -117.44673, -1.86594
46.76516, -117.31012, -2.22021
46.76516, -117.17352, -2.38706
46.76516, -117.03691, -2.31483
46.76516, -116.90030, -1.98451
46.76516, -116.76370, -1.38787
46.76516, -116.62709, -0.52043
46.76516, -116.49048, 0.62085
46.76516, -116.35388, 2.03839
46.87332, -125.09671, 5.17633
46.87332, -124.96010, 3.27314
46.87332, -124.82350, 1.65973
46.87332, -124.68689, 0.33468
46.87332, -124.55028, -0.70499
46.87332, -124.41368, -1.46444
46.87332, -124.27707, -1.95263
46.87332, -124.14046, -2.18581
46.87332, -124.00386, -2.19506
46.87332, -123.86725, -2.04309
46.87332, -123.73064, -1.86300
46.87332, -123.59404, -1.90043
46.87332, -123.45743, -2.32439
46.87332, -123.32082, -2.94581
46.87332, -123.18422, -3.51672
46.87332, -123.04761, -3.93763
46.87332, -122.91100, -4.20288
46.87332, -122.77439, -4.35359
46.87332, -122.63779, -4.44339
46.87332, -122.50118, -4.49203
46.87332, -122.36457, -4.46734
46.87332, -122.22797, -4.31929
46.87332, -122.09136, -4.01419
46.87332, -121.95475, -3.54412
46.87332, -121.81815, -2.92878
46.87332, -121.68154, -2.22167
46.87332, -121.54493, -1.53150
46.87332, -121.40833, -1.09030
46.87332, -121.27172, -1.15346
46.87332, -121.13511, -1.57141
46.87332, -120.99851, -2.06231
46.87332, -120.86190, -2.50204
46.87332, -120.72529, -2.83112
46.87332, -120.58869, -3.00714
46.87332, -120.45208, -3.01062
46.87332, -120.31547, -2.85675
46.87332, -120.17887, -2.60259
46.87332, -120.04226, -2.33405
46.87332, -119.90565, -2.13475
46.87332, -119.76905, -2.08199
46.87332, -119.63244, -2.20054
46.87332, -119.49583, -2.38273
46.87332, -119.35922, -2.48531
46.87332, -119.22262, -2.43102
46.87332, -119.08601, -2.20860
46.87332, -118.94940, -1.86481
46.87332, -118.81280, -1.50235
46.87332, -118.67619, -1.22117
46.87332, -118.53958, -1.03332
46.87332, -118.40298, -0.91311
46.87332, -118.26637, -0.87254
46.87332, -118.12976, -0.90876
46.87332, -117.99316, -0.96759
46.87332, -117.85655, -1.02102
46.87332, -117.71994, -1.13650
46.87332, -117.58334, -1.40494
46.87332, -117.44673, -1.76497
46.87332, -117.31012, -2.05589
46.87332, -117.17352, -2.16738
46.87332, -117.03691, -2.05005
46.87332, -116.90030, -1.68352
46.87332, -116.76370, -1.05885
46.87332, -116.62709, -0.17152
46.87332, -116.49048, 0.98126
46.87332, -116.35388, 2.40172
46.98148, -125.09671, 5.01828
46.98148, -124.96010, 3.13531
46.98148, -124.82350, 1.53881
46.98148, -124.68689, 0.23030
46.98148, -124.55028, -0.79164
46.98148, -124.41368, -1.53115
46.98148, -124.27707, -1.99650
46.98148, -124.14046, -2.20396
46.98148, -124.00386, -2.18673
46.98148, -123.86725, -2.01620
46.98148, -123.73064, -1.84997
46.98148, -123.59404, -1.95789
46.98148, -123.45743, -2.45773
46.98148, -123.32082, -3.11401
46.98148, -123.18422, -3.70174
46.98148, -123.04761, -4.14415
46.98148, -122.91100, -4.44783
46.98148, -122.77439, -4.65816
46.98148, -122.63779, -4.81865
46.98148, -122.50118, -4.92894
46.98148, -122.36457, -4.94652
46.98148, -122.22797, -4.82448
46.98148, -122.09136, -4.53430
46.98148, -121.95475, -4.06753
46.98148, -121.81815, -3.43406
46.98148, -121.68154, -2.66852
46.98148, -121.54493, -1.87008
46.98148, -121.40833, -1.32728
46.98148, -121.27172, -1.36095
46.98148, -121.13511, -1.73895
46.98148, -120.99851, -2.15964
46.98148, -120.86190, -2.53474
46.98148, -120.72529, -2.82889
46.98148, -120.58869, -3.00652
46.98148, -120.45208, -3.04559
46.98148, -120.31547, -2.95225
46.98148, -120.17887, -2.76346
46.98148, -120.04226, -2.54164
46.98148, -119.90565, -2.37598
46.98148, -119.76905, -2.37023
46.98148, -119.63244, -2.52772
46.98148, -119.49583, -2.70797
46.98148, -119.35922, -2.77634
46.98148, -119.22262, -2.67172
46.98148, -119.08601, -2.39153
46.98148, -118.94940, -1.99346
46.98148, -118.81280, -1.60030
46.98148, -118.67619, -1.30765
46.98148, -118.53958, -1.07550
46.98148, -118.40298, -0.84661
46.98148, -118.26637, -0.68123
46.98148, -118.12976, -0.67807
46.98148, -117.99316, -0.80658
46.98148, -117.85655, -0.98331
46.98148, -117.71994, -1.20245
46.98148, -117.58334, -1.48136
46.98148, -117.44673, -1.76768
46.98148, -117.31012, -1.96434
46.98148, -117.17352, -1.99428
46.98148, -117.03691, -1.81383
46.98148, -116.90030, -1.40105
46.98148, -116.76370, -0.74526
46.98148, -116.62709, 0.15882
46.98148, -116.49048, 1.31426
46.98148, -116.35388, 2.72375
47.08964, -125.09671, 4.95795
47.08964, -124.96010, 3.12012
47.08964, -124.82350, 1.55105
47.08964, -124.68689, 0.26238
47.08964, -124.55028, -0.74254
47.08964, -124.41368, -1.46546
47.08964, -124.27707, -1.91335
47.08964, -124.14046, -2.10209
47.08964, -124.00386, -2.06663
47.08964, -123.86725, -1.88749
47.08964, -123.73064, -1.74935
47.08964, -123.59404, -1.93942
47.08964, -123.45743, -2.50888
47.08964, -123.32082, -3.18963
47.08964, -123.18422, -3.78773
47.08964, -123.04761, -4.25070
47.08964, -122.91100, -4.59794
47.08964, -122.77439, -4.87522
47.08964, -122.63779, -5.10910
47.08964, -122.50118, -5.27858
47.08964, -122.36457, -5.33565
47.08964, -122.22797, -5.23941
47.08964, -122.09136, -4.96779
47.08964, -121.95475, -4.51506
47.08964, -121.81815, -3.88916
47.08964, -121.68154, -3.11568
47.08964, -121.54493, -2.27307
47.08964, -121.40833, -1.62927
47.08964, -121.27172, -1.56670
47.08964, -121.13511, -1.89270
47.08964, -120.99851, -2.27065
47.08964, -120.86190, -2.61096
47.08964, -120.72529, -2.89415
47.08964, -120.58869, -3.09518
47.08964, -120.45208, -3.18739
47.08964, -120.31547, -3.15612
47.08964, -120.17887, -3.00892
47.08964, -120.04226, -2.79229
47.08964, -119.90565, -2.62052
47.08964, -119.76905, -2.63599
47.08964, -119.63244, -2.81888
47.08964, -119.49583, -2.99619
47.08964, -119.35922, -3.03997
47.08964, -119.22262, -2.90254
47.08964, -119.08601, -2.58887
47.08964, -118.94940, -2.16256
47.08964, -118.81280, -1.75224
47.08964, -118.67619, -1.44403
47.08964, -118.53958, -1.17118
47.08964, -118.40298, -0.86091
47.08964, -118.26637, -0.60251
47.08964, -118.12976, -0.59195
47.08964, -117.99316, -0.82642
47.08964, -117.85655, -1.14840
47.08964, -117.71994, -1.47854
47.08964, -117.58334, -1.78094
47.08964, -117.44673, -2.00700
47.08964, -117.31012, -2.10434
47.08964, -117.17352, -2.03283
47.08964, -117.03691, -1.76636
47.08964, -116.90030, -1.28908
47.08964, -116.76370, -0.59171
47.08964, -116.62709, 0.33140
47.08964, -116.49048, 1.48492
47.08964, -116.35388, 2.87436
47.19780, -125.09671, 4.87117
47.19780, -124.96010, 3.16049
47.19780, -124.82350, 1.66264
47.19780, -124.68689, 0.41577
47.19780, -124.55028, -0.56183
47.19780, -124.41368, -1.26438
47.19780, -124.27707, -1.69527
47.19780, -124.14046, -1.86918
47.19780, -124.00386, -1.82291
47.19780, -123.86725, -1.64764
47.19780, -123.73064, -1.55774
47.19780, -123.59404, -1.84411
47.19780, -123.45743, -2.47764
47.19780, -123.32082, -3.17529
47.19780, -123.18422, -3.78067
47.19780, -123.04761, -4.26706
47.19780, -122.91100, -4.66574
47.19780, -122.77439, -5.01626
47.19780, -122.63779, -5.32264
47.19780, -122.50118, -5.54677
47.19780, -122.36457, -5.64037
47.19780, -122.22797, -5.56946
47.19780, -122.09136, -5.31787
47.19780, -121.95475, -4.88342
47.19780, -121.81815, -4.27530
47.19780, -121.68154, -3.51618
47.19780, -121.54493, -2.66693
47.19780, -121.40833, -1.94207
47.19780, -121.27172, -1.74463
47.19780, -121.13511, -2.01255
47.19780, -120.99851, -2.38525
47.19780, -120.86190, -2.73541
47.19780, -120.72529, -3.03739
47.19780, -120.58869, -3.27089
47.19780, -120.45208, -3.40608
47.19780, -120.31547, -3.41173
47.19780, -120.17887, -3.27521
47.19780, -120.04226, -3.03455
47.19780, -119.90565, -2.82617
47.19780, -119.76905, -2.83404
47.19780, -119.63244, -3.02696
47.19780, -119.49583, -3.20123
47.19780, -119.35922, -3.22938
47.19780, -119.22262, -3.07368
47.19780, -119.08601, -2.74719
47.19780, -118.94940, -2.31787
47.19780, -118.81280, -1.90893
47.19780, -118.67619, -1.59091
47.19780, -118.53958, -1.29161
47.19780, -118.40298, -0.94379
47.19780, -118.26637, -0.65752
47.19780, -118.12976, -0.68449
47.19780, -117.99316, -1.02983
47.19780, -117.85655, -1.48129
47.19780, -117.71994, -1.91151
47.19780, -117.58334, -2.25491
47.19780, -117.44673, -2.46261
47.19780, -117.31012, -2.50102
47.19780, -117.17352, -2.35122
47.19780, -117.03691, -2.00388
47.19780, -116.90030, -1.45482
47.19780, -116.76370, -0.70201
47.19780, -116.62709, 0.25666
47.19780, -116.49048, 1.42555
47.19780, -116.35388, 2.81266
47.30596, -125.09671, 4.53925
47.30596, -124.96010, 3.08289
47.30596, -124.82350, 1.76173
47.30596, -124.68689, 0.62452
47.30596, -124.55028, -0.28677
47.30596, -124.41368, -0.94821
47.30596, -124.27707, -1.35286
47.30596, -124.14046, -1.51112
47.30596, -124.00386, -1.46143
47.30596, -123.86725, -1.30763
47.30596, -123.73064, -1.29214
47.30596, -123.59404, -1.68367
47.30596, -123.45743, -2.37111
47.30596, -123.32082, -3.07990
47.30596, -123.18422, -3.69397
47.30596, -123.04761, -4.21145
47.30596, -122.91100, -4.67099
47.30596, -122.77439, -5.09749
47.30596, -122.63779, -5.47114
47.30596, -122.50118, -5.74361
47.30596, -122.36457, -5.87011
47.30596, -122.22797, -5.82296
47.30596, -122.09136, -5.59057
47.30596, -121.95475, -5.17393
47.30596, -121.81815, -4.58428
47.30596, -121.68154, -3.84365
47.30596, -121.54493, -3.00030
47.30596, -121.40833, -2.21661
47.30596, -121.27172, -1.88119
47.30596, -121.13511, -2.09495
47.30596, -120.99851, -2.49741
47.30596, -120.86190, -2.89036
47.30596, -120.72529, -3.22117
47.30596, -120.58869, -3.47218
47.30596, -120.45208, -3.62149
47.30596, -120.31547, -3.63635
47.30596, -120.17887, -3.49518
47.30596, -120.04226, -3.22715
47.30596, -119.90565, -2.97324
47.30596, -119.76905, -2.95039
47.30596, -119.63244, -3.13872
47.30596, -119.49583, -3.31166
47.30596, -119.35922, -3.33466
47.30596, -119.22262, -3.17503
47.30596, -119.08601, -2.85277
47.30596, -118.94940, -2.43709
47.30596, -118.81280, -2.03707
47.30596, -118.67619, -1.70874
47.30596, -118.53958, -1.39379
47.30596, -118.40298, -1.04748
47.30596, -118.26637, -0.79335
47.30596, -118.12976, -0.88560
47.30596, -117.99316, -1.32284
47.30596, -117.85655, -1.87348
47.30596, -117.71994, -2.38077
47.30596, -117.58334, -2.76344
47.30596, -117.44673, -2.97506
47.30596, -117.31012, -2.99123
47.30596, -117.17352, -2.80192
47.30596, -117.03691, -2.40532
47.30596, -116.90030, -1.80355
47.30596, -116.76370, -1.00005
47.30596, -116.62709, 0.00259
47.30596, -116.49048, 1.20498
47.30596, -116.35388, 2.61287
47.41412, -125.09671, 3.92450
47.41412, -124.96010, 2.71619
47.41412, -124.82350, 1.65122
47.41412, -124.68689, 0.72851
47.41412, -124.55028, -0.02830
47.41412, -124.41368, -0.58854
47.41412, -124.27707, -0.93220
47.41412, -124.14046, -1.06126
47.41412, -124.00386, -1.01490
47.41412, -123.86725, -0.91044
47.41412, -123.73064, -0.99997
47.41412, -123.59404, -1.48749
47.41412, -123.45743, -2.20603
47.41412, -123.32082, -2.91823
47.41412, -123.18422, -3.54552
47.41412, -123.04761, -4.10479
47.41412, -122.91100, -4.63254
47.41412, -122.77439, -5.13168
47.41412, -122.63779, -5.56330
47.41412, -122.50118, -5.87637
47.41412, -122.36457, -6.03128
47.41412, -122.22797, -6.00502
47.41412, -122.09136, -5.78911
47.41412, -121.95475, -5.38689
47.41412, -121.81815, -4.81156
47.41412, -121.68154, -4.08543
47.41412, -121.54493, -3.24883
47.41412, -121.40833, -2.42540
47.41412, -121.27172, -1.97431
47.41412, -121.13511, -2.14647
47.41412, -120.99851, -2.59746
47.41412, -120.86190, -3.03813
47.41412, -120.72529, -3.38535
47.41412, -120.58869, -3.62949
47.41412, -120.45208, -3.76699
47.41412, -120.31547, -3.77525
47.41412, -120.17887, -3.63060
47.41412, -120.04226, -3.35149
47.41412, -119.90565, -3.06361
47.41412, -119.76905, -2.99331
47.41412, -119.63244, -3.15801
47.41412, -119.49583, -3.32884
47.41412, -119.35922, -3.35713
47.41412, -119.22262, -3.20847
47.41412, -119.08601, -2.90610
47.41412, -118.94940, -2.51505
47.41412, -118.81280, -2.12400
47.41412, -118.67619, -1.78024
47.41412, -118.53958, -1.45652
47.41412, -118.40298, -1.14145
47.41412, -118.26637, -0.95473
47.41412, -118.12976, -1.11132
47.41412, -117.99316, -1.61244
47.41412, -117.85655, -2.23196
47.41412, -117.71994, -2.79135
47.41412, -117.58334, -3.20098
47.41412, -117.44673, -3.41871
47.41412, -117.31012, -3.42646
47.41412, -117.17352, -3.21897
47.41412, -117.03691, -2.79762
47.41412, -116.90030, -2.16684
47.41412, -116.76370, -1.33208
47.41412, -116.62709, -0.29841
47.41412, -116.49048, 0.93127
47.41412, -116.35388, 2.35864
47.52228, -125.09671, 3.24007
47.52228, -124.96010, 2.15933
47.52228, -124.82350, 1.27571
47.52228, -124.68689, 0.57010
47.52228, -124.55028, 0.03108
47.52228, -124.41368, -0.34367
47.52228, -124.27707, -0.55388
47.52228, -124.14046, -0.61238
47.52228, -124.00386, -0.57127
47.52228, -123.86725, -0.56016
47.52228, -123.73064, -0.78345
47.52228, -123.59404, -1.32560
47.52228, -123.45743, -2.02623
47.52228, -123.32082, -2.71966
47.52228, -123.18422, -3.35873
47.52228, -123.04761, -3.96578
47.52228, -122.91100, -4.56095
47.52228, -122.77439, -5.12225
47.52228, -122.63779, -5.59984
47.52228, -122.50118, -5.94523
47.52228, -122.36457, -6.12355
47.52228, -122.22797, -6.11474
47.52228, -122.09136, -5.91204
47.52228, -121.95475, -5.52029
47.52228, -121.81815, -4.95425
47.52228, -121.68154, -4.23717
47.52228, -121.54493, -3.40572
47.52228, -121.40833, -2.55891
47.52228, -121.27172, -2.02515
47.52228, -121.13511, -2.16639
47.52228, -120.99851, -2.65957
47.52228, -120.86190, -3.13079
47.52228, -120.72529, -3.47566
47.52228, -120.58869, -3.69523
47.52228, -120.45208, -3.80722
47.52228, -120.31547, -3.80612
47.52228, -120.17887, -3.67117
47.52228, -120.04226, -3.40895
47.52228, -119.90565, -3.11328
47.52228, -119.76905, -2.98622
47.52228, -119.63244, -3.09939
47.52228, -119.49583, -3.25870
47.52228, -119.35922, -3.29877
47.52228, -119.22262, -3.17453
47.52228, -119.08601, -2.90673
47.52228, -118.94940, -2.55028
47.52228, -118.81280, -2.17047
47.52228, -118.67619, -1.81158
47.52228, -118.53958, -1.48900
47.52228, -118.40298, -1.22750
47.52228, -118.26637, -1.11583
47.52228, -118.12976, -1.31112
47.52228, -117.99316, -1.84250
47.52228, -117.85655, -2.50263
47.52228, -117.71994, -3.09258
47.52228, -117.58334, -3.51658
47.52228, -117.44673, -3.73641
47.52228, -117.31012, -3.73861
47.52228, -117.17352, -3.52113
47.52228, -117.03691, -3.08753
47.52228, -116.90030, -2.44376
47.52228, -116.76370, -1.59656
47.52228, -116.62709, -0.55256
47.52228, -116.49048, 0.68308
47.52228, -116.35388, 2.10948
47.63044, -125.09671, 2.64484
47.63044, -124.96010, 1.61732
47.63044, -124.82350, 0.81628
47.63044, -124.68689, 0.22983
47.63044, -124.55028, -0.15354
47.63044, -124.41368, -0.34941
47.63044, -124.27707, -0.38777
47.63044, -124.14046, -0.33160
47.63044, -124.00386, -0.29697
47.63044, -123.86725, -0.42717
47.63044, -123.73064, -0.78715
47.63044, -123.59404, -1.31943
47.63044, -123.45743, -1.92730
47.63044, -123.32082, -2.54796
47.63044, -123.18422, -3.17140
47.63044, -123.04761, -3.81217
47.63044, -122.91100, -4.45914
47.63044, -122.77439, -5.06514
47.63044, -122.63779, -5.57520
47.63044, -122.50118, -5.94457
47.63044, -122.36457, -6.14148
47.63044, -122.22797, -6.14714
47.63044, -122.09136, -5.95539
47.63044, -121.95475, -5.57164
47.63044, -121.81815, -5.01167
47.63044, -121.68154, -4.30038
47.63044, -121.54493, -3.47432
47.63044, -121.40833, -2.61921
47.63044, -121.27172, -2.03387
47.63044, -121.13511, -2.14061
47.63044, -120.99851, -2.64845
47.63044, -120.86190, -3.12631
47.63044, -120.72529, -3.45512
47.63044, -120.58869, -3.64355
47.63044, -120.45208, -3.72915
47.63044, -120.31547, -3.72754
47.63044, -120.17887, -3.62394
47.63044, -120.04226, -3.40986
47.63044, -119.90565, -3.13642
47.63044, -119.76905, -2.95415
47.63044, -119.63244, -2.98346
47.63044, -119.49583, -3.10937
47.63044, -119.35922, -3.15963
47.63044, -119.22262, -3.06919
47.63044, -119.08601, -2.84877
47.63044, -118.94940, -2.53759
47.63044, -118.81280, -2.17789
47.63044, -118.67619, -1.81529
47.63044, -118.53958, -1.50991
47.63044, -118.40298, -1.31327
47.63044, -118.26637, -1.26078
47.63044, -118.12976, -1.45896
47.63044, -117.99316, -1.98576
47.63044, -117.85655, -2.66035
47.63044, -117.71994, -3.26290
47.63044, -117.58334, -3.69052
47.63044, -117.44673, -3.90744
47.63044, -117.31012, -3.90339
47.63044, -117.17352, -3.67875
47.63044, -117.03691, -3.23903
47.63044, -116.90030, -2.59196
47.63044, -116.76370, -1.74607
47.63044, -116.62709, -0.70975
47.63044, -116.49048, 0.51054
47.63044, -116.35388, 1.91401
47.73860, -125.09671, 2.19510
47.73860, -124.96010, 1.19302
47.73860, -124.82350, 0.42931
47.73860, -124.68689, -0.10429
47.73860, -124.55028, -0.41519
47.73860, -124.41368, -0.51648
47.73860, -124.27707, -0.44596
47.73860, -124.14046, -0.30868
47.73860, -124.00386, -0.30615
47.73860, -123.86725, -0.57972
47.73860, -123.73064, -1.03418
47.73860, -123.59404, -1.52644
47.73860, -123.45743, -2.00599
47.73860, -123.32082, -2.49381
47.73860, -123.18422, -3.04058
47.73860, -123.04761, -3.66829
47.73860, -122.91100, -4.33240
47.73860, -122.77439, -4.95851
47.73860, -122.63779, -5.48538
47.73860, -122.50118, -5.86955
47.73860, -122.36457, -6.08007
47.73860, -122.22797, -6.09791
47.73860, -122.09136, -5.91629
47.73860, -121.95475, -5.54021
47.73860, -121.81815, -4.98587
47.73860, -121.68154, -4.28022
47.73860, -121.54493, -3.46277
47.73860, -121.40833, -2.61411
47.73860, -121.27172, -2.00113
47.73860, -121.13511, -2.05319
47.73860, -120.99851, -2.53634
47.73860, -120.86190, -2.99798
47.73860, -120.72529, -3.30324
47.73860, -120.58869, -3.46307
47.73860, -120.45208, -3.53235
47.73860, -120.31547, -3.54886
47.73860, -120.17887, -3.50106
47.73860, -120.04226, -3.35840
47.73860, -119.90565, -3.12800
47.73860, -119.76905, -2.90466
47.73860, -119.63244, -2.83025
47.73860, -119.49583, -2.89209
47.73860, -119.35922, -2.94071
47.73860, -119.22262, -2.88751
47.73860, -119.08601, -2.72381
47.73860, -118.94940, -2.46707
47.73860, -118.81280, -2.13875
47.73860, -118.67619, -1.78943
47.73860, -118.53958, -1.51701
47.73860, -118.40298, -1.38242
47.73860, -118.26637, -1.36567
47.73860, -118.12976, -1.54004
47.73860, -117.99316, -2.03329
47.73860, -117.85655, -2.69808
47.73860, -117.71994, -3.29688
47.73860, -117.58334, -3.71817
47.73860, -117.44673, -3.92683
47.73860, -117.31012, -3.91456
47.73860, -117.17352, -3.68355
47.73860, -117.03691, -3.24111
47.73860, -116.90030, -2.59705
47.73860, -116.76370, -1.76215
47.73860, -116.62709, -0.74656
47.73860, -116.49048, 0.44338
47.73860, -116.35388, 1.80998
47.84676, -125.09671, 1.90625
47.84676, -124.96010, 0.91871
47.84676, -124.82350, 0.17566
47.84676, -124.68689, -0.33084
47.84676, -124.55028, -0.60832
47.84676, -124.41368, -0.67095
47.84676, -124.27707, -0.56345
47.84676, -124.14046, -0.41956
47.84676, -124.00386, -0.48663
47.84676, -123.86725, -0.86402
47.84676, -123.73064, -1.36642
47.84676, -123.59404, -1.83262
47.84676, -123.45743, -2.22326
47.84676, -123.32082, -2.58320
47.84676, -123.18422, -3.00916
47.84676, -123.04761, -3.56405
47.84676, -122.91100, -4.19818
47.84676, -122.77439, -4.81327
47.84676, -122.63779, -5.33705
47.84676, -122.50118, -5.72364
47.84676, -122.36457, -5.94084
47.84676, -122.22797, -5.96780
47.84676, -122.09136, -5.79577
47.84676, -121.95475, -5.42814
47.84676, -121.81815, -4.88074
47.84676, -121.68154, -4.18292
47.84676, -121.54493, -3.37976
47.84676, -121.40833, -2.55278
47.84676, -121.27172, -1.93182
47.84676, -121.13511, -1.90182
47.84676, -120.99851, -2.31374
47.84676, -120.86190, -2.73570
47.84676, -120.72529, -3.01278
47.84676, -120.58869, -3.15253
47.84676, -120.45208, -3.22425
47.84676, -120.31547, -3.28266
47.84676, -120.17887, -3.30870
47.84676, -120.04226, -3.24396
47.84676, -119.90565, -3.06310
47.84676, -119.76905, -2.82109
47.84676, -119.63244, -2.65128
47.84676, -119.49583, -2.62372
47.84676, -119.35922, -2.64967
47.84676, -119.22262, -2.62929
47.84676, -119.08601, -2.52549
47.84676, -118.94940, -2.32678
47.84676, -118.81280, -2.03647
47.84676, -118.67619, -1.71262
47.84676, -118.53958, -1.48049
47.84676, -118.40298, -1.39778
47.84676, -118.26637, -1.40295
47.84676, -118.12976, -1.54708
47.84676, -117.99316, -1.98913
47.84676, -117.85655, -2.62109
47.84676, -117.71994, -3.19923
47.84676, -117.58334, -3.60356
47.84676, -117.44673, -3.79789
47.84676, -117.31012, -3.77475
47.84676, -117.17352, -3.53746
47.84676, -117.03691, -3.09479
47.84676, -116.90030, -2.45856
47.84676, -116.76370, -1.64169
47.84676, -116.62709, -0.65528
47.84676, -116.49048, 0.49645
47.84676, -116.35388, 1.82140
47.95492, -125.09671, 1.78148
47.95492, -124.96010, 0.80268
47.95492, -124.82350, 0.07292
47.95492, -124.68689, -0.41616
47.95492, -124.55028, -0.67411
47.95492, -124.41368, -0.71993
47.95492, -124.27707, -0.61067
47.95492, -124.14046, -0.50691
47.95492, -124.00386, -0.66204
47.95492, -123.86725, -1.10968
47.95492, -123.73064, -1.63515
47.95492, -123.59404, -2.09095
47.95492, -123.45743, -2.44156
47.95492, -123.32082, -2.72749
47.95492, -123.18422, -3.05255
47.95492, -123.04761, -3.51287
47.95492, -122.91100, -4.08243
47.95492, -122.77439, -4.65622
47.95492, -122.63779, -5.15283
47.95492, -122.50118, -5.52390
47.95492, -122.36457, -5.73591
47.95492, -122.22797, -5.76535
47.95492, -122.09136, -5.60003
47.95492, -121.95475, -5.24037
47.95492, -121.81815, -4.70104
47.95492, -121.68154, -4.01421
47.95492, -121.54493, -3.23337
47.95492, -121.40833, -2.44560
47.95492, -121.27172, -1.83805
47.95492, -121.13511, -1.70614
47.95492, -120.99851, -1.99417
47.95492, -120.86190, -2.34614
47.95492, -120.72529, -2.58920
47.95492, -120.58869, -2.72142
47.95492, -120.45208, -2.81981
47.95492, -120.31547, -2.94077
47.95492, -120.17887, -3.04375
47.95492, -120.04226, -3.04753
47.95492, -119.90565, -2.91365
47.95492, -119.76905, -2.67722
47.95492, -119.63244, -2.44716
47.95492, -119.49583, -2.32745
47.95492, -119.35922, -2.30602
47.95492, -119.22262, -2.30276
47.95492, -119.08601, -2.25157
47.95492, -118.94940, -2.10577
47.95492, -118.81280, -1.85230
47.95492, -118.67619, -1.55729
47.95492, -118.53958, -1.36513
47.95492, -118.40298, -1.32724
47.95492, -118.26637, -1.35657
47.95492, -118.12976, -1.48428
47.95492, -117.99316, -1.87023
47.95492, -117.85655, -2.44618
47.95492, -117.71994, -2.98363
47.95492, -117.58334, -3.35811
47.95492, -117.44673, -3.53082
47.95492, -117.31012, -3.49378
47.95492, -117.17352, -3.25046
47.95492, -117.03691, -2.81021
47.95492, -116.90030, -2.18595
47.95492, -116.76370, -1.39168
47.95492, -116.62709, -0.43796
47.95492, -116.49048, 0.67488
47.95492, -116.35388, 1.96112
48.06308, -125.09671, 1.82021
48.06308, -124.96010, 0.84596
48.06308, -124.82350, 0.12509
48.06308, -124.68689, -0.35119
48.06308, -124.55028, -0.59482
48.06308, -124.41368, -0.63152
48.06308, -124.27707, -0.53508
48.06308, -124.14046, -0.49267
48.06308, -124.00386, -0.73796
48.06308, -123.86725, -1.23580
48.06308, -123.73064, -1.77273
48.06308, -123.59404, -2.22494
48.06308, -123.45743, -2.56321
48.06308, -123.32082, -2.82294
48.06308, -123.18422, -3.09993
48.06308, -123.04761, -3.49587
48.06308, -122.91100, -4.00244
48.06308, -122.77439, -4.52062
48.06308, -122.63779, -4.96890
48.06308, -122.50118, -5.30228
48.06308, -122.36457, -5.49031
48.06308, -122.22797, -5.50867
48.06308, -122.09136, -5.34149
48.06308, -121.95475, -4.98520
48.06308, -121.81815, -4.45294
48.06308, -121.68154, -3.78099
48.06308, -121.54493, -3.03454
48.06308, -121.40833, -2.30823
48.06308, -121.27172, -1.73969
48.06308, -121.13511, -1.50654
48.06308, -120.99851, -1.61961
48.06308, -120.86190, -1.85802
48.06308, -120.72529, -2.05603
48.06308, -120.58869, -2.19634
48.06308, -120.45208, -2.34616
48.06308, -120.31547, -2.53736
48.06308, -120.17887, -2.70288
48.06308, -120.04226, -2.75669
48.06308, -119.90565, -2.66501
48.06308, -119.76905, -2.45698
48.06308, -119.63244, -2.21448
48.06308, -119.49583, -2.02965
48.06308, -119.35922, -1.94296
48.06308, -119.22262, -1.92652
48.06308, -119.08601, -1.90476
48.06308, -118.94940, -1.79680
48.06308, -118.81280, -1.57327
48.06308, -118.67619, -1.30647
48.06308, -118.53958, -1.15437
48.06308, -118.40298, -1.16438
48.06308, -118.26637, -1.23569
48.06308, -118.12976, -1.37554
48.06308, -117.99316, -1.71030
48.06308, -117.85655, -2.20483
48.06308, -117.71994, -2.67524
48.06308, -117.58334, -3.00273
48.06308, -117.44673, -3.14484
48.06308, -117.31012, -3.09104
48.06308, -117.17352, -2.84295
48.06308, -117.03691, -2.40834
48.06308, -116.90030, -1.79888
48.06308, -116.76370, -1.02760
48.06308, -116.62709, -0.10314
48.06308, -116.49048, 0.97804
48.06308, -116.35388, 2.23505
48.17124, -125.09671, 2.02051
48.17124, -124.96010, 1.04741
48.17124, -124.82350, 0.33212
48.17124, -124.68689, -0.13424
48.17124, -124.55028, -0.36596
48.17124, -124.41368, -0.39653
48.17124, -124.27707, -0.32005
48.17124, -124.14046, -0.34929
48.17124, -124.00386, -0.68051
48.17124, -123.86725, -1.21627
48.17124, -123.73064, -1.75909
48.17124, -123.59404, -2.21159
48.17124, -123.45743, -2.55415
48.17124, -123.32082, -2.82194
48.17124, -123.18422, -3.10235
48.17124, -123.04761, -3.48500
48.17124, -122.91100, -3.95910
48.17124, -122.77439, -4.43067
48.17124, -122.63779, -4.82357
48.17124, -122.50118, -5.10111
48.17124, -122.36457, -5.24232
48.17124, -122.22797, -5.22797
48.17124, -122.09136, -5.04179
48.17124, -121.95475, -4.67754
48.17124, -121.81815, -4.14808
48.17124, -121.68154, -3.49659
48.17124, -121.54493, -2.80302
48.17124, -121.40833, -2.16417
48.17124, -121.27172, -1.65854
48.17124, -121.13511, -1.34856
48.17124, -120.99851, -1.26206
48.17124, -120.86190, -1.33472
48.17124, -120.72529, -1.46870
48.17124, -120.58869, -1.63381
48.17124, -120.45208, -1.85195
48.17124, -120.31547, -2.10088
48.17124, -120.17887, -2.29929
48.17124, -120.04226, -2.37944
48.17124, -119.90565, -2.32457
48.17124, -119.76905, -2.16493
48.17124, -119.63244, -1.95674
48.17124, -119.49583, -1.75389
48.17124, -119.35922, -1.60259
48.17124, -119.22262, -1.53138
48.17124, -119.08601, -1.49634
48.17124, -118.94940, -1.40161
48.17124, -118.81280, -1.20190
48.17124, -118.67619, -0.97067
48.17124, -118.53958, -0.87033
48.17124, -118.40298, -0.94313
48.17124, -118.26637, -1.08354
48.17124, -118.12976, -1.26735
48.17124, -117.99316, -1.55965
48.17124, -117.85655, -1.94675
48.17124, -117.71994, -2.31630
48.17124, -117.58334, -2.57365
48.17124, -117.44673, -2.67420
48.17124, -117.31012, -2.60166
48.17124, -117.17352, -2.35153
48.17124, -117.03691, -1.92531
48.17124, -116.90030, -1.32932
48.17124, -116.76370, -0.57330
48.17124, -116.62709, 0.33547
48.17124, -116.49048, 1.40141
48.17124, -116.35388, 2.64478
48.27940, -125.09671, 2.38015
48.27940, -124.96010, 1.40539
48.27940, -124.82350, 0.69304
48.27940, -124.68689, 0.23443
48.27940, -124.55028, 0.01312
48.27940, -124.41368, -0.01309
48.27940, -124.27707, 0.03767
48.27940, -124.14046, -0.07106
48.27940, -124.00386, -0.48340
48.27940, -123.86725, -1.04969
48.27940, -123.73064, -1.59730
48.27940, -123.59404, -2.05701
48.27940, -123.45743, -2.42222
48.27940, -123.32082, -2.73099
48.27940, -123.18422, -3.06032
48.27940, -123.04761, -3.47565
48.27940, -122.91100, -3.95151
48.27940, -122.77439, -4.39796
48.27940, -122.63779, -4.74520
48.27940, -122.50118, -4.96284
48.27940, -122.36457, -5.03979
48.27940, -122.22797, -4.96760
48.27940, -122.09136, -4.73706
48.27940, -121.95475, -4.34541
48.27940, -121.81815, -3.81040
48.27940, -121.68154, -3.18717
48.27940, -121.54493, -2.56916
48.27940, -121.40833, -2.03743
48.27940, -121.27172, -1.60480
48.27940, -121.13511, -1.25318
48.27940, -120.99851, -0.99555
48.27940, -120.86190, -0.87683
48.27940, -120.72529, -0.92656
48.27940, -120.58869, -1.12552
48.27940, -120.45208, -1.40841
48.27940, -120.31547, -1.68386
48.27940, -120.17887, -1.87633
48.27940, -120.04226, -1.95336
48.27940, -119.90565, -1.92514
48.27940, -119.76905, -1.82720
48.27940, -119.63244, -1.68803
48.27940, -119.49583, -1.51274
48.27940, -119.35922, -1.31787
48.27940, -119.22262, -1.15759
48.27940, -119.08601, -1.05403
48.27940, -118.94940, -0.94384
48.27940, -118.81280, -0.77735
48.27940, -118.67619, -0.61764
48.27940, -118.53958, -0.59879
48.27940, -118.40298, -0.74586
48.27940, -118.26637, -0.96667
48.27940, -118.12976, -1.20587
48.27940, -117.99316, -1.46260
48.27940, -117.85655, -1.72969
48.27940, -117.71994, -1.96826
48.27940, -117.58334, -2.12985
48.27940, -117.44673, -2.17722
48.27940, -117.31012, -2.08508
48.27940, -117.17352, -1.83512
48.27940, -117.03691, -1.41521
48.27940, -116.90030, -0.82185
48.27940, -116.76370, -0.06088
48.27940, -116.62709, 0.85855
48.27940, -116.49048, 1.93598
48.27940, -116.35388, 3.18785
48.38756, -125.09671, 2.89740
48.38756, -124.96010, 1.91876
48.38756, -124.82350, 1.20724
48.38756, -124.68689, 0.75450
48.38756, -124.55028, 0.54189
48.38756, -124.41368, 0.51676
48.38756, -124.27707, 0.53154
48.38756, -124.14046, 0.33113
48.38756, -124.00386, -0.15943
48.38756, -123.86725, -0.75225
48.38756, -123.73064, -1.30894
48.38756, -123.59404, -1.79110
48.38756, -123.45743, -2.20718
48.38756, -123.32082, -2.59521
48.38756, -123.18422, -3.01188
48.38756, -123.04761, -3.48952
48.38756, -122.91100, -3.98890
48.38756, -122.77439, -4.42900
48.38756, -122.63779, -4.74733
48.38756, -122.50118, -4.91523
48.38756, -122.36457, -4.92529
48.38756, -122.22797, -4.77829
48.38756, -122.09136, -4.47762
48.38756, -121.95475, -4.03386
48.38756, -121.81815, -3.48036
48.38756, -121.68154, -2.89127
48.38756, -121.54493, -2.36323
48.38756, -121.40833, -1.93639
48.38756, -121.27172, -1.56641
48.38756, -121.13511, -1.19901
48.38756, -120.99851, -0.83436
48.38756, -120.86190, -0.56236
48.38756, -120.72529, -0.52830
48.38756, -120.58869, -0.74897
48.38756, -120.45208, -1.06879
48.38756, -120.31547, -1.33910
48.38756, -120.17887, -1.49455
48.38756, -120.04226, -1.53839
48.38756, -119.90565, -1.51780
48.38756, -119.76905, -1.48036
48.38756, -119.63244, -1.42204
48.38756, -119.49583, -1.29754
48.38756, -119.35922, -1.08614
48.38756, -119.22262, -0.83427
48.38756, -119.08601, -0.62548
48.38756, -118.94940, -0.48988
48.38756, -118.81280, -0.40733
48.38756, -118.67619, -0.38933
48.38756, -118.53958, -0.47098
48.38756, -118.40298, -0.66101
48.38756, -118.26637, -0.92343
48.38756, -118.12976, -1.19280
48.38756, -117.99316, -1.41750
48.38756, -117.85655, -1.58123
48.38756, -117.71994, -1.68953
48.38756, -117.58334, -1.74570
48.38756, -117.44673, -1.73443
48.38756, -117.31012, -1.62153
48.38756, -117.17352, -1.36710
48.38756, -117.03691, -0.94004
48.38756, -116.90030, -0.32601
48.38756, -116.76370, 0.47186
48.38756, -116.62709, 1.43928
48.38756, -116.49048, 2.56500
48.38756, -116.35388, 3.85552
48.49572, -125.09671, 3.57155
48.49572, -124.96010, 2.58748
48.49572, -124.82350, 1.87506
48.49572, -124.68689, 1.42588
48.49572, -124.55028, 1.21744
48.49572, -124.41368, 1.18024
48.49572, -124.27707, 1.12680
48.49572, -124.14046, 0.80706
48.49572, -124.00386, 0.24378
48.49572, -123.86725, -0.36772
48.49572, -123.73064, -0.94043
48.49572, -123.59404, -1.46916
48.49572, -123.45743, -1.97189
48.49572, -123.32082, -2.47309
48.49572, -123.18422, -2.99752
48.49572, -123.04761, -3.54701
48.49572, -122.91100, -4.07742
48.49572, -122.77439, -4.52054
48.49572, -122.63779, -4.82227
48.49572, -122.50118, -4.95437
48.49572, -122.36457, -4.90825
48.49572, -122.22797, -4.68757
48.49572, -122.09136, -4.30563
48.49572, -121.95475, -3.79090
48.49572, -121.81815, -3.20330
48.49572, -121.68154, -2.64276
48.49572, -121.54493, -2.19452
48.49572, -121.40833, -1.84466
48.49572, -121.27172, -1.51320
48.49572, -121.13511, -1.13852
48.49572, -120.99851, -0.71906
48.49572, -120.86190, -0.36000
48.49572, -120.72529, -0.26526
48.49572, -120.58869, -0.48203
48.49572, -120.45208, -0.80803
48.49572, -120.31547, -1.06163
48.49572, -120.17887, -1.17590
48.49572, -120.04226, -1.17394
48.49572, -119.90565, -1.14117
48.49572, -119.76905, -1.14670
48.49572, -119.63244, -1.15524
48.49572, -119.49583, -1.07752
48.49572, -119.35922, -0.86574
48.49572, -119.22262, -0.55061
48.49572, -119.08601, -0.25670
48.49572, -118.94940, -0.14328
48.49572, -118.81280, -0.22553
48.49572, -118.67619, -0.37767
48.49572, -118.53958, -0.52170
48.49572, -118.40298, -0.68830
48.49572, -118.26637, -0.92326
48.49572, -118.12976, -1.17988
48.49572, -117.99316, -1.37351
48.49572, -117.85655, -1.46927
48.49572, -117.71994, -1.48656
48.49572, -117.58334, -1.46234
48.49572, -117.44673, -1.40315
48.49572, -117.31012, -1.26705
48.49572, -117.17352, -0.99366
48.49572, -117.03691, -0.53703
48.49572, -116.90030, 0.12459
48.49572, -116.76370, 0.99065
48.49572, -116.62709, 2.04346
48.49572, -116.49048, 3.25942
48.49572, -116.35388, 4.62795
48.60387, -125.09671, 4.40322
48.60387, -124.96010, 3.41267
48.60387, -124.82350, 2.69717
48.60387, -124.68689, 2.24544
48.60387, -124.55028, 2.02118
48.60387, -124.41368, 1.91130
48.60387, -124.27707, 1.68114
48.60387, -124.14046, 1.19383
48.60387, -124.00386, 0.59330
48.60387, -123.86725, 0.00383
48.60387, -123.73064, -0.57117
48.60387, -123.59404, -1.16028
48.60387, -123.45743, -1.77106
48.60387, -123.32082, -2.39462
48.60387, -123.18422, -3.02298
48.60387, -123.04761, -3.63869
48.60387, -122.91100, -4.19809
48.60387, -122.77439, -4.64477
48.60387, -122.63779, -4.93364
48.60387, -122.50118, -5.03874
48.60387, -122.36457, -4.95017
48.60387, -122.22797, -4.67078
48.60387, -122.09136, -4.21743
48.60387, -121.95475, -3.63111
48.60387, -121.81815, -2.99776
48.60387, -121.68154, -2.44443
48.60387, -121.54493, -2.04147
48.60387, -121.40833, -1.72947
48.60387, -121.27172, -1.41054
48.60387, -121.13511, -1.02497
48.60387, -120.99851, -0.57356
48.60387, -120.86190, -0.16760
48.60387, -120.72529, -0.03042
48.60387, -120.58869, -0.22514
48.60387, -120.45208, -0.54141
48.60387, -120.31547, -0.78229
48.60387, -120.17887, -0.87117
48.60387, -120.04226, -0.83536
48.60387, -119.90565, -0.78659
48.60387, -119.76905, -0.81594
48.60387, -119.63244, -0.86571
48.60387, -119.49583, -0.81622
48.60387, -119.35922, -0.60612
48.60387, -119.22262, -0.26161
48.60387, -119.08601, 0.04829
48.60387, -118.94940, 0.04922
48.60387, -118.81280, -0.21888
48.60387, -118.67619, -0.48311
48.60387, -118.53958, -0.63819
48.60387, -118.40298, -0.74407
48.60387, -118.26637, -0.90416
48.60387, -118.12976, -1.11197
48.60387, -117.99316, -1.27151
48.60387, -117.85655, -1.32898
48.60387, -117.71994, -1.30291
48.60387, -117.58334, -1.24187
48.60387, -117.44673, -1.15720
48.60387, -117.31012, -0.99733
48.60387, -117.17352, -0.69148
48.60387, -117.03691, -0.18913
48.60387, -116.90030, 0.53423
48.60387, -116.76370, 1.48212
48.60387, -116.62709, 2.63991
48.60387, -116.49048, 3.97863
48.60387, -116.35388, 5.46855
48.71203, -125.09671, 5.39408
48.71203, -124.96010, 4.39529
48.71203, -124.82350, 3.66940
48.71203, -124.68689, 3.18743
48.71203, -124.55028, 2.85447
48.71203, -124.41368, 2.46321
48.71203, -124.27707, 1.87610
48.71203, -124.14046, 1.23238
48.71203, -124.00386, 0.67665
48.71203, -123.86725, 0.20068
48.71203, -123.73064, -0.30060
48.71203, -123.59404, -0.91242
48.71203, -123.45743, -1.61453
48.71203, -123.32082, -2.34305
48.71203, -123.18422, -3.05741
48.71203, -123.04761, -3.72639
48.71203, -122.91100, -4.30691
48.71203, -122.77439, -4.75225
48.71203, -122.63779, -5.02638
48.71203, -122.50118, -5.10764
48.71203, -122.36457, -4.98662
48.71203, -122.22797, -4.66527
48.71203, -122.09136, -4.16054
48.71203, -121.95475, -3.51777
48.71203, -121.81815, -2.83670
48.71203, -121.68154, -2.26395
48.71203, -121.54493, -1.86556
48.71203, -121.40833, -1.55669
48.71203, -121.27172, -1.22910
48.71203, -121.13511, -0.82436
48.71203, -120.99851, -0.34458
48.71203, -120.86190, 0.09776
48.71203, -120.72529, 0.27425
48.71203, -120.58869, 0.11017
48.71203, -120.45208, -0.19116
48.71203, -120.31547, -0.42514
48.71203, -120.17887, -0.50505
48.71203, -120.04226, -0.45738
48.71203, -119.90565, -0.40771
48.71203, -119.76905, -0.45661
48.71203, -119.63244, -0.52876
48.71203, -119.49583, -0.48914
48.71203, -119.35922, -0.27489
48.71203, -119.22262, 0.07640
48.71203, -119.08601, 0.33155
48.71203, -118.94940, 0.16461
48.71203, -118.81280, -0.24109
48.71203, -118.67619, -0.55836
48.71203, -118.53958, -0.70660
48.71203, -118.40298, -0.75386
48.71203, -118.26637, -0.82466
48.71203, -118.12976, -0.95837
48.71203, -117.99316, -1.07382
48.71203, -117.85655, -1.10606
48.71203, -117.71994, -1.06741
48.71203, -117.58334, -1.00264
48.71203, -117.44673, -0.91141
48.71203, -117.31012, -0.73107
48.71203, -117.17352, -0.38960
48.71203, -117.03691, 0.16056
48.71203, -116.90030, 0.94330
48.71203, -116.76370, 1.96605
48.71203, -116.62709, 3.22187
48.71203, -116.49048, 4.68792
48.71203, -116.35388, 6.32716
48.82019, -125.09671, 6.54483
48.82019, -124.96010, 5.52891
48.82019, -124.82350, 4.75614
48.82019, -124.68689, 4.11989
48.82019, -124.55028, 3.40663
48.82019, -124.41368, 2.52296
48.82019, -124.27707, 1.65099
48.82019, -124.14046, 0.95484
48.82019, -124.00386, 0.47290
48.82019, -123.86725, 0.14764
48.82019, -123.73064, -0.18745
48.82019, -123.59404, -0.73042
48.82019, -123.45743, -1.47541
48.82019, -123.32082, -2.28060
48.82019, -123.18422, -3.05871
48.82019, -123.04761, -3.76416
48.82019, -122.91100, -4.35486
48.82019, -122.77439, -4.79223
48.82019, -122.63779, -5.04842
48.82019, -122.50118, -5.10661
48.82019, -122.36457, -4.95924
48.82019, -122.22797, -4.60834
48.82019, -122.09136, -4.07031
48.82019, -121.95475, -3.38986
48.82019, -121.81815, -2.66737
48.82019, -121.68154, -2.05618
48.82019, -121.54493, -1.63019
48.82019, -121.40833, -1.29933
48.82019, -121.27172, -0.94760
48.82019, -121.13511, -0.51481
48.82019, -120.99851, -0.00226
48.82019, -120.86190, 0.48029
48.82019, -120.72529, 0.70231
48.82019, -120.58869, 0.57424
48.82019, -120.45208, 0.28964
48.82019, -120.31547, 0.05918
48.82019, -120.17887, -0.02269
48.82019, -120.04226, 0.01604
48.82019, -119.90565, 0.04137
48.82019, -119.76905, -0.03900
48.82019, -119.63244, -0.12809
48.82019, -119.49583, -0.08710
48.82019, -119.35922, 0.13880
48.82019, -119.22262, 0.48668
48.82019, -119.08601, 0.64474
48.82019, -118.94940, 0.31136
48.82019, -118.81280, -0.18260
48.82019, -118.67619, -0.52870
48.82019, -118.53958, -0.67496
48.82019, -118.40298, -0.68391
48.82019, -118.26637, -0.67382
48.82019, -118.12976, -0.71683
48.82019, -117.99316, -0.76922
48.82019, -117.85655, -0.77181
48.82019, -117.71994, -0.73088
48.82019, -117.58334, -0.67738
48.82019, -117.44673, -0.58951
48.82019, -117.31012, -0.39361
48.82019, -117.17352, -0.02058
48.82019, -117.03691, 0.57138
48.82019, -116.90030, 1.40364
48.82019, -116.76370, 2.48554
48.82019, -116.62709, 3.81706
48.82019, -116.49048, 5.38666
48.82019, -116.35388, 7.16665
48.92835, -125.09671, 7.84545
48.92835, -124.96010, 6.76456
48.92835, -124.82350, 5.78892
48.92835, -124.68689, 4.69994
48.92835, -124.55028, 3.46536
48.92835, -124.41368, 2.29425
48.92835, -124.27707, 1.33619
48.92835, -124.14046, 0.63819
48.92835, -124.00386, 0.19913
48.92835, -123.86725, -0.02666
48.92835, -123.73064, -0.19222
48.92835, -123.59404, -0.59172
48.92835, -123.45743, -1.32307
48.92835, -123.32082, -2.17304
48.92835, -123.18422, -2.98991
48.92835, -123.04761, -3.71324
48.92835, -122.91100, -4.30284
48.92835, -122.77439, -4.72647
48.92835, -122.63779, -4.96236
48.92835, -122.50118, -4.99797
48.92835, -122.36457, -4.82806
48.92835, -122.22797, -4.45563
48.92835, -122.09136, -3.89686
48.92835, -121.95475, -3.19379
48.92835, -121.81815, -2.43938
48.92835, -121.68154, -1.78184
48.92835, -121.54493, -1.30809
48.92835, -121.40833, -0.93851
48.92835, -121.27172, -0.55162
48.92835, -121.13511, -0.08280
48.92835, -120.99851, 0.46924
48.92835, -120.86190, 1.00051
48.92835, -120.72529, 1.27833
48.92835, -120.58869, 1.19192
48.92835, -120.45208, 0.92528
48.92835, -120.31547, 0.69648
48.92835, -120.17887, 0.60486
48.92835, -120.04226, 0.61544
48.92835, -119.90565, 0.58777
48.92835, -119.76905, 0.45657
48.92835, -119.63244, 0.34682
48.92835, -119.49583, 0.39284
48.92835, -119.35922, 0.63542
48.92835, -119.22262, 0.97754
48.92835, -119.08601, 1.02614
48.92835, -118.94940, 0.55428
48.92835, -118.81280, -0.00002
48.92835, -118.67619, -0.37109
48.92835, -118.53958, -0.52817
48.92835, -118.40298, -0.52461
48.92835, -118.26637, -0.45737
48.92835, -118.12976, -0.40578
48.92835, -117.99316, -0.36992
48.92835, -117.85655, -0.32109
48.92835, -117.71994, -0.26959
48.92835, -117.58334, -0.22789
48.92835, -117.44673, -0.14622
48.92835, -117.31012, 0.06106
48.92835, -117.17352, 0.45985
48.92835, -117.03691, 1.08621
48.92835, -116.90030, 1.95824
48.92835, -116.76370, 3.08524
48.92835, -116.62709, 4.47088
48.92835, -116.49048, 6.11237
48.92835, -116.35388, 7.99619
49.03651, -125.09671, 9.22915
49.03651, -124.96010, 7.89268
49.03651, -124.82350, 6.41298
49.03651, -124.68689, 4.82622
49.03651, -124.55028, 3.34814
49.03651, -124.41368, 2.10338
49.03651, -124.27707, 1.13038
49.03651, -124.14046, 0.43643
49.03651, -124.00386, 0.01557
49.03651, -123.86725, -0.16212
49.03651, -123.73064, -0.21448
49.03651, -123.59404, -0.46090
49.03651, -123.45743, -1.13316
49.03651, -123.32082, -1.99350
49.03651, -123.18422, -2.82270
49.03651, -123.04761, -3.54594
49.03651, -122.91100, -4.12472
49.03651, -122.77439, -4.53046
49.03651, -122.63779, -4.74495
49.03651, -122.50118, -4.75874
49.03651, -122.36457, -4.56892
49.03651, -122.22797, -4.17994
49.03651, -122.09136, -3.60817
49.03651, -121.95475, -2.89248
49.03651, -121.81815, -2.11498
49.03651, -121.68154, -1.41127
49.03651, -121.54493, -0.87985
49.03651, -121.40833, -0.46120
49.03651, -121.27172, -0.03165
49.03651, -121.13511, 0.47985
49.03651, -120.99851, 1.07830
49.03651, -120.86190, 1.66753
49.03651, -120.72529, 2.01298
49.03651, -120.58869, 1.97528
49.03651, -120.45208, 1.72805
49.03651, -120.31547, 1.49927
49.03651, -120.17887, 1.39010
49.03651, -120.04226, 1.35220
49.03651, -119.90565, 1.24334
49.03651, -119.76905, 1.04451
49.03651, -119.63244, 0.90876
49.03651, -119.49583, 0.95845
49.03651, -119.35922, 1.21838
49.03651, -119.22262, 1.55518
49.03651, -119.08601, 1.50074
49.03651, -118.94940, 0.92017
49.03651, -118.81280, 0.31799
49.03651, -118.67619, -0.08195
49.03651, -118.53958, -0.26365
49.03651, -118.40298, -0.27218
49.03651, -118.26637, -0.17921
49.03651, -118.12976, -0.04778
49.03651, -117.99316, 0.09551
49.03651, -117.85655, 0.23165
49.03651, -117.71994, 0.32134
49.03651, -117.58334, 0.36351
49.03651, -117.44673, 0.44154
49.03651, -117.31012, 0.65769
49.03651, -117.17352, 1.07717
49.03651, -117.03691, 1.73163
49.03651, -116.90030, 2.63607
49.03651, -116.76370, 3.79860
49.03651, -116.62709, 5.22398
49.03651, -116.49048, 6.91379
49.03651, -116.35388, 8.86421
49.14467, -125.09671, 10.44147
49.14467, -124.96010, 8.56786
49.14467, -124.82350, 6.63672
49.14467, -124.68689, 4.85422
49.14467, -124.55028, 3.31974
49.14467, -124.41368, 2.06222
49.14467, -124.27707, 1.08791
49.14467, -124.14046, 0.39635
49.14467, -124.00386, -0.01757
49.14467, -123.86725, -0.17459
49.14467, -123.73064, -0.16554
49.14467, -123.59404, -0.29285
49.14467, -123.45743, -0.88272
49.14467, -123.32082, -1.72111
49.14467, -123.18422, -2.53768
49.14467, -123.04761, -3.24493
49.14467, -122.91100, -3.80488
49.14467, -122.77439, -4.18987
49.14467, -122.63779, -4.38274
49.14467, -122.50118, -4.37572
49.14467, -122.36457, -4.16787
49.14467, -122.22797, -3.76529
49.14467, -122.09136, -3.18481
49.14467, -121.95475, -2.46212
49.14467, -121.81815, -1.66800
49.14467, -121.68154, -0.92227
49.14467, -121.54493, -0.33061
49.14467, -121.40833, 0.14235
49.14467, -121.27172, 0.61894
49.14467, -121.13511, 1.17799
49.14467, -120.99851, 1.82912
49.14467, -120.86190, 2.48497
49.14467, -120.72529, 2.91041
49.14467, -120.58869, 2.93020
49.14467, -120.45208, 2.70428
49.14467, -120.31547, 2.47319
49.14467, -120.17887, 2.33650
49.14467, -120.04226, 2.22704
49.14467, -119.90565, 2.01373
49.14467, -119.76905, 1.73983
49.14467, -119.63244, 1.57620
49.14467, -119.49583, 1.62667
49.14467, -119.35922, 1.90071
49.14467, -119.22262, 2.23120
49.14467, -119.08601, 2.08518
49.14467, -118.94940, 1.41775
49.14467, -118.81280, 0.77207
49.14467, -118.67619, 0.33770
49.14467, -118.53958, 0.12027
49.14467, -118.40298, 0.08116
49.14467, -118.26637, 0.17109
49.14467, -118.12976, 0.35289
49.14467, -117.99316, 0.60053
49.14467, -117.85655, 0.85863
49.14467, -117.71994, 1.03247
49.14467, -117.58334, 1.10222
49.14467, -117.44673, 1.18498
49.14467, -117.31012, 1.40956
49.14467, -117.17352, 1.84590
49.14467, -117.03691, 2.52354
49.14467, -116.90030, 3.45503
49.14467, -116.76370, 4.64698
49.14467, -116.62709, 6.10384
49.14467, -116.49048, 7.82863
49.14467, -116.35388, 9.82206
49.25283, -125.09671, 11.17301
49.25283, -124.96010, 8.90596
49.25283, -124.82350, 6.82187
49.25283, -124.68689, 4.99742
49.25283, -124.55028, 3.45374
49.25283, -124.41368, 2.19512
49.25283, -124.27707, 1.22135
49.25283, -124.14046, 0.53070
49.25283, -124.00386, 0.11891
49.25283, -123.86725, -0.03028
49.25283, -123.73064, 0.00796
49.25283, -123.59404, -0.04277
49.25283, -123.45743, -0.54975
49.25283, -123.32082, -1.34193
49.25283, -123.18422, -2.12435
49.25283, -123.04761, -2.80145
49.25283, -122.91100, -3.33545
49.25283, -122.77439, -3.69740
49.25283, -122.63779, -3.86882
49.25283, -122.50118, -3.84204
49.25283, -122.36457, -3.61744
49.25283, -122.22797, -3.20268
49.25283, -122.09136, -2.61518
49.25283, -121.95475, -1.88777
49.25283, -121.81815, -1.08073
49.25283, -121.68154, -0.29801
49.25283, -121.54493, 0.35189
49.25283, -121.40833, 0.88039
49.25283, -121.27172, 1.40542
49.25283, -121.13511, 2.01466
49.25283, -120.99851, 2.72339
49.25283, -120.86190, 3.45341
49.25283, -120.72529, 3.97126
49.25283, -120.58869, 4.05937
49.25283, -120.45208, 3.85722
49.25283, -120.31547, 3.62014
49.25283, -120.17887, 3.44216
49.25283, -120.04226, 3.23612
49.25283, -119.90565, 2.90508
49.25283, -119.76905, 2.55949
49.25283, -119.63244, 2.37035
49.25283, -119.49583, 2.41929
49.25283, -119.35922, 2.70244
49.25283, -119.22262, 3.02189
49.25283, -119.08601, 2.79067
49.25283, -118.94940, 2.04917
49.25283, -118.81280, 1.36114
49.25283, -118.67619, 0.88825
49.25283, -118.53958, 0.62871
49.25283, -118.40298, 0.54912
49.25283, -118.26637, 0.61747
49.25283, -118.12976, 0.81954
49.25283, -117.99316, 1.14511
49.25283, -117.85655, 1.53485
49.25283, -117.71994, 1.84370
49.25283, -117.58334, 1.98507
49.25283, -117.44673, 2.08894
49.25283, -117.31012, 2.32411
49.25283, -117.17352, 2.77480
49.25283, -117.03691, 3.47173
49.25283, -116.90030, 4.42615
49.25283, -116.76370, 5.64333
49.25283, -116.62709, 7.12689
49.25283, -116.49048, 8.87985
49.25283, -116.35388, 10.90439
49.36099, -125.09671, 11.63846
49.36099, -124.96010, 9.25477
49.36099, -124.82350, 7.14001
49.36099, -124.68689, 5.30926
49.36099, -124.55028, 3.76521
49.36099, -124.41368, 2.50728
49.36099, -124.27707, 1.53400
49.36099, -124.14046, 0.84340
49.36099, -124.00386, 0.43156
49.36099, -123.86725, 0.28406
49.36099, -123.73064, 0.33326
49.36099, -123.59404, 0.32342
49.36099, -123.45743, -0.11597
49.36099, -123.32082, -0.84900
49.36099, -123.18422, -1.58025
49.36099, -123.04761, -2.21418
49.36099, -122.91100, -2.71513
49.36099, -122.77439, -3.05178
49.36099, -122.63779, -3.20205
49.36099, -122.50118, -3.15647
49.36099, -122.36457, -2.91569
49.36099, -122.22797, -2.48863
49.36099, -122.09136, -1.89345
49.36099, -121.95475, -1.16066
49.36099, -121.81815, -0.34165
49.36099, -121.68154, 0.47397
49.36099, -121.54493, 1.17805
49.36099, -121.40833, 1.76047
49.36099, -121.27172, 2.33274
49.36099, -121.13511, 2.99223
49.36099, -120.99851, 3.76140
49.36099, -120.86190, 4.57151
49.36099, -120.72529, 5.19390
49.36099, -120.58869, 5.36353
49.36099, -120.45208, 5.18828
49.36099, -120.31547, 4.93938
49.36099, -120.17887, 4.70165
49.36099, -120.04226, 4.37563
49.36099, -119.90565, 3.92657
49.36099, -119.76905, 3.52024
49.36099, -119.63244, 3.31038
49.36099, -119.49583, 3.35668
49.36099, -119.35922, 3.64385
49.36099, -119.22262, 3.94332
49.36099, -119.08601, 3.62460
49.36099, -118.94940, 2.81559
49.36099, -118.81280, 2.08618
49.36099, -118.67619, 1.57354
49.36099, -118.53958, 1.27051
49.36099, -118.40298, 1.14823
49.36099, -118.26637, 1.18727
49.36099, -118.12976, 1.38924
49.36099, -117.99316, 1.75998
49.36099, -117.85655, 2.25923
49.36099, -117.71994, 2.73251
49.36099, -117.58334, 3.00142
49.36099, -117.44673, 3.15393
49.36099, -117.31012, 3.40563
49.36099, -117.17352, 3.86954
49.36099, -117.03691, 4.58273
49.36099, -116.90030, 5.55667
49.36099, -116.76370, 6.79577
49.36099, -116.62709, 8.30280
49.36099, -116.49048, 10.08023
49.36099, -116.35388, 12.13033
49.46915, -125.09671, 12.15578
49.46915, -124.96010, 9.75003
49.46915, -124.82350, 7.63109
49.46915, -124.68689, 5.80051
49.46915, -124.55028, 4.25740
49.46915, -124.41368, 3.00020
49.46915, -124.27707, 2.02711
49.46915, -124.14046, 1.33601
49.46915, -124.00386, 0.92303
49.46915, -123.86725, 0.77404
49.46915, -123.73064, 0.82345
49.46915, -123.59404, 0.82741
49.46915, -123.45743, 0.43249
49.46915, -123.32082, -0.24012
49.46915, -123.18422, -0.90923
49.46915, -123.04761, -1.48883
49.46915, -122.91100, -1.95004
49.46915, -122.77439, -2.25965
49.46915, -122.63779, -2.38966
49.46915, -122.50118, -2.32633
49.46915, -122.36457, -2.06897
49.46915, -122.22797, -1.62727
49.46915, -122.09136, -1.02048
49.46915, -121.95475, -0.27797
49.46915, -121.81815, 0.55550
49.46915, -121.68154, 1.40225
49.46915, -121.54493, 2.15641
49.46915, -121.40833, 2.78964
49.46915, -121.27172, 3.40608
49.46915, -121.13511, 4.11333
49.46915, -120.99851, 4.94305
49.46915, -120.86190, 5.83680
49.46915, -120.72529, 6.57487
49.46915, -120.58869, 6.84197
49.46915, -120.45208, 6.69760
49.46915, -120.31547, 6.42803
49.46915, -120.17887, 6.10755
49.46915, -120.04226, 5.64507
49.46915, -119.90565, 5.08961
49.46915, -119.76905, 4.63629
49.46915, -119.63244, 4.41094
49.46915, -119.49583, 4.45433
49.46915, -119.35922, 4.74094
49.46915, -119.22262, 5.00767
49.46915, -119.08601, 4.59230
49.46915, -118.94940, 3.71980
49.46915, -118.81280, 2.95128
49.46915, -118.67619, 2.40053
49.46915, -118.53958, 2.05638
49.46915, -118.40298, 1.89401
49.46915, -118.26637, 1.90310
49.46915, -118.12976, 2.09495
49.46915, -117.99316, 2.48605
49.46915, -117.85655, 3.05868
49.46915, -117.71994, 3.68790
49.46915, -117.58334, 4.13455
49.46915, -117.44673, 4.37636
49.46915, -117.31012, 4.65626
49.46915, -117.17352, 5.13402
49.46915, -117.03691, 5.86122
49.46915, -116.90030, 6.85174
49.46915, -116.76370, 8.10985
49.46915, -116.62709, 9.63767
49.46915, -116.49048, 11.43705
49.46915, -116.35388, 13.50984
49.57731, -125.09671, 12.83002
49.57731, -124.96010, 10.42156
49.57731, -124.82350, 8.30310
49.57731, -124.68689, 6.47359
49.57731, -124.55028, 4.93140
49.57731, -124.41368, 3.67467
49.57731, -124.27707, 2.70145
49.57731, -124.14046, 2.00950
49.57731, -124.00386, 1.59472
49.57731, -123.86725, 1.44233
49.57731, -123.73064, 1.48488
49.57731, -123.59404, 1.48199
49.57731, -123.45743, 1.10664
49.57731, -123.32082, 0.48585
49.57731, -123.18422, -0.11881
49.57731, -123.04761, -0.63849
49.57731, -122.91100, -1.05705
49.57731, -122.77439, -1.34128
49.57731, -122.63779, -1.45479
49.57731, -122.50118, -1.37606
49.57731, -122.36457, -1.10064
49.57731, -122.22797, -0.63809
49.57731, -122.09136, -0.00965
49.57731, -121.95475, 0.75384
49.57731, -121.81815, 1.61047
49.57731, -121.68154, 2.49119
49.57731, -121.54493, 3.29340
49.57731, -121.40833, 3.97430
49.57731, -121.27172, 4.63088
49.57731, -121.13511, 5.38139
49.57731, -120.99851, 6.26877
49.57731, -120.86190, 7.24648
49.57731, -120.72529, 8.10912
49.57731, -120.58869, 8.49253
49.57731, -120.45208, 8.38416
49.57731, -120.31547, 8.08107
49.57731, -120.17887, 7.65239
49.57731, -120.04226, 7.04871
49.57731, -119.90565, 6.40575
49.57731, -119.76905, 5.91838
49.57731, -119.63244, 5.68203
49.57731, -119.49583, 5.72261
49.57731, -119.35922, 6.00442
49.57731, -119.22262, 6.22230
49.57731, -119.08601, 5.69866
49.57731, -118.94940, 4.76701
49.57731, -118.81280, 3.96310
49.57731, -118.67619, 3.37776
49.57731, -118.53958, 2.99672
49.57731, -118.40298, 2.79884
49.57731, -118.26637, 2.78052
49.57731, -118.12976, 2.95885
49.57731, -117.99316, 3.35596
49.57731, -117.85655, 3.97061
49.57731, -117.71994, 4.72009
49.57731, -117.58334, 5.36632
49.57731, -117.44673, 5.74795
49.57731, -117.31012, 6.07611
49.57731, -117.17352, 6.57097
49.57731, -117.03691, 7.31080
49.57731, -116.90030, 8.31540
49.57731, -116.76370, 9.58982
49.57731, -116.62709, 11.13591
49.57731, -116.49048, 12.95501
49.57731, -116.35388, 15.04848
49.68547, -125.09671, 13.68317
49.68547, -124.96010, 11.27532
49.68547, -124.82350, 9.15791
49.68547, -124.68689, 7.32937
49.68547, -124.55028, 5.78784
49.68547, -124.41368, 4.53130
49.68547, -124.27707, 3.55767
49.68547, -124.14046, 2.86457
49.68547, -124.00386, 2.44755
49.68547, -123.86725, 2.29039
49.68547, -123.73064, 2.32072
49.68547, -123.59404, 2.29484
49.68547, -123.45743, 1.91633
49.68547, -123.32082, 1.33204
49.68547, -123.18422, 0.78290
49.68547, -123.04761, 0.31635
49.68547, -122.91100, -0.06851
49.68547, -122.77439, -0.33939
49.68547, -122.63779, -0.44787
49.68547, -122.50118, -0.36031
49.68547, -122.36457, -0.06529
49.68547, -122.22797, 0.42940
49.68547, -122.09136, 1.09977
49.68547, -121.95475, 1.90906
49.68547, -121.81815, 2.81089
49.68547, -121.68154, 3.73861
49.68547, -121.54493, 4.59251
49.68547, -121.40833, 5.31981
49.68547, -121.27172, 6.01258
49.68547, -121.13511, 6.80074
49.68547, -120.99851, 7.74024
49.68547, -120.86190, 8.79839
49.68547, -120.72529, 9.79051
49.68547, -120.58869, 10.31143
49.68547, -120.45208, 10.24572
49.68547, -120.31547, 9.89159
49.68547, -120.17887, 9.33122
49.68547, -120.04226, 8.59467
49.68547, -119.90565, 7.88494
49.68547, -119.76905, 7.37400
49.68547, -119.63244, 7.13008
49.68547, -119.49583, 7.16796
49.68547, -119.35922, 7.44055
49.68547, -119.22262, 7.59063
49.68547, -119.08601, 6.94915
49.68547, -118.94940, 5.96417
49.68547, -118.81280, 5.12940
49.68547, -118.67619, 4.51363
49.68547, -118.53958, 4.10027
49.68547, -118.40298, 3.87162
49.68547, -118.26637, 3.82927
49.68547, -118.12976, 3.99380
49.68547, -117.99316, 4.38989
49.68547, -117.85655, 5.02603
49.68547, -117.71994, 5.85518
49.68547, -117.58334, 6.68595
49.68547, -117.44673, 7.25533
49.68547, -117.31012, 7.66283
49.68547, -117.17352, 8.18202
49.68547, -117.03691, 8.93430
49.68547, -116.90030, 9.95097
49.68547, -116.76370, 11.23924
49.68547, -116.62709, 12.80114
49.68547, -116.49048, 14.63771
49.68547, -116.35388, 16.74993
49.79363, -125.09671, 14.71964
49.79363, -124.96010, 12.31275
49.79363, -124.82350, 10.19627
49.79363, -124.68689, 8.36844
49.79363, -124.55028, 6.82727
49.79363, -124.41368, 5.57064
49.79363, -124.27707, 4.59636
49.79363, -124.14046, 3.90186
49.79363, -124.00386, 3.48224
49.79363, -123.86725, 3.31915
49.79363, -123.73064, 3.33267
49.79363, -123.59404, 3.27086
49.79363, -123.45743, 2.87058
49.79363, -123.32082, 2.30418
49.79363, -123.18422, 1.78964
49.79363, -123.04761, 1.35009
49.79363, -122.91100, 0.96852
49.79363, -122.77439, 0.68200
49.79363, -122.63779, 0.55661
49.79363, -122.50118, 0.64044
49.79363, -122.36457, 0.95309
49.79363, -122.22797, 1.49100
49.79363, -122.09136, 2.23013
49.79363, -121.95475, 3.12635
49.79363, -121.81815, 4.11869
49.79363, -121.68154, 5.12847
49.79363, -121.54493, 6.05174
49.79363, -121.40833, 6.82975
49.79363, -121.27172, 7.55627
49.79363, -121.13511, 8.37632
49.79363, -120.99851, 9.36069
49.79363, -120.86190, 10.49201
49.79363, -120.72529, 11.61266
49.79363, -120.58869, 12.29291
49.79363, -120.45208, 12.27861
49.79363, -120.31547, 11.85147
49.79363, -120.17887, 11.14356
49.79363, -120.04226, 10.29272
49.79363, -119.90565, 9.53490
49.79363, -119.76905, 9.00811
49.79363, -119.63244, 8.75905
49.79363, -119.49583, 8.79420
49.79363, -119.35922, 9.05244
49.79363, -119.22262, 9.11373
49.79363, -119.08601, 8.35006
49.79363, -118.94940, 7.31878
49.79363, -118.81280, 6.45766
49.79363, -118.67619, 5.81536
49.79363, -118.53958, 5.37375
49.79363, -118.40298, 5.11841
49.79363, -118.26637, 5.05516
49.79363, -118.12976, 5.20681
49.79363, -117.99316, 5.59887
49.79363, -117.85655, 6.24481
49.79363, -117.71994, 7.12175
49.79363, -117.58334, 8.09728
49.79363, -117.44673, 8.88164
49.79363, -117.31012, 9.41071
49.79363, -117.17352, 9.96757
49.79363, -117.03691, 10.73386
49.79363, -116.90030, 11.76120
49.79363, -116.76370, 13.06117
49.79363, -116.62709, 14.63653
49.79363, -116.49048, 16.48830
49.79363, -116.35388, 18.61722
49.90179, -125.09671, 15.94052
49.90179, -124.96010, 13.53445
49.90179, -124.82350, 11.41865
49.90179, -124.68689, 9.59126
49.90179, -124.55028, 8.05020
49.90179, -124.41368, 6.79323
49.90179, -124.27707, 5.81806
49.90179, -124.14046, 5.12196
49.90179, -124.00386, 4.69939
49.90179, -123.86725, 4.52926
49.90179, -123.73064, 4.52168
49.90179, -123.59404, 4.41344
49.90179, -123.45743, 3.97716
49.90179, -123.32082, 3.40893
49.90179, -123.18422, 2.89757
49.90179, -123.04761, 2.43941
49.90179, -122.91100, 2.01247
49.90179, -122.77439, 1.67444
49.90179, -122.63779, 1.51148
49.90179, -122.50118, 1.57982
49.90179, -122.36457, 1.90259
49.90179, -122.22797, 2.48104
49.90179, -122.09136, 3.29803
49.90179, -121.95475, 4.31325
49.90179, -121.81815, 5.45498
49.90179, -121.68154, 6.61484
49.90179, -121.54493, 7.65617
49.90179, -121.40833, 8.50410
49.90179, -121.27172, 9.26609
49.90179, -121.13511, 10.11323
49.90179, -120.99851, 11.13462
49.90179, -120.86190, 12.32907
49.90179, -120.72529, 13.57043
49.90179, -120.58869, 14.42897
49.90179, -120.45208, 14.47747
49.90179, -120.31547, 13.95293
49.90179, -120.17887, 13.09393
49.90179, -120.04226, 12.15220
49.90179, -119.90565, 11.36116
49.90179, -119.76905, 10.82392
49.90179, -119.63244, 10.57135
49.90179, -119.49583, 10.60346
49.90179, -119.35922, 10.84101
49.90179, -119.22262, 10.79171
49.90179, -119.08601, 9.90802
49.90179, -118.94940, 8.83781
49.90179, -118.81280, 7.95424
49.90179, -118.67619, 7.28860
49.90179, -118.53958, 6.82195
49.90179, -118.40298, 6.54314
49.90179, -118.26637, 6.46161
49.90179, -118.12976, 6.60161
49.90179, -117.99316, 6.98858
49.90179, -117.85655, 7.63818
49.90179, -117.71994, 8.54200
49.90179, -117.58334, 9.61758
49.90179, -117.44673, 10.61181
49.90179, -117.31012, 11.30971
49.90179, -117.17352, 11.92637
49.90179, -117.03691, 12.71093
49.90179, -116.90030, 13.74838
49.90179, -116.76370, 15.05827
49.90179, -116.62709, 16.64495
49.90179, -116.49048, 18.50970
49.90179, -116.35388, 20.65318
