45.53376, -124.60809, 0
45.53376, -124.49426, 1
45.53376, -124.38042, 2
45.53376, -124.26658, 3
45.53376, -124.15274, 4
45.53376, -124.03890, 5
45.53376, -123.92506, 6
45.53376, -123.81122, 7
45.53376, -123.69738, 8
45.53376, -123.58354, 9
45.53376, -123.46970, 10
45.53376, -123.35587, 11
45.53376, -123.24203, 12
45.53376, -123.12819, 13
45.53376, -123.01435, 14
45.53376, -122.90051, 15
45.53376, -122.78667, 16
45.53376, -122.67283, 17
45.53376, -122.55899, 18
45.53376, -122.44515, 19
45.53376, -122.33131, 20
45.53376, -122.21748, 21
45.53376, -122.10364, 22
45.53376, -121.98980, 23
45.53376, -121.87596, 24
45.53376, -121.76212, 25
45.53376, -121.64828, 26
45.53376, -121.53444, 27
45.53376, -121.42060, 28
45.53376, -121.30676, 29
45.53376, -121.19292, 30
45.53376, -121.07909, 31
45.53376, -120.96525, 32
45.53376, -120.85141, 33
45.53376, -120.73757, 34
45.53376, -120.62373, 35
45.53376, -120.50989, 36
45.53376, -120.39605, 37
45.53376, -120.28221, 38
45.53376, -120.16837, 39
45.53376, -120.05453, 40
45.53376, -119.94070, 41
45.53376, -119.82686, 42
45.53376, -119.71302, 43
45.53376, -119.59918, 44
45.53376, -119.48534, 45
45.53376, -119.37150, 46
45.53376, -119.25766, 47
45.53376, -119.14382, 48
45.53376, -119.02998, 49
45.53376, -118.91614, 50
45.53376, -118.80231, 51
45.53376, -118.68847, 52
45.53376, -118.57463, 53
45.53376, -118.46079, 54
45.53376, -118.34695, 55
45.53376, -118.23311, 56
45.53376, -118.11927, 57
45.53376, -118.00543, 58
45.53376, -117.89159, 59
45.53376, -117.77775, 60
45.53376, -117.66392, 61
45.53376, -117.55008, 62
45.53376, -117.43624, 63
45.53376, -117.32240, 64
45.53376, -117.20856, 65
45.53376, -117.09472, 66
45.53376, -116.98088, 67
45.53376, -116.89882, 68
45.62389, -124.60809, 69
45.62389, -124.49426, 70
45.62389, -124.38042, 71
45.62389, -124.26658, 72
45.62389, -124.15274, 73
45.62389, -124.03890, 74
45.62389, -123.92506, 75
45.62389, -123.81122, 76
45.62389, -123.69738, 77
45.62389, -123.58354, 78
45.62389, -123.46970, 79
45.62389, -123.35587, 80
45.62389, -123.24203, 81
45.62389, -123.12819, 82
45.62389, -123.01435, 83
45.62389, -122.90051, 84
45.62389, -122.78667, 85
45.62389, -122.67283, 86
45.62389, -122.55899, 87
45.62389, -122.44515, 88
45.62389, -122.33131, 89
45.62389, -122.21748, 90
45.62389, -122.10364, 91
45.62389, -121.98980, 92
45.62389, -121.87596, 93
45.62389, -121.76212, 94
45.62389, -121.64828, 95
45.62389, -121.53444, 96
45.62389, -121.42060, 97
45.62389, -121.30676, 98
45.62389, -121.19292, 99
45.62389, -121.07909, 100
45.62389, -120.96525, 101
45.62389, -120.85141, 102
45.62389, -120.73757, 103
45.62389, -120.62373, 104
45.62389, -120.50989, 105
45.62389, -120.39605, 106
45.62389, -120.28221, 107
45.62389, -120.16837, 108
45.62389, -120.05453, 109
45.62389, -119.94070, 110
45.62389, -119.82686, 111
45.62389, -119.71302, 112
45.62389, -119.59918, 113
45.62389, -119.48534, 114
45.62389, -119.37150, 115
45.62389, -119.25766, 116
45.62389, -119.14382, 117
45.62389, -119.02998, 118
45.62389, -118.91614, 119
45.62389, -118.80231, 120
45.62389, -118.68847, 121
45.62389, -118.57463, 122
45.62389, -118.46079, 123
45.62389, -118.34695, 124
45.62389, -118.23311, 125
45.62389, -118.11927, 126
45.62389, -118.00543, 127
45.62389, -117.89159, 128
45.62389, -117.77775, 129
45.62389, -117.66392, 130
45.62389, -117.55008, 131
45.62389, -117.43624, 132
45.62389, -117.32240, 133
45.62389, -117.20856, 134
45.62389, -117.09472, 135
45.62389, -116.98088, 136
45.62389, -116.89882, 137
45.71402, -124.60809, 138
45.71402, -124.49426, 139
45.71402, -124.38042, 140
45.71402, -124.26658, 141
45.71402, -124.15274, 142
45.71402, -124.03890, 143
45.71402, -123.92506, 144
45.71402, -123.81122, 145
45.71402, -123.69738, 146
45.71402, -123.58354, 147
45.71402, -123.46970, 148
45.71402, -123.35587, 149
45.71402, -123.24203, 150
45.71402, -123.12819, 151
45.71402, -123.01435, 152
45.71402, -122.90051, 153
45.71402, -122.78667, 154
45.71402, -122.67283, 155
45.71402, -122.55899, 156
45.71402, -122.44515, 157
45.71402, -122.33131, 158
45.71402, -122.21748, 159
45.71402, -122.10364, 160
45.71402, -121.98980, 161
45.71402, -121.87596, 162
45.71402, -121.76212, 163
45.71402, -121.64828, 164
45.71402, -121.53444, 165
45.71402, -121.42060, 166
45.71402, -121.30676, 167
45.71402, -121.19292, 168
45.71402, -121.07909, 169
45.71402, -120.96525, 170
45.71402, -120.85141, 171
45.71402, -120.73757, 172
45.71402, -120.62373, 173
45.71402, -120.50989, 174
45.71402, -120.39605, 175
45.71402, -120.28221, 176
45.71402, -120.16837, 177
45.71402, -120.05453, 178
45.71402, -119.94070, 179
45.71402, -119.82686, 180
45.71402, -119.71302, 181
45.71402, -119.59918, 182
45.71402, -119.48534, 183
45.71402, -119.37150, 184
45.71402, -119.25766, 185
45.71402, -119.14382, 186
45.71402, -119.02998, 187
45.71402, -118.91614, 188
45.71402, -118.80231, 189
45.71402, -118.68847, 190
45.71402, -118.57463, 191
45.71402, -118.46079, 192
45.71402, -118.34695, 193
45.71402, -118.23311, 194
45.71402, -118.11927, 195
45.71402, -118.00543, 196
45.71402, -117.89159, 197
45.71402, -117.77775, 198
45.71402, -117.66392, 199
45.71402, -117.55008, 200
45.71402, -117.43624, 201
45.71402, -117.32240, 202
45.71402, -117.20856, 203
45.71402, -117.09472, 204
45.71402, -116.98088, 205
45.71402, -116.89882, 206
45.80415, -124.60809, 207
45.80415, -124.49426, 208
45.80415, -124.38042, 209
45.80415, -124.26658, 210
45.80415, -124.15274, 211
45.80415, -124.03890, 212
45.80415, -123.92506, 213
45.80415, -123.81122, 214
45.80415, -123.69738, 215
45.80415, -123.58354, 216
45.80415, -123.46970, 217
45.80415, -123.35587, 218
45.80415, -123.24203, 219
45.80415, -123.12819, 220
45.80415, -123.01435, 221
45.80415, -122.90051, 222
45.80415, -122.78667, 223
45.80415, -122.67283, 224
45.80415, -122.55899, 225
45.80415, -122.44515, 226
45.80415, -122.33131, 227
45.80415, -122.21748, 228
45.80415, -122.10364, 229
45.80415, -121.98980, 230
45.80415, -121.87596, 231
45.80415, -121.76212, 232
45.80415, -121.64828, 233
45.80415, -121.53444, 234
45.80415, -121.42060, 235
45.80415, -121.30676, 236
45.80415, -121.19292, 237
45.80415, -121.07909, 238
45.80415, -120.96525, 239
45.80415, -120.85141, 240
45.80415, -120.73757, 241
45.80415, -120.62373, 242
45.80415, -120.50989, 243
45.80415, -120.39605, 244
45.80415, -120.28221, 245
45.80415, -120.16837, 246
45.80415, -120.05453, 247
45.80415, -119.94070, 248
45.80415, -119.82686, 249
45.80415, -119.71302, 250
45.80415, -119.59918, 251
45.80415, -119.48534, 252
45.80415, -119.37150, 253
45.80415, -119.25766, 254
45.80415, -119.14382, 255
45.80415, -119.02998, 256
45.80415, -118.91614, 257
45.80415, -118.80231, 258
45.80415, -118.68847, 259
45.80415, -118.57463, 260
45.80415, -118.46079, 261
45.80415, -118.34695, 262
45.80415, -118.23311, 263
45.80415, -118.11927, 264
45.80415, -118.00543, 265
45.80415, -117.89159, 266
45.80415, -117.77775, 267
45.80415, -117.66392, 268
45.80415, -117.55008, 269
45.80415, -117.43624, 270
45.80415, -117.32240, 271
45.80415, -117.20856, 272
45.80415, -117.09472, 273
45.80415, -116.98088, 274
45.80415, -116.89882, 275
45.89429, -124.60809, 276
45.89429, -124.49426, 277
45.89429, -124.38042, 278
45.89429, -124.26658, 279
45.89429, -124.15274, 280
45.89429, -124.03890, 281
45.89429, -123.92506, 282
45.89429, -123.81122, 283
45.89429, -123.69738, 284
45.89429, -123.58354, 285
45.89429, -123.46970, 286
45.89429, -123.35587, 287
45.89429, -123.24203, 288
45.89429, -123.12819, 289
45.89429, -123.01435, 290
45.89429, -122.90051, 291
45.89429, -122.78667, 292
45.89429, -122.67283, 293
45.89429, -122.55899, 294
45.89429, -122.44515, 295
45.89429, -122.33131, 296
45.89429, -122.21748, 297
45.89429, -122.10364, 298
45.89429, -121.98980, 299
45.89429, -121.87596, 300
45.89429, -121.76212, 301
45.89429, -121.64828, 302
45.89429, -121.53444, 303
45.89429, -121.42060, 304
45.89429, -121.30676, 305
45.89429, -121.19292, 306
45.89429, -121.07909, 307
45.89429, -120.96525, 308
45.89429, -120.85141, 309
45.89429, -120.73757, 310
45.89429, -120.62373, 311
45.89429, -120.50989, 312
45.89429, -120.39605, 313
45.89429, -120.28221, 314
45.89429, -120.16837, 315
45.89429, -120.05453, 316
45.89429, -119.94070, 317
45.89429, -119.82686, 318
45.89429, -119.71302, 319
45.89429, -119.59918, 320
45.89429, -119.48534, 321
45.89429, -119.37150, 322
45.89429, -119.25766, 323
45.89429, -119.14382, 324
45.89429, -119.02998, 325
45.89429, -118.91614, 326
45.89429, -118.80231, 327
45.89429, -118.68847, 328
45.89429, -118.57463, 329
45.89429, -118.46079, 330
45.89429, -118.34695, 331
45.89429, -118.23311, 332
45.89429, -118.11927, 333
45.89429, -118.00543, 334
45.89429, -117.89159, 335
45.89429, -117.77775, 336
45.89429, -117.66392, 337
45.89429, -117.55008, 338
45.89429, -117.43624, 339
45.89429, -117.32240, 340
45.89429, -117.20856, 341
45.89429, -117.09472, 342
45.89429, -116.98088, 343
45.89429, -116.89882, 344
45.98442, -124.60809, 345
45.98442, -124.49426, 346
45.98442, -124.38042, 347
45.98442, -124.26658, 348
45.98442, -124.15274, 349
45.98442, -124.03890, 350
45.98442, -123.92506, 351
45.98442, -123.81122, 352
45.98442, -123.69738, 353
45.98442, -123.58354, 354
45.98442, -123.46970, 355
45.98442, -123.35587, 356
45.98442, -123.24203, 357
45.98442, -123.12819, 358
45.98442, -123.01435, 359
45.98442, -122.90051, 360
45.98442, -122.78667, 361
45.98442, -122.67283, 362
45.98442, -122.55899, 363
45.98442, -122.44515, 364
45.98442, -122.33131, 365
45.98442, -122.21748, 366
45.98442, -122.10364, 367
45.98442, -121.98980, 368
45.98442, -121.87596, 369
45.98442, -121.76212, 370
45.98442, -121.64828, 371
45.98442, -121.53444, 372
45.98442, -121.42060, 373
45.98442, -121.30676, 374
45.98442, -121.19292, 375
45.98442, -121.07909, 376
45.98442, -120.96525, 377
45.98442, -120.85141, 378
45.98442, -120.73757, 379
45.98442, -120.62373, 380
45.98442, -120.50989, 381
45.98442, -120.39605, 382
45.98442, -120.28221, 383
45.98442, -120.16837, 384
45.98442, -120.05453, 385
45.98442, -119.94070, 386
45.98442, -119.82686, 387
45.98442, -119.71302, 388
45.98442, -119.59918, 389
45.98442, -119.48534, 390
45.98442, -119.37150, 391
45.98442, -119.25766, 392
45.98442, -119.14382, 393
45.98442, -119.02998, 394
45.98442, -118.91614, 395
45.98442, -118.80231, 396
45.98442, -118.68847, 397
45.98442, -118.57463, 398
45.98442, -118.46079, 399
45.98442, -118.34695, 400
45.98442, -118.23311, 401
45.98442, -118.11927, 402
45.98442, -118.00543, 403
45.98442, -117.89159, 404
45.98442, -117.77775, 405
45.98442, -117.66392, 406
45.98442, -117.55008, 407
45.98442, -117.43624, 408
45.98442, -117.32240, 409
45.98442, -117.20856, 410
45.98442, -117.09472, 411
45.98442, -116.98088, 412
45.98442, -116.89882, 413
46.07455, -124.60809, 414
46.07455, -124.49426, 415
46.07455, -124.38042, 416
46.07455, -124.26658, 417
46.07455, -124.15274, 418
46.07455, -124.03890, 419
46.07455, -123.92506, 420
46.07455, -123.81122, 421
46.07455, -123.69738, 422
46.07455, -123.58354, 423
46.07455, -123.46970, 424
46.07455, -123.35587, 425
46.07455, -123.24203, 426
46.07455, -123.12819, 427
46.07455, -123.01435, 428
46.07455, -122.90051, 429
46.07455, -122.78667, 430
46.07455, -122.67283, 431
46.07455, -122.55899, 432
46.07455, -122.44515, 433
46.07455, -122.33131, 434
46.07455, -122.21748, 435
46.07455, -122.10364, 436
46.07455, -121.98980, 437
46.07455, -121.87596, 438
46.07455, -121.76212, 439
46.07455, -121.64828, 440
46.07455, -121.53444, 441
46.07455, -121.42060, 442
46.07455, -121.30676, 443
46.07455, -121.19292, 444
46.07455, -121.07909, 445
46.07455, -120.96525, 446
46.07455, -120.85141, 447
46.07455, -120.73757, 448
46.07455, -120.62373, 449
46.07455, -120.50989, 450
46.07455, -120.39605, 451
46.07455, -120.28221, 452
46.07455, -120.16837, 453
46.07455, -120.05453, 454
46.07455, -119.94070, 455
46.07455, -119.82686, 456
46.07455, -119.71302, 457
46.07455, -119.59918, 458
46.07455, -119.48534, 459
46.07455, -119.37150, 460
46.07455, -119.25766, 461
46.07455, -119.14382, 462
46.07455, -119.02998, 463
46.07455, -118.91614, 464
46.07455, -118.80231, 465
46.07455, -118.68847, 466
46.07455, -118.57463, 467
46.07455, -118.46079, 468
46.07455, -118.34695, 469
46.07455, -118.23311, 470
46.07455, -118.11927, 471
46.07455, -118.00543, 472
46.07455, -117.89159, 473
46.07455, -117.77775, 474
46.07455, -117.66392, 475
46.07455, -117.55008, 476
46.07455, -117.43624, 477
46.07455, -117.32240, 478
46.07455, -117.20856, 479
46.07455, -117.09472, 480
46.07455, -116.98088, 481
46.07455, -116.89882, 482
46.16469, -124.60809, 483
46.16469, -124.49426, 484
46.16469, -124.38042, 485
46.16469, -124.26658, 486
46.16469, -124.15274, 487
46.16469, -124.03890, 488
46.16469, -123.92506, 489
46.16469, -123.81122, 490
46.16469, -123.69738, 491
46.16469, -123.58354, 492
46.16469, -123.46970, 493
46.16469, -123.35587, 494
46.16469, -123.24203, 495
46.16469, -123.12819, 496
46.16469, -123.01435, 497
46.16469, -122.90051, 498
46.16469, -122.78667, 499
46.16469, -122.67283, 500
46.16469, -122.55899, 501
46.16469, -122.44515, 502
46.16469, -122.33131, 503
46.16469, -122.21748, 504
46.16469, -122.10364, 505
46.16469, -121.98980, 506
46.16469, -121.87596, 507
46.16469, -121.76212, 508
46.16469, -121.64828, 509
46.16469, -121.53444, 510
46.16469, -121.42060, 511
46.16469, -121.30676, 512
46.16469, -121.19292, 513
46.16469, -121.07909, 514
46.16469, -120.96525, 515
46.16469, -120.85141, 516
46.16469, -120.73757, 517
46.16469, -120.62373, 518
46.16469, -120.50989, 519
46.16469, -120.39605, 520
46.16469, -120.28221, 521
46.16469, -120.16837, 522
46.16469, -120.05453, 523
46.16469, -119.94070, 524
46.16469, -119.82686, 525
46.16469, -119.71302, 526
46.16469, -119.59918, 527
46.16469, -119.48534, 528
46.16469, -119.37150, 529
46.16469, -119.25766, 530
46.16469, -119.14382, 531
46.16469, -119.02998, 532
46.16469, -118.91614, 533
46.16469, -118.80231, 534
46.16469, -118.68847, 535
46.16469, -118.57463, 536
46.16469, -118.46079, 537
46.16469, -118.34695, 538
46.16469, -118.23311, 539
46.16469, -118.11927, 540
46.16469, -118.00543, 541
46.16469, -117.89159, 542
46.16469, -117.77775, 543
46.16469, -117.66392, 544
46.16469, -117.55008, 545
46.16469, -117.43624, 546
46.16469, -117.32240, 547
46.16469, -117.20856, 548
46.16469, -117.09472, 549
46.16469, -116.98088, 550
46.16469, -116.89882, 551
46.25482, -124.60809, 552
46.25482, -124.49426, 553
46.25482, -124.38042, 554
46.25482, -124.26658, 555
46.25482, -124.15274, 556
46.25482, -124.03890, 557
46.25482, -123.92506, 558
46.25482, -123.81122, 559
46.25482, -123.69738, 560
46.25482, -123.58354, 561
46.25482, -123.46970, 562
46.25482, -123.35587, 563
46.25482, -123.24203, 564
46.25482, -123.12819, 565
46.25482, -123.01435, 566
46.25482, -122.90051, 567
46.25482, -122.78667, 568
46.25482, -122.67283, 569
46.25482, -122.55899, 570
46.25482, -122.44515, 571
46.25482, -122.33131, 572
46.25482, -122.21748, 573
46.25482, -122.10364, 574
46.25482, -121.98980, 575
46.25482, -121.87596, 576
46.25482, -121.76212, 577
46.25482, -121.64828, 578
46.25482, -121.53444, 579
46.25482, -121.42060, 580
46.25482, -121.30676, 581
46.25482, -121.19292, 582
46.25482, -121.07909, 583
46.25482, -120.96525, 584
46.25482, -120.85141, 585
46.25482, -120.73757, 586
46.25482, -120.62373, 587
46.25482, -120.50989, 588
46.25482, -120.39605, 589
46.25482, -120.28221, 590
46.25482, -120.16837, 591
46.25482, -120.05453, 592
46.25482, -119.94070, 593
46.25482, -119.82686, 594
46.25482, -119.71302, 595
46.25482, -119.59918, 596
46.25482, -119.48534, 597
46.25482, -119.37150, 598
46.25482, -119.25766, 599
46.25482, -119.14382, 600
46.25482, -119.02998, 601
46.25482, -118.91614, 602
46.25482, -118.80231, 603
46.25482, -118.68847, 604
46.25482, -118.57463, 605
46.25482, -118.46079, 606
46.25482, -118.34695, 607
46.25482, -118.23311, 608
46.25482, -118.11927, 609
46.25482, -118.00543, 610
46.25482, -117.89159, 611
46.25482, -117.77775, 612
46.25482, -117.66392, 613
46.25482, -117.55008, 614
46.25482, -117.43624, 615
46.25482, -117.32240, 616
46.25482, -117.20856, 617
46.25482, -117.09472, 618
46.25482, -116.98088, 619
46.25482, -116.89882, 620
46.34495, -124.60809, 621
46.34495, -124.49426, 622
46.34495, -124.38042, 623
46.34495, -124.26658, 624
46.34495, -124.15274, 625
46.34495, -124.03890, 626
46.34495, -123.92506, 627
46.34495, -123.81122, 628
46.34495, -123.69738, 629
46.34495, -123.58354, 630
46.34495, -123.46970, 631
46.34495, -123.35587, 632
46.34495, -123.24203, 633
46.34495, -123.12819, 634
46.34495, -123.01435, 635
46.34495, -122.90051, 636
46.34495, -122.78667, 637
46.34495, -122.67283, 638
46.34495, -122.55899, 639
46.34495, -122.44515, 640
46.34495, -122.33131, 641
46.34495, -122.21748, 642
46.34495, -122.10364, 643
46.34495, -121.98980, 644
46.34495, -121.87596, 645
46.34495, -121.76212, 646
46.34495, -121.64828, 647
46.34495, -121.53444, 648
46.34495, -121.42060, 649
46.34495, -121.30676, 650
46.34495, -121.19292, 651
46.34495, -121.07909, 652
46.34495, -120.96525, 653
46.34495, -120.85141, 654
46.34495, -120.73757, 655
46.34495, -120.62373, 656
46.34495, -120.50989, 657
46.34495, -120.39605, 658
46.34495, -120.28221, 659
46.34495, -120.16837, 660
46.34495, -120.05453, 661
46.34495, -119.94070, 662
46.34495, -119.82686, 663
46.34495, -119.71302, 664
46.34495, -119.59918, 665
46.34495, -119.48534, 666
46.34495, -119.37150, 667
46.34495, -119.25766, 668
46.34495, -119.14382, 669
46.34495, -119.02998, 670
46.34495, -118.91614, 671
46.34495, -118.80231, 672
46.34495, -118.68847, 673
46.34495, -118.57463, 674
46.34495, -118.46079, 675
46.34495, -118.34695, 676
46.34495, -118.23311, 677
46.34495, -118.11927, 678
46.34495, -118.00543, 679
46.34495, -117.89159, 680
46.34495, -117.77775, 681
46.34495, -117.66392, 682
46.34495, -117.55008, 683
46.34495, -117.43624, 684
46.34495, -117.32240, 685
46.34495, -117.20856, 686
46.34495, -117.09472, 687
46.34495, -116.98088, 688
46.34495, -116.89882, 689
46.43509, -124.60809, 690
46.43509, -124.49426, 691
46.43509, -124.38042, 692
46.43509, -124.26658, 693
46.43509, -124.15274, 694
46.43509, -124.03890, 695
46.43509, -123.92506, 696
46.43509, -123.81122, 697
46.43509, -123.69738, 698
46.43509, -123.58354, 699
46.43509, -123.46970, 700
46.43509, -123.35587, 701
46.43509, -123.24203, 702
46.43509, -123.12819, 703
46.43509, -123.01435, 704
46.43509, -122.90051, 705
46.43509, -122.78667, 706
46.43509, -122.67283, 707
46.43509, -122.55899, 708
46.43509, -122.44515, 709
46.43509, -122.33131, 710
46.43509, -122.21748, 711
46.43509, -122.10364, 712
46.43509, -121.98980, 713
46.43509, -121.87596, 714
46.43509, -121.76212, 715
46.43509, -121.64828, 716
46.43509, -121.53444, 717
46.43509, -121.42060, 718
46.43509, -121.30676, 719
46.43509, -121.19292, 720
46.43509, -121.07909, 721
46.43509, -120.96525, 722
46.43509, -120.85141, 723
46.43509, -120.73757, 724
46.43509, -120.62373, 725
46.43509, -120.50989, 726
46.43509, -120.39605, 727
46.43509, -120.28221, 728
46.43509, -120.16837, 729
46.43509, -120.05453, 730
46.43509, -119.94070, 731
46.43509, -119.82686, 732
46.43509, -119.71302, 733
46.43509, -119.59918, 734
46.43509, -119.48534, 735
46.43509, -119.37150, 736
46.43509, -119.25766, 737
46.43509, -119.14382, 738
46.43509, -119.02998, 739
46.43509, -118.91614, 740
46.43509, -118.80231, 741
46.43509, -118.68847, 742
46.43509, -118.57463, 743
46.43509, -118.46079, 744
46.43509, -118.34695, 745
46.43509, -118.23311, 746
46.43509, -118.11927, 747
46.43509, -118.00543, 748
46.43509, -117.89159, 749
46.43509, -117.77775, 750
46.43509, -117.66392, 751
46.43509, -117.55008, 752
46.43509, -117.43624, 753
46.43509, -117.32240, 754
46.43509, -117.20856, 755
46.43509, -117.09472, 756
46.43509, -116.98088, 757
46.43509, -116.89882, 758
46.52522, -124.60809, 759
46.52522, -124.49426, 760
46.52522, -124.38042, 761
46.52522, -124.26658, 762
46.52522, -124.15274, 763
46.52522, -124.03890, 764
46.52522, -123.92506, 765
46.52522, -123.81122, 766
46.52522, -123.69738, 767
46.52522, -123.58354, 768
46.52522, -123.46970, 769
46.52522, -123.35587, 770
46.52522, -123.24203, 771
46.52522, -123.12819, 772
46.52522, -123.01435, 773
46.52522, -122.90051, 774
46.52522, -122.78667, 775
46.52522, -122.67283, 776
46.52522, -122.55899, 777
46.52522, -122.44515, 778
46.52522, -122.33131, 779
46.52522, -122.21748, 780
46.52522, -122.10364, 781
46.52522, -121.98980, 782
46.52522, -121.87596, 783
46.52522, -121.76212, 784
46.52522, -121.64828, 785
46.52522, -121.53444, 786
46.52522, -121.42060, 787
46.52522, -121.30676, 788
46.52522, -121.19292, 789
46.52522, -121.07909, 790
46.52522, -120.96525, 791
46.52522, -120.85141, 792
46.52522, -120.73757, 793
46.52522, -120.62373, 794
46.52522, -120.50989, 795
46.52522, -120.39605, 796
46.52522, -120.28221, 797
46.52522, -120.16837, 798
46.52522, -120.05453, 799
46.52522, -119.94070, 800
46.52522, -119.82686, 801
46.52522, -119.71302, 802
46.52522, -119.59918, 803
46.52522, -119.48534, 804
46.52522, -119.37150, 805
46.52522, -119.25766, 806
46.52522, -119.14382, 807
46.52522, -119.02998, 808
46.52522, -118.91614, 809
46.52522, -118.80231, 810
46.52522, -118.68847, 811
46.52522, -118.57463, 812
46.52522, -118.46079, 813
46.52522, -118.34695, 814
46.52522, -118.23311, 815
46.52522, -118.11927, 816
46.52522, -118.00543, 817
46.52522, -117.89159, 818
46.52522, -117.77775, 819
46.52522, -117.66392, 820
46.52522, -117.55008, 821
46.52522, -117.43624, 822
46.52522, -117.32240, 823
46.52522, -117.20856, 824
46.52522, -117.09472, 825
46.52522, -116.98088, 826
46.52522, -116.89882, 827
46.61535, -124.60809, 828
46.61535, -124.49426, 829
46.61535, -124.38042, 830
46.61535, -124.26658, 831
46.61535, -124.15274, 832
46.61535, -124.03890, 833
46.61535, -123.92506, 834
46.61535, -123.81122, 835
46.61535, -123.69738, 836
46.61535, -123.58354, 837
46.61535, -123.46970, 838
46.61535, -123.35587, 839
46.61535, -123.24203, 840
46.61535, -123.12819, 841
46.61535, -123.01435, 842
46.61535, -122.90051, 843
46.61535, -122.78667, 844
46.61535, -122.67283, 845
46.61535, -122.55899, 846
46.61535, -122.44515, 847
46.61535, -122.33131, 848
46.61535, -122.21748, 849
46.61535, -122.10364, 850
46.61535, -121.98980, 851
46.61535, -121.87596, 852
46.61535, -121.76212, 853
46.61535, -121.64828, 854
46.61535, -121.53444, 855
46.61535, -121.42060, 856
46.61535, -121.30676, 857
46.61535, -121.19292, 858
46.61535, -121.07909, 859
46.61535, -120.96525, 860
46.61535, -120.85141, 861
46.61535, -120.73757, 862
46.61535, -120.62373, 863
46.61535, -120.50989, 864
46.61535, -120.39605, 865
46.61535, -120.28221, 866
46.61535, -120.16837, 867
46.61535, -120.05453, 868
46.61535, -119.94070, 869
46.61535, -119.82686, 870
46.61535, -119.71302, 871
46.61535, -119.59918, 872
46.61535, -119.48534, 873
46.61535, -119.37150, 874
46.61535, -119.25766, 875
46.61535, -119.14382, 876
46.61535, -119.02998, 877
46.61535, -118.91614, 878
46.61535, -118.80231, 879
46.61535, -118.68847, 880
46.61535, -118.57463, 881
46.61535, -118.46079, 882
46.61535, -118.34695, 883
46.61535, -118.23311, 884
46.61535, -118.11927, 885
46.61535, -118.00543, 886
46.61535, -117.89159, 887
46.61535, -117.77775, 888
46.61535, -117.66392, 889
46.61535, -117.55008, 890
46.61535, -117.43624, 891
46.61535, -117.32240, 892
46.61535, -117.20856, 893
46.61535, -117.09472, 894
46.61535, -116.98088, 895
46.61535, -116.89882, 896
46.70548, -124.60809, 897
46.70548, -124.49426, 898
46.70548, -124.38042, 899
46.70548, -124.26658, 900
46.70548, -124.15274, 901
46.70548, -124.03890, 902
46.70548, -123.92506, 903
46.70548, -123.81122, 904
46.70548, -123.69738, 905
46.70548, -123.58354, 906
46.70548, -123.46970, 907
46.70548, -123.35587, 908
46.70548, -123.24203, 909
46.70548, -123.12819, 910
46.70548, -123.01435, 911
46.70548, -122.90051, 912
46.70548, -122.78667, 913
46.70548, -122.67283, 914
46.70548, -122.55899, 915
46.70548, -122.44515, 916
46.70548, -122.33131, 917
46.70548, -122.21748, 918
46.70548, -122.10364, 919
46.70548, -121.98980, 920
46.70548, -121.87596, 921
46.70548, -121.76212, 922
46.70548, -121.64828, 923
46.70548, -121.53444, 924
46.70548, -121.42060, 925
46.70548, -121.30676, 926
46.70548, -121.19292, 927
46.70548, -121.07909, 928
46.70548, -120.96525, 929
46.70548, -120.85141, 930
46.70548, -120.73757, 931
46.70548, -120.62373, 932
46.70548, -120.50989, 933
46.70548, -120.39605, 934
46.70548, -120.28221, 935
46.70548, -120.16837, 936
46.70548, -120.05453, 937
46.70548, -119.94070, 938
46.70548, -119.82686, 939
46.70548, -119.71302, 940
46.70548, -119.59918, 941
46.70548, -119.48534, 942
46.70548, -119.37150, 943
46.70548, -119.25766, 944
46.70548, -119.14382, 945
46.70548, -119.02998, 946
46.70548, -118.91614, 947
46.70548, -118.80231, 948
46.70548, -118.68847, 949
46.70548, -118.57463, 950
46.70548, -118.46079, 951
46.70548, -118.34695, 952
46.70548, -118.23311, 953
46.70548, -118.11927, 954
46.70548, -118.00543, 955
46.70548, -117.89159, 956
46.70548, -117.77775, 957
46.70548, -117.66392, 958
46.70548, -117.55008, 959
46.70548, -117.43624, 960
46.70548, -117.32240, 961
46.70548, -117.20856, 962
46.70548, -117.09472, 963
46.70548, -116.98088, 964
46.70548, -116.89882, 965
46.79562, -124.60809, 966
46.79562, -124.49426, 967
46.79562, -124.38042, 968
46.79562, -124.26658, 969
46.79562, -124.15274, 970
46.79562, -124.03890, 971
46.79562, -123.92506, 972
46.79562, -123.81122, 973
46.79562, -123.69738, 974
46.79562, -123.58354, 975
46.79562, -123.46970, 976
46.79562, -123.35587, 977
46.79562, -123.24203, 978
46.79562, -123.12819, 979
46.79562, -123.01435, 980
46.79562, -122.90051, 981
46.79562, -122.78667, 982
46.79562, -122.67283, 983
46.79562, -122.55899, 984
46.79562, -122.44515, 985
46.79562, -122.33131, 986
46.79562, -122.21748, 987
46.79562, -122.10364, 988
46.79562, -121.98980, 989
46.79562, -121.87596, 990
46.79562, -121.76212, 991
46.79562, -121.64828, 992
46.79562, -121.53444, 993
46.79562, -121.42060, 994
46.79562, -121.30676, 995
46.79562, -121.19292, 996
46.79562, -121.07909, 997
46.79562, -120.96525, 998
46.79562, -120.85141, 999
46.79562, -120.73757, 1000
46.79562, -120.62373, 1001
46.79562, -120.50989, 1002
46.79562, -120.39605, 1003
46.79562, -120.28221, 1004
46.79562, -120.16837, 1005
46.79562, -120.05453, 1006
46.79562, -119.94070, 1007
46.79562, -119.82686, 1008
46.79562, -119.71302, 1009
46.79562, -119.59918, 1010
46.79562, -119.48534, 1011
46.79562, -119.37150, 1012
46.79562, -119.25766, 1013
46.79562, -119.14382, 1014
46.79562, -119.02998, 1015
46.79562, -118.91614, 1016
46.79562, -118.80231, 1017
46.79562, -118.68847, 1018
46.79562, -118.57463, 1019
46.79562, -118.46079, 1020
46.79562, -118.34695, 1021
46.79562, -118.23311, 1022
46.79562, -118.11927, 1023
46.79562, -118.00543, 1024
46.79562, -117.89159, 1025
46.79562, -117.77775, 1026
46.79562, -117.66392, 1027
46.79562, -117.55008, 1028
46.79562, -117.43624, 1029
46.79562, -117.32240, 1030
46.79562, -117.20856, 1031
46.79562, -117.09472, 1032
46.79562, -116.98088, 1033
46.79562, -116.89882, 1034
46.88575, -124.60809, 1035
46.88575, -124.49426, 1036
46.88575, -124.38042, 1037
46.88575, -124.26658, 1038
46.88575, -124.15274, 1039
46.88575, -124.03890, 1040
46.88575, -123.92506, 1041
46.88575, -123.81122, 1042
46.88575, -123.69738, 1043
46.88575, -123.58354, 1044
46.88575, -123.46970, 1045
46.88575, -123.35587, 1046
46.88575, -123.24203, 1047
46.88575, -123.12819, 1048
46.88575, -123.01435, 1049
46.88575, -122.90051, 1050
46.88575, -122.78667, 1051
46.88575, -122.67283, 1052
46.88575, -122.55899, 1053
46.88575, -122.44515, 1054
46.88575, -122.33131, 1055
46.88575, -122.21748, 1056
46.88575, -122.10364, 1057
46.88575, -121.98980, 1058
46.88575, -121.87596, 1059
46.88575, -121.76212, 1060
46.88575, -121.64828, 1061
46.88575, -121.53444, 1062
46.88575, -121.42060, 1063
46.88575, -121.30676, 1064
46.88575, -121.19292, 1065
46.88575, -121.07909, 1066
46.88575, -120.96525, 1067
46.88575, -120.85141, 1068
46.88575, -120.73757, 1069
46.88575, -120.62373, 1070
46.88575, -120.50989, 1071
46.88575, -120.39605, 1072
46.88575, -120.28221, 1073
46.88575, -120.16837, 1074
46.88575, -120.05453, 1075
46.88575, -119.94070, 1076
46.88575, -119.82686, 1077
46.88575, -119.71302, 1078
46.88575, -119.59918, 1079
46.88575, -119.48534, 1080
46.88575, -119.37150, 1081
46.88575, -119.25766, 1082
46.88575, -119.14382, 1083
46.88575, -119.02998, 1084
46.88575, -118.91614, 1085
46.88575, -118.80231, 1086
46.88575, -118.68847, 1087
46.88575, -118.57463, 1088
46.88575, -118.46079, 1089
46.88575, -118.34695, 1090
46.88575, -118.23311, 1091
46.88575, -118.11927, 1092
46.88575, -118.00543, 1093
46.88575, -117.89159, 1094
46.88575, -117.77775, 1095
46.88575, -117.66392, 1096
46.88575, -117.55008, 1097
46.88575, -117.43624, 1098
46.88575, -117.32240, 1099
46.88575, -117.20856, 1100
46.88575, -117.09472, 1101
46.88575, -116.98088, 1102
46.88575, -116.89882, 1103
46.97588, -124.60809, 1104
46.97588, -124.49426, 1105
46.97588, -124.38042, 1106
46.97588, -124.26658, 1107
46.97588, -124.15274, 1108
46.97588, -124.03890, 1109
46.97588, -123.92506, 1110
46.97588, -123.81122, 1111
46.97588, -123.69738, 1112
46.97588, -123.58354, 1113
46.97588, -123.46970, 1114
46.97588, -123.35587, 1115
46.97588, -123.24203, 1116
46.97588, -123.12819, 1117
46.97588, -123.01435, 1118
46.97588, -122.90051, 1119
46.97588, -122.78667, 1120
46.97588, -122.67283, 1121
46.97588, -122.55899, 1122
46.97588, -122.44515, 1123
46.97588, -122.33131, 1124
46.97588, -122.21748, 1125
46.97588, -122.10364, 1126
46.97588, -121.98980, 1127
46.97588, -121.87596, 1128
46.97588, -121.76212, 1129
46.97588, -121.64828, 1130
46.97588, -121.53444, 1131
46.97588, -121.42060, 1132
46.97588, -121.30676, 1133
46.97588, -121.19292, 1134
46.97588, -121.07909, 1135
46.97588, -120.96525, 1136
46.97588, -120.85141, 1137
46.97588, -120.73757, 1138
46.97588, -120.62373, 1139
46.97588, -120.50989, 1140
46.97588, -120.39605, 1141
46.97588, -120.28221, 1142
46.97588, -120.16837, 1143
46.97588, -120.05453, 1144
46.97588, -119.94070, 1145
46.97588, -119.82686, 1146
46.97588, -119.71302, 1147
46.97588, -119.59918, 1148
46.97588, -119.48534, 1149
46.97588, -119.37150, 1150
46.97588, -119.25766, 1151
46.97588, -119.14382, 1152
46.97588, -119.02998, 1153
46.97588, -118.91614, 1154
46.97588, -118.80231, 1155
46.97588, -118.68847, 1156
46.97588, -118.57463, 1157
46.97588, -118.46079, 1158
46.97588, -118.34695, 1159
46.97588, -118.23311, 1160
46.97588, -118.11927, 1161
46.97588, -118.00543, 1162
46.97588, -117.89159, 1163
46.97588, -117.77775, 1164
46.97588, -117.66392, 1165
46.97588, -117.55008, 1166
46.97588, -117.43624, 1167
46.97588, -117.32240, 1168
46.97588, -117.20856, 1169
46.97588, -117.09472, 1170
46.97588, -116.98088, 1171
46.97588, -116.89882, 1172
47.06602, -124.60809, 1173
47.06602, -124.49426, 1174
47.06602, -124.38042, 1175
47.06602, -124.26658, 1176
47.06602, -124.15274, 1177
47.06602, -124.03890, 1178
47.06602, -123.92506, 1179
47.06602, -123.81122, 1180
47.06602, -123.69738, 1181
47.06602, -123.58354, 1182
47.06602, -123.46970, 1183
47.06602, -123.35587, 1184
47.06602, -123.24203, 1185
47.06602, -123.12819, 1186
47.06602, -123.01435, 1187
47.06602, -122.90051, 1188
47.06602, -122.78667, 1189
47.06602, -122.67283, 1190
47.06602, -122.55899, 1191
47.06602, -122.44515, 1192
47.06602, -122.33131, 1193
47.06602, -122.21748, 1194
47.06602, -122.10364, 1195
47.06602, -121.98980, 1196
47.06602, -121.87596, 1197
47.06602, -121.76212, 1198
47.06602, -121.64828, 1199
47.06602, -121.53444, 1200
47.06602, -121.42060, 1201
47.06602, -121.30676, 1202
47.06602, -121.19292, 1203
47.06602, -121.07909, 1204
47.06602, -120.96525, 1205
47.06602, -120.85141, 1206
47.06602, -120.73757, 1207
47.06602, -120.62373, 1208
47.06602, -120.50989, 1209
47.06602, -120.39605, 1210
47.06602, -120.28221, 1211
47.06602, -120.16837, 1212
47.06602, -120.05453, 1213
47.06602, -119.94070, 1214
47.06602, -119.82686, 1215
47.06602, -119.71302, 1216
47.06602, -119.59918, 1217
47.06602, -119.48534, 1218
47.06602, -119.37150, 1219
47.06602, -119.25766, 1220
47.06602, -119.14382, 1221
47.06602, -119.02998, 1222
47.06602, -118.91614, 1223
47.06602, -118.80231, 1224
47.06602, -118.68847, 1225
47.06602, -118.57463, 1226
47.06602, -118.46079, 1227
47.06602, -118.34695, 1228
47.06602, -118.23311, 1229
47.06602, -118.11927, 1230
47.06602, -118.00543, 1231
47.06602, -117.89159, 1232
47.06602, -117.77775, 1233
47.06602, -117.66392, 1234
47.06602, -117.55008, 1235
47.06602, -117.43624, 1236
47.06602, -117.32240, 1237
47.06602, -117.20856, 1238
47.06602, -117.09472, 1239
47.06602, -116.98088, 1240
47.06602, -116.89882, 1241
47.15615, -124.60809, 1242
47.15615, -124.49426, 1243
47.15615, -124.38042, 1244
47.15615, -124.26658, 1245
47.15615, -124.15274, 1246
47.15615, -124.03890, 1247
47.15615, -123.92506, 1248
47.15615, -123.81122, 1249
47.15615, -123.69738, 1250
47.15615, -123.58354, 1251
47.15615, -123.46970, 1252
47.15615, -123.35587, 1253
47.15615, -123.24203, 1254
47.15615, -123.12819, 1255
47.15615, -123.01435, 1256
47.15615, -122.90051, 1257
47.15615, -122.78667, 1258
47.15615, -122.67283, 1259
47.15615, -122.55899, 1260
47.15615, -122.44515, 1261
47.15615, -122.33131, 1262
47.15615, -122.21748, 1263
47.15615, -122.10364, 1264
47.15615, -121.98980, 1265
47.15615, -121.87596, 1266
47.15615, -121.76212, 1267
47.15615, -121.64828, 1268
47.15615, -121.53444, 1269
47.15615, -121.42060, 1270
47.15615, -121.30676, 1271
47.15615, -121.19292, 1272
47.15615, -121.07909, 1273
47.15615, -120.96525, 1274
47.15615, -120.85141, 1275
47.15615, -120.73757, 1276
47.15615, -120.62373, 1277
47.15615, -120.50989, 1278
47.15615, -120.39605, 1279
47.15615, -120.28221, 1280
47.15615, -120.16837, 1281
47.15615, -120.05453, 1282
47.15615, -119.94070, 1283
47.15615, -119.82686, 1284
47.15615, -119.71302, 1285
47.15615, -119.59918, 1286
47.15615, -119.48534, 1287
47.15615, -119.37150, 1288
47.15615, -119.25766, 1289
47.15615, -119.14382, 1290
47.15615, -119.02998, 1291
47.15615, -118.91614, 1292
47.15615, -118.80231, 1293
47.15615, -118.68847, 1294
47.15615, -118.57463, 1295
47.15615, -118.46079, 1296
47.15615, -118.34695, 1297
47.15615, -118.23311, 1298
47.15615, -118.11927, 1299
47.15615, -118.00543, 1300
47.15615, -117.89159, 1301
47.15615, -117.77775, 1302
47.15615, -117.66392, 1303
47.15615, -117.55008, 1304
47.15615, -117.43624, 1305
47.15615, -117.32240, 1306
47.15615, -117.20856, 1307
47.15615, -117.09472, 1308
47.15615, -116.98088, 1309
47.15615, -116.89882, 1310
47.24628, -124.60809, 1311
47.24628, -124.49426, 1312
47.24628, -124.38042, 1313
47.24628, -124.26658, 1314
47.24628, -124.15274, 1315
47.24628, -124.03890, 1316
47.24628, -123.92506, 1317
47.24628, -123.81122, 1318
47.24628, -123.69738, 1319
47.24628, -123.58354, 1320
47.24628, -123.46970, 1321
47.24628, -123.35587, 1322
47.24628, -123.24203, 1323
47.24628, -123.12819, 1324
47.24628, -123.01435, 1325
47.24628, -122.90051, 1326
47.24628, -122.78667, 1327
47.24628, -122.67283, 1328
47.24628, -122.55899, 1329
47.24628, -122.44515, 1330
47.24628, -122.33131, 1331
47.24628, -122.21748, 1332
47.24628, -122.10364, 1333
47.24628, -121.98980, 1334
47.24628, -121.87596, 1335
47.24628, -121.76212, 1336
47.24628, -121.64828, 1337
47.24628, -121.53444, 1338
47.24628, -121.42060, 1339
47.24628, -121.30676, 1340
47.24628, -121.19292, 1341
47.24628, -121.07909, 1342
47.24628, -120.96525, 1343
47.24628, -120.85141, 1344
47.24628, -120.73757, 1345
47.24628, -120.62373, 1346
47.24628, -120.50989, 1347
47.24628, -120.39605, 1348
47.24628, -120.28221, 1349
47.24628, -120.16837, 1350
47.24628, -120.05453, 1351
47.24628, -119.94070, 1352
47.24628, -119.82686, 1353
47.24628, -119.71302, 1354
47.24628, -119.59918, 1355
47.24628, -119.48534, 1356
47.24628, -119.37150, 1357
47.24628, -119.25766, 1358
47.24628, -119.14382, 1359
47.24628, -119.02998, 1360
47.24628, -118.91614, 1361
47.24628, -118.80231, 1362
47.24628, -118.68847, 1363
47.24628, -118.57463, 1364
47.24628, -118.46079, 1365
47.24628, -118.34695, 1366
47.24628, -118.23311, 1367
47.24628, -118.11927, 1368
47.24628, -118.00543, 1369
47.24628, -117.89159, 1370
47.24628, -117.77775, 1371
47.24628, -117.66392, 1372
47.24628, -117.55008, 1373
47.24628, -117.43624, 1374
47.24628, -117.32240, 1375
47.24628, -117.20856, 1376
47.24628, -117.09472, 1377
47.24628, -116.98088, 1378
47.24628, -116.89882, 1379
47.33641, -124.60809, 1380
47.33641, -124.49426, 1381
47.33641, -124.38042, 1382
47.33641, -124.26658, 1383
47.33641, -124.15274, 1384
47.33641, -124.03890, 1385
47.33641, -123.92506, 1386
47.33641, -123.81122, 1387
47.33641, -123.69738, 1388
47.33641, -123.58354, 1389
47.33641, -123.46970, 1390
47.33641, -123.35587, 1391
47.33641, -123.24203, 1392
47.33641, -123.12819, 1393
47.33641, -123.01435, 1394
47.33641, -122.90051, 1395
47.33641, -122.78667, 1396
47.33641, -122.67283, 1397
47.33641, -122.55899, 1398
47.33641, -122.44515, 1399
47.33641, -122.33131, 1400
47.33641, -122.21748, 1401
47.33641, -122.10364, 1402
47.33641, -121.98980, 1403
47.33641, -121.87596, 1404
47.33641, -121.76212, 1405
47.33641, -121.64828, 1406
47.33641, -121.53444, 1407
47.33641, -121.42060, 1408
47.33641, -121.30676, 1409
47.33641, -121.19292, 1410
47.33641, -121.07909, 1411
47.33641, -120.96525, 1412
47.33641, -120.85141, 1413
47.33641, -120.73757, 1414
47.33641, -120.62373, 1415
47.33641, -120.50989, 1416
47.33641, -120.39605, 1417
47.33641, -120.28221, 1418
47.33641, -120.16837, 1419
47.33641, -120.05453, 1420
47.33641, -119.94070, 1421
47.33641, -119.82686, 1422
47.33641, -119.71302, 1423
47.33641, -119.59918, 1424
47.33641, -119.48534, 1425
47.33641, -119.37150, 1426
47.33641, -119.25766, 1427
47.33641, -119.14382, 1428
47.33641, -119.02998, 1429
47.33641, -118.91614, 1430
47.33641, -118.80231, 1431
47.33641, -118.68847, 1432
47.33641, -118.57463, 1433
47.33641, -118.46079, 1434
47.33641, -118.34695, 1435
47.33641, -118.23311, 1436
47.33641, -118.11927, 1437
47.33641, -118.00543, 1438
47.33641, -117.89159, 1439
47.33641, -117.77775, 1440
47.33641, -117.66392, 1441
47.33641, -117.55008, 1442
47.33641, -117.43624, 1443
47.33641, -117.32240, 1444
47.33641, -117.20856, 1445
47.33641, -117.09472, 1446
47.33641, -116.98088, 1447
47.33641, -116.89882, 1448
47.42655, -124.60809, 1449
47.42655, -124.49426, 1450
47.42655, -124.38042, 1451
47.42655, -124.26658, 1452
47.42655, -124.15274, 1453
47.42655, -124.03890, 1454
47.42655, -123.92506, 1455
47.42655, -123.81122, 1456
47.42655, -123.69738, 1457
47.42655, -123.58354, 1458
47.42655, -123.46970, 1459
47.42655, -123.35587, 1460
47.42655, -123.24203, 1461
47.42655, -123.12819, 1462
47.42655, -123.01435, 1463
47.42655, -122.90051, 1464
47.42655, -122.78667, 1465
47.42655, -122.67283, 1466
47.42655, -122.55899, 1467
47.42655, -122.44515, 1468
47.42655, -122.33131, 1469
47.42655, -122.21748, 1470
47.42655, -122.10364, 1471
47.42655, -121.98980, 1472
47.42655, -121.87596, 1473
47.42655, -121.76212, 1474
47.42655, -121.64828, 1475
47.42655, -121.53444, 1476
47.42655, -121.42060, 1477
47.42655, -121.30676, 1478
47.42655, -121.19292, 1479
47.42655, -121.07909, 1480
47.42655, -120.96525, 1481
47.42655, -120.85141, 1482
47.42655, -120.73757, 1483
47.42655, -120.62373, 1484
47.42655, -120.50989, 1485
47.42655, -120.39605, 1486
47.42655, -120.28221, 1487
47.42655, -120.16837, 1488
47.42655, -120.05453, 1489
47.42655, -119.94070, 1490
47.42655, -119.82686, 1491
47.42655, -119.71302, 1492
47.42655, -119.59918, 1493
47.42655, -119.48534, 1494
47.42655, -119.37150, 1495
47.42655, -119.25766, 1496
47.42655, -119.14382, 1497
47.42655, -119.02998, 1498
47.42655, -118.91614, 1499
47.42655, -118.80231, 1500
47.42655, -118.68847, 1501
47.42655, -118.57463, 1502
47.42655, -118.46079, 1503
47.42655, -118.34695, 1504
47.42655, -118.23311, 1505
47.42655, -118.11927, 1506
47.42655, -118.00543, 1507
47.42655, -117.89159, 1508
47.42655, -117.77775, 1509
47.42655, -117.66392, 1510
47.42655, -117.55008, 1511
47.42655, -117.43624, 1512
47.42655, -117.32240, 1513
47.42655, -117.20856, 1514
47.42655, -117.09472, 1515
47.42655, -116.98088, 1516
47.42655, -116.89882, 1517
47.51668, -124.60809, 1518
47.51668, -124.49426, 1519
47.51668, -124.38042, 1520
47.51668, -124.26658, 1521
47.51668, -124.15274, 1522
47.51668, -124.03890, 1523
47.51668, -123.92506, 1524
47.51668, -123.81122, 1525
47.51668, -123.69738, 1526
47.51668, -123.58354, 1527
47.51668, -123.46970, 1528
47.51668, -123.35587, 1529
47.51668, -123.24203, 1530
47.51668, -123.12819, 1531
47.51668, -123.01435, 1532
47.51668, -122.90051, 1533
47.51668, -122.78667, 1534
47.51668, -122.67283, 1535
47.51668, -122.55899, 1536
47.51668, -122.44515, 1537
47.51668, -122.33131, 1538
47.51668, -122.21748, 1539
47.51668, -122.10364, 1540
47.51668, -121.98980, 1541
47.51668, -121.87596, 1542
47.51668, -121.76212, 1543
47.51668, -121.64828, 1544
47.51668, -121.53444, 1545
47.51668, -121.42060, 1546
47.51668, -121.30676, 1547
47.51668, -121.19292, 1548
47.51668, -121.07909, 1549
47.51668, -120.96525, 1550
47.51668, -120.85141, 1551
47.51668, -120.73757, 1552
47.51668, -120.62373, 1553
47.51668, -120.50989, 1554
47.51668, -120.39605, 1555
47.51668, -120.28221, 1556
47.51668, -120.16837, 1557
47.51668, -120.05453, 1558
47.51668, -119.94070, 1559
47.51668, -119.82686, 1560
47.51668, -119.71302, 1561
47.51668, -119.59918, 1562
47.51668, -119.48534, 1563
47.51668, -119.37150, 1564
47.51668, -119.25766, 1565
47.51668, -119.14382, 1566
47.51668, -119.02998, 1567
47.51668, -118.91614, 1568
47.51668, -118.80231, 1569
47.51668, -118.68847, 1570
47.51668, -118.57463, 1571
47.51668, -118.46079, 1572
47.51668, -118.34695, 1573
47.51668, -118.23311, 1574
47.51668, -118.11927, 1575
47.51668, -118.00543, 1576
47.51668, -117.89159, 1577
47.51668, -117.77775, 1578
47.51668, -117.66392, 1579
47.51668, -117.55008, 1580
47.51668, -117.43624, 1581
47.51668, -117.32240, 1582
47.51668, -117.20856, 1583
47.51668, -117.09472, 1584
47.51668, -116.98088, 1585
47.51668, -116.89882, 1586
47.60681, -124.60809, 1587
47.60681, -124.49426, 1588
47.60681, -124.38042, 1589
47.60681, -124.26658, 1590
47.60681, -124.15274, 1591
47.60681, -124.03890, 1592
47.60681, -123.92506, 1593
47.60681, -123.81122, 1594
47.60681, -123.69738, 1595
47.60681, -123.58354, 1596
47.60681, -123.46970, 1597
47.60681, -123.35587, 1598
47.60681, -123.24203, 1599
47.60681, -123.12819, 1600
47.60681, -123.01435, 1601
47.60681, -122.90051, 1602
47.60681, -122.78667, 1603
47.60681, -122.67283, 1604
47.60681, -122.55899, 1605
47.60681, -122.44515, 1606
47.60681, -122.33131, 1607
47.60681, -122.21748, 1608
47.60681, -122.10364, 1609
47.60681, -121.98980, 1610
47.60681, -121.87596, 1611
47.60681, -121.76212, 1612
47.60681, -121.64828, 1613
47.60681, -121.53444, 1614
47.60681, -121.42060, 1615
47.60681, -121.30676, 1616
47.60681, -121.19292, 1617
47.60681, -121.07909, 1618
47.60681, -120.96525, 1619
47.60681, -120.85141, 1620
47.60681, -120.73757, 1621
47.60681, -120.62373, 1622
47.60681, -120.50989, 1623
47.60681, -120.39605, 1624
47.60681, -120.28221, 1625
47.60681, -120.16837, 1626
47.60681, -120.05453, 1627
47.60681, -119.94070, 1628
47.60681, -119.82686, 1629
47.60681, -119.71302, 1630
47.60681, -119.59918, 1631
47.60681, -119.48534, 1632
47.60681, -119.37150, 1633
47.60681, -119.25766, 1634
47.60681, -119.14382, 1635
47.60681, -119.02998, 1636
47.60681, -118.91614, 1637
47.60681, -118.80231, 1638
47.60681, -118.68847, 1639
47.60681, -118.57463, 1640
47.60681, -118.46079, 1641
47.60681, -118.34695, 1642
47.60681, -118.23311, 1643
47.60681, -118.11927, 1644
47.60681, -118.00543, 1645
47.60681, -117.89159, 1646
47.60681, -117.77775, 1647
47.60681, -117.66392, 1648
47.60681, -117.55008, 1649
47.60681, -117.43624, 1650
47.60681, -117.32240, 1651
47.60681, -117.20856, 1652
47.60681, -117.09472, 1653
47.60681, -116.98088, 1654
47.60681, -116.89882, 1655
47.69695, -124.60809, 1656
47.69695, -124.49426, 1657
47.69695, -124.38042, 1658
47.69695, -124.26658, 1659
47.69695, -124.15274, 1660
47.69695, -124.03890, 1661
47.69695, -123.92506, 1662
47.69695, -123.81122, 1663
47.69695, -123.69738, 1664
47.69695, -123.58354, 1665
47.69695, -123.46970, 1666
47.69695, -123.35587, 1667
47.69695, -123.24203, 1668
47.69695, -123.12819, 1669
47.69695, -123.01435, 1670
47.69695, -122.90051, 1671
47.69695, -122.78667, 1672
47.69695, -122.67283, 1673
47.69695, -122.55899, 1674
47.69695, -122.44515, 1675
47.69695, -122.33131, 1676
47.69695, -122.21748, 1677
47.69695, -122.10364, 1678
47.69695, -121.98980, 1679
47.69695, -121.87596, 1680
47.69695, -121.76212, 1681
47.69695, -121.64828, 1682
47.69695, -121.53444, 1683
47.69695, -121.42060, 1684
47.69695, -121.30676, 1685
47.69695, -121.19292, 1686
47.69695, -121.07909, 1687
47.69695, -120.96525, 1688
47.69695, -120.85141, 1689
47.69695, -120.73757, 1690
47.69695, -120.62373, 1691
47.69695, -120.50989, 1692
47.69695, -120.39605, 1693
47.69695, -120.28221, 1694
47.69695, -120.16837, 1695
47.69695, -120.05453, 1696
47.69695, -119.94070, 1697
47.69695, -119.82686, 1698
47.69695, -119.71302, 1699
47.69695, -119.59918, 1700
47.69695, -119.48534, 1701
47.69695, -119.37150, 1702
47.69695, -119.25766, 1703
47.69695, -119.14382, 1704
47.69695, -119.02998, 1705
47.69695, -118.91614, 1706
47.69695, -118.80231, 1707
47.69695, -118.68847, 1708
47.69695, -118.57463, 1709
47.69695, -118.46079, 1710
47.69695, -118.34695, 1711
47.69695, -118.23311, 1712
47.69695, -118.11927, 1713
47.69695, -118.00543, 1714
47.69695, -117.89159, 1715
47.69695, -117.77775, 1716
47.69695, -117.66392, 1717
47.69695, -117.55008, 1718
47.69695, -117.43624, 1719
47.69695, -117.32240, 1720
47.69695, -117.20856, 1721
47.69695, -117.09472, 1722
47.69695, -116.98088, 1723
47.69695, -116.89882, 1724
47.78708, -124.60809, 1725
47.78708, -124.49426, 1726
47.78708, -124.38042, 1727
47.78708, -124.26658, 1728
47.78708, -124.15274, 1729
47.78708, -124.03890, 1730
47.78708, -123.92506, 1731
47.78708, -123.81122, 1732
47.78708, -123.69738, 1733
47.78708, -123.58354, 1734
47.78708, -123.46970, 1735
47.78708, -123.35587, 1736
47.78708, -123.24203, 1737
47.78708, -123.12819, 1738
47.78708, -123.01435, 1739
47.78708, -122.90051, 1740
47.78708, -122.78667, 1741
47.78708, -122.67283, 1742
47.78708, -122.55899, 1743
47.78708, -122.44515, 1744
47.78708, -122.33131, 1745
47.78708, -122.21748, 1746
47.78708, -122.10364, 1747
47.78708, -121.98980, 1748
47.78708, -121.87596, 1749
47.78708, -121.76212, 1750
47.78708, -121.64828, 1751
47.78708, -121.53444, 1752
47.78708, -121.42060, 1753
47.78708, -121.30676, 1754
47.78708, -121.19292, 1755
47.78708, -121.07909, 1756
47.78708, -120.96525, 1757
47.78708, -120.85141, 1758
47.78708, -120.73757, 1759
47.78708, -120.62373, 1760
47.78708, -120.50989, 1761
47.78708, -120.39605, 1762
47.78708, -120.28221, 1763
47.78708, -120.16837, 1764
47.78708, -120.05453, 1765
47.78708, -119.94070, 1766
47.78708, -119.82686, 1767
47.78708, -119.71302, 1768
47.78708, -119.59918, 1769
47.78708, -119.48534, 1770
47.78708, -119.37150, 1771
47.78708, -119.25766, 1772
47.78708, -119.14382, 1773
47.78708, -119.02998, 1774
47.78708, -118.91614, 1775
47.78708, -118.80231, 1776
47.78708, -118.68847, 1777
47.78708, -118.57463, 1778
47.78708, -118.46079, 1779
47.78708, -118.34695, 1780
47.78708, -118.23311, 1781
47.78708, -118.11927, 1782
47.78708, -118.00543, 1783
47.78708, -117.89159, 1784
47.78708, -117.77775, 1785
47.78708, -117.66392, 1786
47.78708, -117.55008, 1787
47.78708, -117.43624, 1788
47.78708, -117.32240, 1789
47.78708, -117.20856, 1790
47.78708, -117.09472, 1791
47.78708, -116.98088, 1792
47.78708, -116.89882, 1793
47.87721, -124.60809, 1794
47.87721, -124.49426, 1795
47.87721, -124.38042, 1796
47.87721, -124.26658, 1797
47.87721, -124.15274, 1798
47.87721, -124.03890, 1799
47.87721, -123.92506, 1800
47.87721, -123.81122, 1801
47.87721, -123.69738, 1802
47.87721, -123.58354, 1803
47.87721, -123.46970, 1804
47.87721, -123.35587, 1805
47.87721, -123.24203, 1806
47.87721, -123.12819, 1807
47.87721, -123.01435, 1808
47.87721, -122.90051, 1809
47.87721, -122.78667, 1810
47.87721, -122.67283, 1811
47.87721, -122.55899, 1812
47.87721, -122.44515, 1813
47.87721, -122.33131, 1814
47.87721, -122.21748, 1815
47.87721, -122.10364, 1816
47.87721, -121.98980, 1817
47.87721, -121.87596, 1818
47.87721, -121.76212, 1819
47.87721, -121.64828, 1820
47.87721, -121.53444, 1821
47.87721, -121.42060, 1822
47.87721, -121.30676, 1823
47.87721, -121.19292, 1824
47.87721, -121.07909, 1825
47.87721, -120.96525, 1826
47.87721, -120.85141, 1827
47.87721, -120.73757, 1828
47.87721, -120.62373, 1829
47.87721, -120.50989, 1830
47.87721, -120.39605, 1831
47.87721, -120.28221, 1832
47.87721, -120.16837, 1833
47.87721, -120.05453, 1834
47.87721, -119.94070, 1835
47.87721, -119.82686, 1836
47.87721, -119.71302, 1837
47.87721, -119.59918, 1838
47.87721, -119.48534, 1839
47.87721, -119.37150, 1840
47.87721, -119.25766, 1841
47.87721, -119.14382, 1842
47.87721, -119.02998, 1843
47.87721, -118.91614, 1844
47.87721, -118.80231, 1845
47.87721, -118.68847, 1846
47.87721, -118.57463, 1847
47.87721, -118.46079, 1848
47.87721, -118.34695, 1849
47.87721, -118.23311, 1850
47.87721, -118.11927, 1851
47.87721, -118.00543, 1852
47.87721, -117.89159, 1853
47.87721, -117.77775, 1854
47.87721, -117.66392, 1855
47.87721, -117.55008, 1856
47.87721, -117.43624, 1857
47.87721, -117.32240, 1858
47.87721, -117.20856, 1859
47.87721, -117.09472, 1860
47.87721, -116.98088, 1861
47.87721, -116.89882, 1862
47.96735, -124.60809, 1863
47.96735, -124.49426, 1864
47.96735, -124.38042, 1865
47.96735, -124.26658, 1866
47.96735, -124.15274, 1867
47.96735, -124.03890, 1868
47.96735, -123.92506, 1869
47.96735, -123.81122, 1870
47.96735, -123.69738, 1871
47.96735, -123.58354, 1872
47.96735, -123.46970, 1873
47.96735, -123.35587, 1874
47.96735, -123.24203, 1875
47.96735, -123.12819, 1876
47.96735, -123.01435, 1877
47.96735, -122.90051, 1878
47.96735, -122.78667, 1879
47.96735, -122.67283, 1880
47.96735, -122.55899, 1881
47.96735, -122.44515, 1882
47.96735, -122.33131, 1883
47.96735, -122.21748, 1884
47.96735, -122.10364, 1885
47.96735, -121.98980, 1886
47.96735, -121.87596, 1887
47.96735, -121.76212, 1888
47.96735, -121.64828, 1889
47.96735, -121.53444, 1890
47.96735, -121.42060, 1891
47.96735, -121.30676, 1892
47.96735, -121.19292, 1893
47.96735, -121.07909, 1894
47.96735, -120.96525, 1895
47.96735, -120.85141, 1896
47.96735, -120.73757, 1897
47.96735, -120.62373, 1898
47.96735, -120.50989, 1899
47.96735, -120.39605, 1900
47.96735, -120.28221, 1901
47.96735, -120.16837, 1902
47.96735, -120.05453, 1903
47.96735, -119.94070, 1904
47.96735, -119.82686, 1905
47.96735, -119.71302, 1906
47.96735, -119.59918, 1907
47.96735, -119.48534, 1908
47.96735, -119.37150, 1909
47.96735, -119.25766, 1910
47.96735, -119.14382, 1911
47.96735, -119.02998, 1912
47.96735, -118.91614, 1913
47.96735, -118.80231, 1914
47.96735, -118.68847, 1915
47.96735, -118.57463, 1916
47.96735, -118.46079, 1917
47.96735, -118.34695, 1918
47.96735, -118.23311, 1919
47.96735, -118.11927, 1920
47.96735, -118.00543, 1921
47.96735, -117.89159, 1922
47.96735, -117.77775, 1923
47.96735, -117.66392, 1924
47.96735, -117.55008, 1925
47.96735, -117.43624, 1926
47.96735, -117.32240, 1927
47.96735, -117.20856, 1928
47.96735, -117.09472, 1929
47.96735, -116.98088, 1930
47.96735, -116.89882, 1931
48.05748, -124.60809, 1932
48.05748, -124.49426, 1933
48.05748, -124.38042, 1934
48.05748, -124.26658, 1935
48.05748, -124.15274, 1936
48.05748, -124.03890, 1937
48.05748, -123.92506, 1938
48.05748, -123.81122, 1939
48.05748, -123.69738, 1940
48.05748, -123.58354, 1941
48.05748, -123.46970, 1942
48.05748, -123.35587, 1943
48.05748, -123.24203, 1944
48.05748, -123.12819, 1945
48.05748, -123.01435, 1946
48.05748, -122.90051, 1947
48.05748, -122.78667, 1948
48.05748, -122.67283, 1949
48.05748, -122.55899, 1950
48.05748, -122.44515, 1951
48.05748, -122.33131, 1952
48.05748, -122.21748, 1953
48.05748, -122.10364, 1954
48.05748, -121.98980, 1955
48.05748, -121.87596, 1956
48.05748, -121.76212, 1957
48.05748, -121.64828, 1958
48.05748, -121.53444, 1959
48.05748, -121.42060, 1960
48.05748, -121.30676, 1961
48.05748, -121.19292, 1962
48.05748, -121.07909, 1963
48.05748, -120.96525, 1964
48.05748, -120.85141, 1965
48.05748, -120.73757, 1966
48.05748, -120.62373, 1967
48.05748, -120.50989, 1968
48.05748, -120.39605, 1969
48.05748, -120.28221, 1970
48.05748, -120.16837, 1971
48.05748, -120.05453, 1972
48.05748, -119.94070, 1973
48.05748, -119.82686, 1974
48.05748, -119.71302, 1975
48.05748, -119.59918, 1976
48.05748, -119.48534, 1977
48.05748, -119.37150, 1978
48.05748, -119.25766, 1979
48.05748, -119.14382, 1980
48.05748, -119.02998, 1981
48.05748, -118.91614, 1982
48.05748, -118.80231, 1983
48.05748, -118.68847, 1984
48.05748, -118.57463, 1985
48.05748, -118.46079, 1986
48.05748, -118.34695, 1987
48.05748, -118.23311, 1988
48.05748, -118.11927, 1989
48.05748, -118.00543, 1990
48.05748, -117.89159, 1991
48.05748, -117.77775, 1992
48.05748, -117.66392, 1993
48.05748, -117.55008, 1994
48.05748, -117.43624, 1995
48.05748, -117.32240, 1996
48.05748, -117.20856, 1997
48.05748, -117.09472, 1998
48.05748, -116.98088, 1999
48.05748, -116.89882, 2000
48.14761, -124.60809, 2001
48.14761, -124.49426, 2002
48.14761, -124.38042, 2003
48.14761, -124.26658, 2004
48.14761, -124.15274, 2005
48.14761, -124.03890, 2006
48.14761, -123.92506, 2007
48.14761, -123.81122, 2008
48.14761, -123.69738, 2009
48.14761, -123.58354, 2010
48.14761, -123.46970, 2011
48.14761, -123.35587, 2012
48.14761, -123.24203, 2013
48.14761, -123.12819, 2014
48.14761, -123.01435, 2015
48.14761, -122.90051, 2016
48.14761, -122.78667, 2017
48.14761, -122.67283, 2018
48.14761, -122.55899, 2019
48.14761, -122.44515, 2020
48.14761, -122.33131, 2021
48.14761, -122.21748, 2022
48.14761, -122.10364, 2023
48.14761, -121.98980, 2024
48.14761, -121.87596, 2025
48.14761, -121.76212, 2026
48.14761, -121.64828, 2027
48.14761, -121.53444, 2028
48.14761, -121.42060, 2029
48.14761, -121.30676, 2030
48.14761, -121.19292, 2031
48.14761, -121.07909, 2032
48.14761, -120.96525, 2033
48.14761, -120.85141, 2034
48.14761, -120.73757, 2035
48.14761, -120.62373, 2036
48.14761, -120.50989, 2037
48.14761, -120.39605, 2038
48.14761, -120.28221, 2039
48.14761, -120.16837, 2040
48.14761, -120.05453, 2041
48.14761, -119.94070, 2042
48.14761, -119.82686, 2043
48.14761, -119.71302, 2044
48.14761, -119.59918, 2045
48.14761, -119.48534, 2046
48.14761, -119.37150, 2047
48.14761, -119.25766, 2048
48.14761, -119.14382, 2049
48.14761, -119.02998, 2050
48.14761, -118.91614, 2051
48.14761, -118.80231, 2052
48.14761, -118.68847, 2053
48.14761, -118.57463, 2054
48.14761, -118.46079, 2055
48.14761, -118.34695, 2056
48.14761, -118.23311, 2057
48.14761, -118.11927, 2058
48.14761, -118.00543, 2059
48.14761, -117.89159, 2060
48.14761, -117.77775, 2061
48.14761, -117.66392, 2062
48.14761, -117.55008, 2063
48.14761, -117.43624, 2064
48.14761, -117.32240, 2065
48.14761, -117.20856, 2066
48.14761, -117.09472, 2067
48.14761, -116.98088, 2068
48.14761, -116.89882, 2069
48.23774, -124.60809, 2070
48.23774, -124.49426, 2071
48.23774, -124.38042, 2072
48.23774, -124.26658, 2073
48.23774, -124.15274, 2074
48.23774, -124.03890, 2075
48.23774, -123.92506, 2076
48.23774, -123.81122, 2077
48.23774, -123.69738, 2078
48.23774, -123.58354, 2079
48.23774, -123.46970, 2080
48.23774, -123.35587, 2081
48.23774, -123.24203, 2082
48.23774, -123.12819, 2083
48.23774, -123.01435, 2084
48.23774, -122.90051, 2085
48.23774, -122.78667, 2086
48.23774, -122.67283, 2087
48.23774, -122.55899, 2088
48.23774, -122.44515, 2089
48.23774, -122.33131, 2090
48.23774, -122.21748, 2091
48.23774, -122.10364, 2092
48.23774, -121.98980, 2093
48.23774, -121.87596, 2094
48.23774, -121.76212, 2095
48.23774, -121.64828, 2096
48.23774, -121.53444, 2097
48.23774, -121.42060, 2098
48.23774, -121.30676, 2099
48.23774, -121.19292, 2100
48.23774, -121.07909, 2101
48.23774, -120.96525, 2102
48.23774, -120.85141, 2103
48.23774, -120.73757, 2104
48.23774, -120.62373, 2105
48.23774, -120.50989, 2106
48.23774, -120.39605, 2107
48.23774, -120.28221, 2108
48.23774, -120.16837, 2109
48.23774, -120.05453, 2110
48.23774, -119.94070, 2111
48.23774, -119.82686, 2112
48.23774, -119.71302, 2113
48.23774, -119.59918, 2114
48.23774, -119.48534, 2115
48.23774, -119.37150, 2116
48.23774, -119.25766, 2117
48.23774, -119.14382, 2118
48.23774, -119.02998, 2119
48.23774, -118.91614, 2120
48.23774, -118.80231, 2121
48.23774, -118.68847, 2122
48.23774, -118.57463, 2123
48.23774, -118.46079, 2124
48.23774, -118.34695, 2125
48.23774, -118.23311, 2126
48.23774, -118.11927, 2127
48.23774, -118.00543, 2128
48.23774, -117.89159, 2129
48.23774, -117.77775, 2130
48.23774, -117.66392, 2131
48.23774, -117.55008, 2132
48.23774, -117.43624, 2133
48.23774, -117.32240, 2134
48.23774, -117.20856, 2135
48.23774, -117.09472, 2136
48.23774, -116.98088, 2137
48.23774, -116.89882, 2138
48.32788, -124.60809, 2139
48.32788, -124.49426, 2140
48.32788, -124.38042, 2141
48.32788, -124.26658, 2142
48.32788, -124.15274, 2143
48.32788, -124.03890, 2144
48.32788, -123.92506, 2145
48.32788, -123.81122, 2146
48.32788, -123.69738, 2147
48.32788, -123.58354, 2148
48.32788, -123.46970, 2149
48.32788, -123.35587, 2150
48.32788, -123.24203, 2151
48.32788, -123.12819, 2152
48.32788, -123.01435, 2153
48.32788, -122.90051, 2154
48.32788, -122.78667, 2155
48.32788, -122.67283, 2156
48.32788, -122.55899, 2157
48.32788, -122.44515, 2158
48.32788, -122.33131, 2159
48.32788, -122.21748, 2160
48.32788, -122.10364, 2161
48.32788, -121.98980, 2162
48.32788, -121.87596, 2163
48.32788, -121.76212, 2164
48.32788, -121.64828, 2165
48.32788, -121.53444, 2166
48.32788, -121.42060, 2167
48.32788, -121.30676, 2168
48.32788, -121.19292, 2169
48.32788, -121.07909, 2170
48.32788, -120.96525, 2171
48.32788, -120.85141, 2172
48.32788, -120.73757, 2173
48.32788, -120.62373, 2174
48.32788, -120.50989, 2175
48.32788, -120.39605, 2176
48.32788, -120.28221, 2177
48.32788, -120.16837, 2178
48.32788, -120.05453, 2179
48.32788, -119.94070, 2180
48.32788, -119.82686, 2181
48.32788, -119.71302, 2182
48.32788, -119.59918, 2183
48.32788, -119.48534, 2184
48.32788, -119.37150, 2185
48.32788, -119.25766, 2186
48.32788, -119.14382, 2187
48.32788, -119.02998, 2188
48.32788, -118.91614, 2189
48.32788, -118.80231, 2190
48.32788, -118.68847, 2191
48.32788, -118.57463, 2192
48.32788, -118.46079, 2193
48.32788, -118.34695, 2194
48.32788, -118.23311, 2195
48.32788, -118.11927, 2196
48.32788, -118.00543, 2197
48.32788, -117.89159, 2198
48.32788, -117.77775, 2199
48.32788, -117.66392, 2200
48.32788, -117.55008, 2201
48.32788, -117.43624, 2202
48.32788, -117.32240, 2203
48.32788, -117.20856, 2204
48.32788, -117.09472, 2205
48.32788, -116.98088, 2206
48.32788, -116.89882, 2207
48.41801, -124.60809, 2208
48.41801, -124.49426, 2209
48.41801, -124.38042, 2210
48.41801, -124.26658, 2211
48.41801, -124.15274, 2212
48.41801, -124.03890, 2213
48.41801, -123.92506, 2214
48.41801, -123.81122, 2215
48.41801, -123.69738, 2216
48.41801, -123.58354, 2217
48.41801, -123.46970, 2218
48.41801, -123.35587, 2219
48.41801, -123.24203, 2220
48.41801, -123.12819, 2221
48.41801, -123.01435, 2222
48.41801, -122.90051, 2223
48.41801, -122.78667, 2224
48.41801, -122.67283, 2225
48.41801, -122.55899, 2226
48.41801, -122.44515, 2227
48.41801, -122.33131, 2228
48.41801, -122.21748, 2229
48.41801, -122.10364, 2230
48.41801, -121.98980, 2231
48.41801, -121.87596, 2232
48.41801, -121.76212, 2233
48.41801, -121.64828, 2234
48.41801, -121.53444, 2235
48.41801, -121.42060, 2236
48.41801, -121.30676, 2237
48.41801, -121.19292, 2238
48.41801, -121.07909, 2239
48.41801, -120.96525, 2240
48.41801, -120.85141, 2241
48.41801, -120.73757, 2242
48.41801, -120.62373, 2243
48.41801, -120.50989, 2244
48.41801, -120.39605, 2245
48.41801, -120.28221, 2246
48.41801, -120.16837, 2247
48.41801, -120.05453, 2248
48.41801, -119.94070, 2249
48.41801, -119.82686, 2250
48.41801, -119.71302, 2251
48.41801, -119.59918, 2252
48.41801, -119.48534, 2253
48.41801, -119.37150, 2254
48.41801, -119.25766, 2255
48.41801, -119.14382, 2256
48.41801, -119.02998, 2257
48.41801, -118.91614, 2258
48.41801, -118.80231, 2259
48.41801, -118.68847, 2260
48.41801, -118.57463, 2261
48.41801, -118.46079, 2262
48.41801, -118.34695, 2263
48.41801, -118.23311, 2264
48.41801, -118.11927, 2265
48.41801, -118.00543, 2266
48.41801, -117.89159, 2267
48.41801, -117.77775, 2268
48.41801, -117.66392, 2269
48.41801, -117.55008, 2270
48.41801, -117.43624, 2271
48.41801, -117.32240, 2272
48.41801, -117.20856, 2273
48.41801, -117.09472, 2274
48.41801, -116.98088, 2275
48.41801, -116.89882, 2276
48.50814, -124.60809, 2277
48.50814, -124.49426, 2278
48.50814, -124.38042, 2279
48.50814, -124.26658, 2280
48.50814, -124.15274, 2281
48.50814, -124.03890, 2282
48.50814, -123.92506, 2283
48.50814, -123.81122, 2284
48.50814, -123.69738, 2285
48.50814, -123.58354, 2286
48.50814, -123.46970, 2287
48.50814, -123.35587, 2288
48.50814, -123.24203, 2289
48.50814, -123.12819, 2290
48.50814, -123.01435, 2291
48.50814, -122.90051, 2292
48.50814, -122.78667, 2293
48.50814, -122.67283, 2294
48.50814, -122.55899, 2295
48.50814, -122.44515, 2296
48.50814, -122.33131, 2297
48.50814, -122.21748, 2298
48.50814, -122.10364, 2299
48.50814, -121.98980, 2300
48.50814, -121.87596, 2301
48.50814, -121.76212, 2302
48.50814, -121.64828, 2303
48.50814, -121.53444, 2304
48.50814, -121.42060, 2305
48.50814, -121.30676, 2306
48.50814, -121.19292, 2307
48.50814, -121.07909, 2308
48.50814, -120.96525, 2309
48.50814, -120.85141, 2310
48.50814, -120.73757, 2311
48.50814, -120.62373, 2312
48.50814, -120.50989, 2313
48.50814, -120.39605, 2314
48.50814, -120.28221, 2315
48.50814, -120.16837, 2316
48.50814, -120.05453, 2317
48.50814, -119.94070, 2318
48.50814, -119.82686, 2319
48.50814, -119.71302, 2320
48.50814, -119.59918, 2321
48.50814, -119.48534, 2322
48.50814, -119.37150, 2323
48.50814, -119.25766, 2324
48.50814, -119.14382, 2325
48.50814, -119.02998, 2326
48.50814, -118.91614, 2327
48.50814, -118.80231, 2328
48.50814, -118.68847, 2329
48.50814, -118.57463, 2330
48.50814, -118.46079, 2331
48.50814, -118.34695, 2332
48.50814, -118.23311, 2333
48.50814, -118.11927, 2334
48.50814, -118.00543, 2335
48.50814, -117.89159, 2336
48.50814, -117.77775, 2337
48.50814, -117.66392, 2338
48.50814, -117.55008, 2339
48.50814, -117.43624, 2340
48.50814, -117.32240, 2341
48.50814, -117.20856, 2342
48.50814, -117.09472, 2343
48.50814, -116.98088, 2344
48.50814, -116.89882, 2345
48.59828, -124.60809, 2346
48.59828, -124.49426, 2347
48.59828, -124.38042, 2348
48.59828, -124.26658, 2349
48.59828, -124.15274, 2350
48.59828, -124.03890, 2351
48.59828, -123.92506, 2352
48.59828, -123.81122, 2353
48.59828, -123.69738, 2354
48.59828, -123.58354, 2355
48.59828, -123.46970, 2356
48.59828, -123.35587, 2357
48.59828, -123.24203, 2358
48.59828, -123.12819, 2359
48.59828, -123.01435, 2360
48.59828, -122.90051, 2361
48.59828, -122.78667, 2362
48.59828, -122.67283, 2363
48.59828, -122.55899, 2364
48.59828, -122.44515, 2365
48.59828, -122.33131, 2366
48.59828, -122.21748, 2367
48.59828, -122.10364, 2368
48.59828, -121.98980, 2369
48.59828, -121.87596, 2370
48.59828, -121.76212, 2371
48.59828, -121.64828, 2372
48.59828, -121.53444, 2373
48.59828, -121.42060, 2374
48.59828, -121.30676, 2375
48.59828, -121.19292, 2376
48.59828, -121.07909, 2377
48.59828, -120.96525, 2378
48.59828, -120.85141, 2379
48.59828, -120.73757, 2380
48.59828, -120.62373, 2381
48.59828, -120.50989, 2382
48.59828, -120.39605, 2383
48.59828, -120.28221, 2384
48.59828, -120.16837, 2385
48.59828, -120.05453, 2386
48.59828, -119.94070, 2387
48.59828, -119.82686, 2388
48.59828, -119.71302, 2389
48.59828, -119.59918, 2390
48.59828, -119.48534, 2391
48.59828, -119.37150, 2392
48.59828, -119.25766, 2393
48.59828, -119.14382, 2394
48.59828, -119.02998, 2395
48.59828, -118.91614, 2396
48.59828, -118.80231, 2397
48.59828, -118.68847, 2398
48.59828, -118.57463, 2399
48.59828, -118.46079, 2400
48.59828, -118.34695, 2401
48.59828, -118.23311, 2402
48.59828, -118.11927, 2403
48.59828, -118.00543, 2404
48.59828, -117.89159, 2405
48.59828, -117.77775, 2406
48.59828, -117.66392, 2407
48.59828, -117.55008, 2408
48.59828, -117.43624, 2409
48.59828, -117.32240, 2410
48.59828, -117.20856, 2411
48.59828, -117.09472, 2412
48.59828, -116.98088, 2413
48.59828, -116.89882, 2414
48.68841, -124.60809, 2415
48.68841, -124.49426, 2416
48.68841, -124.38042, 2417
48.68841, -124.26658, 2418
48.68841, -124.15274, 2419
48.68841, -124.03890, 2420
48.68841, -123.92506, 2421
48.68841, -123.81122, 2422
48.68841, -123.69738, 2423
48.68841, -123.58354, 2424
48.68841, -123.46970, 2425
48.68841, -123.35587, 2426
48.68841, -123.24203, 2427
48.68841, -123.12819, 2428
48.68841, -123.01435, 2429
48.68841, -122.90051, 2430
48.68841, -122.78667, 2431
48.68841, -122.67283, 2432
48.68841, -122.55899, 2433
48.68841, -122.44515, 2434
48.68841, -122.33131, 2435
48.68841, -122.21748, 2436
48.68841, -122.10364, 2437
48.68841, -121.98980, 2438
48.68841, -121.87596, 2439
48.68841, -121.76212, 2440
48.68841, -121.64828, 2441
48.68841, -121.53444, 2442
48.68841, -121.42060, 2443
48.68841, -121.30676, 2444
48.68841, -121.19292, 2445
48.68841, -121.07909, 2446
48.68841, -120.96525, 2447
48.68841, -120.85141, 2448
48.68841, -120.73757, 2449
48.68841, -120.62373, 2450
48.68841, -120.50989, 2451
48.68841, -120.39605, 2452
48.68841, -120.28221, 2453
48.68841, -120.16837, 2454
48.68841, -120.05453, 2455
48.68841, -119.94070, 2456
48.68841, -119.82686, 2457
48.68841, -119.71302, 2458
48.68841, -119.59918, 2459
48.68841, -119.48534, 2460
48.68841, -119.37150, 2461
48.68841, -119.25766, 2462
48.68841, -119.14382, 2463
48.68841, -119.02998, 2464
48.68841, -118.91614, 2465
48.68841, -118.80231, 2466
48.68841, -118.68847, 2467
48.68841, -118.57463, 2468
48.68841, -118.46079, 2469
48.68841, -118.34695, 2470
48.68841, -118.23311, 2471
48.68841, -118.11927, 2472
48.68841, -118.00543, 2473
48.68841, -117.89159, 2474
48.68841, -117.77775, 2475
48.68841, -117.66392, 2476
48.68841, -117.55008, 2477
48.68841, -117.43624, 2478
48.68841, -117.32240, 2479
48.68841, -117.20856, 2480
48.68841, -117.09472, 2481
48.68841, -116.98088, 2482
48.68841, -116.89882, 2483
48.77854, -124.60809, 2484
48.77854, -124.49426, 2485
48.77854, -124.38042, 2486
48.77854, -124.26658, 2487
48.77854, -124.15274, 2488
48.77854, -124.03890, 2489
48.77854, -123.92506, 2490
48.77854, -123.81122, 2491
48.77854, -123.69738, 2492
48.77854, -123.58354, 2493
48.77854, -123.46970, 2494
48.77854, -123.35587, 2495
48.77854, -123.24203, 2496
48.77854, -123.12819, 2497
48.77854, -123.01435, 2498
48.77854, -122.90051, 2499
48.77854, -122.78667, 2500
48.77854, -122.67283, 2501
48.77854, -122.55899, 2502
48.77854, -122.44515, 2503
48.77854, -122.33131, 2504
48.77854, -122.21748, 2505
48.77854, -122.10364, 2506
48.77854, -121.98980, 2507
48.77854, -121.87596, 2508
48.77854, -121.76212, 2509
48.77854, -121.64828, 2510
48.77854, -121.53444, 2511
48.77854, -121.42060, 2512
48.77854, -121.30676, 2513
48.77854, -121.19292, 2514
48.77854, -121.07909, 2515
48.77854, -120.96525, 2516
48.77854, -120.85141, 2517
48.77854, -120.73757, 2518
48.77854, -120.62373, 2519
48.77854, -120.50989, 2520
48.77854, -120.39605, 2521
48.77854, -120.28221, 2522
48.77854, -120.16837, 2523
48.77854, -120.05453, 2524
48.77854, -119.94070, 2525
48.77854, -119.82686, 2526
48.77854, -119.71302, 2527
48.77854, -119.59918, 2528
48.77854, -119.48534, 2529
48.77854, -119.37150, 2530
48.77854, -119.25766, 2531
48.77854, -119.14382, 2532
48.77854, -119.02998, 2533
48.77854, -118.91614, 2534
48.77854, -118.80231, 2535
48.77854, -118.68847, 2536
48.77854, -118.57463, 2537
48.77854, -118.46079, 2538
48.77854, -118.34695, 2539
48.77854, -118.23311, 2540
48.77854, -118.11927, 2541
48.77854, -118.00543, 2542
48.77854, -117.89159, 2543
48.77854, -117.77775, 2544
48.77854, -117.66392, 2545
48.77854, -117.55008, 2546
48.77854, -117.43624, 2547
48.77854, -117.32240, 2548
48.77854, -117.20856, 2549
48.77854, -117.09472, 2550
48.77854, -116.98088, 2551
48.77854, -116.89882, 2552
48.86868, -124.60809, 2553
48.86868, -124.49426, 2554
48.86868, -124.38042, 2555
48.86868, -124.26658, 2556
48.86868, -124.15274, 2557
48.86868, -124.03890, 2558
48.86868, -123.92506, 2559
48.86868, -123.81122, 2560
48.86868, -123.69738, 2561
48.86868, -123.58354, 2562
48.86868, -123.46970, 2563
48.86868, -123.35587, 2564
48.86868, -123.24203, 2565
48.86868, -123.12819, 2566
48.86868, -123.01435, 2567
48.86868, -122.90051, 2568
48.86868, -122.78667, 2569
48.86868, -122.67283, 2570
48.86868, -122.55899, 2571
48.86868, -122.44515, 2572
48.86868, -122.33131, 2573
48.86868, -122.21748, 2574
48.86868, -122.10364, 2575
48.86868, -121.98980, 2576
48.86868, -121.87596, 2577
48.86868, -121.76212, 2578
48.86868, -121.64828, 2579
48.86868, -121.53444, 2580
48.86868, -121.42060, 2581
48.86868, -121.30676, 2582
48.86868, -121.19292, 2583
48.86868, -121.07909, 2584
48.86868, -120.96525, 2585
48.86868, -120.85141, 2586
48.86868, -120.73757, 2587
48.86868, -120.62373, 2588
48.86868, -120.50989, 2589
48.86868, -120.39605, 2590
48.86868, -120.28221, 2591
48.86868, -120.16837, 2592
48.86868, -120.05453, 2593
48.86868, -119.94070, 2594
48.86868, -119.82686, 2595
48.86868, -119.71302, 2596
48.86868, -119.59918, 2597
48.86868, -119.48534, 2598
48.86868, -119.37150, 2599
48.86868, -119.25766, 2600
48.86868, -119.14382, 2601
48.86868, -119.02998, 2602
48.86868, -118.91614, 2603
48.86868, -118.80231, 2604
48.86868, -118.68847, 2605
48.86868, -118.57463, 2606
48.86868, -118.46079, 2607
48.86868, -118.34695, 2608
48.86868, -118.23311, 2609
48.86868, -118.11927, 2610
48.86868, -118.00543, 2611
48.86868, -117.89159, 2612
48.86868, -117.77775, 2613
48.86868, -117.66392, 2614
48.86868, -117.55008, 2615
48.86868, -117.43624, 2616
48.86868, -117.32240, 2617
48.86868, -117.20856, 2618
48.86868, -117.09472, 2619
48.86868, -116.98088, 2620
48.86868, -116.89882, 2621
48.95881, -124.60809, 2622
48.95881, -124.49426, 2623
48.95881, -124.38042, 2624
48.95881, -124.26658, 2625
48.95881, -124.15274, 2626
48.95881, -124.03890, 2627
48.95881, -123.92506, 2628
48.95881, -123.81122, 2629
48.95881, -123.69738, 2630
48.95881, -123.58354, 2631
48.95881, -123.46970, 2632
48.95881, -123.35587, 2633
48.95881, -123.24203, 2634
48.95881, -123.12819, 2635
48.95881, -123.01435, 2636
48.95881, -122.90051, 2637
48.95881, -122.78667, 2638
48.95881, -122.67283, 2639
48.95881, -122.55899, 2640
48.95881, -122.44515, 2641
48.95881, -122.33131, 2642
48.95881, -122.21748, 2643
48.95881, -122.10364, 2644
48.95881, -121.98980, 2645
48.95881, -121.87596, 2646
48.95881, -121.76212, 2647
48.95881, -121.64828, 2648
48.95881, -121.53444, 2649
48.95881, -121.42060, 2650
48.95881, -121.30676, 2651
48.95881, -121.19292, 2652
48.95881, -121.07909, 2653
48.95881, -120.96525, 2654
48.95881, -120.85141, 2655
48.95881, -120.73757, 2656
48.95881, -120.62373, 2657
48.95881, -120.50989, 2658
48.95881, -120.39605, 2659
48.95881, -120.28221, 2660
48.95881, -120.16837, 2661
48.95881, -120.05453, 2662
48.95881, -119.94070, 2663
48.95881, -119.82686, 2664
48.95881, -119.71302, 2665
48.95881, -119.59918, 2666
48.95881, -119.48534, 2667
48.95881, -119.37150, 2668
48.95881, -119.25766, 2669
48.95881, -119.14382, 2670
48.95881, -119.02998, 2671
48.95881, -118.91614, 2672
48.95881, -118.80231, 2673
48.95881, -118.68847, 2674
48.95881, -118.57463, 2675
48.95881, -118.46079, 2676
48.95881, -118.34695, 2677
48.95881, -118.23311, 2678
48.95881, -118.11927, 2679
48.95881, -118.00543, 2680
48.95881, -117.89159, 2681
48.95881, -117.77775, 2682
48.95881, -117.66392, 2683
48.95881, -117.55008, 2684
48.95881, -117.43624, 2685
48.95881, -117.32240, 2686
48.95881, -117.20856, 2687
48.95881, -117.09472, 2688
48.95881, -116.98088, 2689
48.95881, -116.89882, 2690
49.04894, -124.60809, 2691
49.04894, -124.49426, 2692
49.04894, -124.38042, 2693
49.04894, -124.26658, 2694
49.04894, -124.15274, 2695
49.04894, -124.03890, 2696
49.04894, -123.92506, 2697
49.04894, -123.81122, 2698
49.04894, -123.69738, 2699
49.04894, -123.58354, 2700
49.04894, -123.46970, 2701
49.04894, -123.35587, 2702
49.04894, -123.24203, 2703
49.04894, -123.12819, 2704
49.04894, -123.01435, 2705
49.04894, -122.90051, 2706
49.04894, -122.78667, 2707
49.04894, -122.67283, 2708
49.04894, -122.55899, 2709
49.04894, -122.44515, 2710
49.04894, -122.33131, 2711
49.04894, -122.21748, 2712
49.04894, -122.10364, 2713
49.04894, -121.98980, 2714
49.04894, -121.87596, 2715
49.04894, -121.76212, 2716
49.04894, -121.64828, 2717
49.04894, -121.53444, 2718
49.04894, -121.42060, 2719
49.04894, -121.30676, 2720
49.04894, -121.19292, 2721
49.04894, -121.07909, 2722
49.04894, -120.96525, 2723
49.04894, -120.85141, 2724
49.04894, -120.73757, 2725
49.04894, -120.62373, 2726
49.04894, -120.50989, 2727
49.04894, -120.39605, 2728
49.04894, -120.28221, 2729
49.04894, -120.16837, 2730
49.04894, -120.05453, 2731
49.04894, -119.94070, 2732
49.04894, -119.82686, 2733
49.04894, -119.71302, 2734
49.04894, -119.59918, 2735
49.04894, -119.48534, 2736
49.04894, -119.37150, 2737
49.04894, -119.25766, 2738
49.04894, -119.14382, 2739
49.04894, -119.02998, 2740
49.04894, -118.91614, 2741
49.04894, -118.80231, 2742
49.04894, -118.68847, 2743
49.04894, -118.57463, 2744
49.04894, -118.46079, 2745
49.04894, -118.34695, 2746
49.04894, -118.23311, 2747
49.04894, -118.11927, 2748
49.04894, -118.00543, 2749
49.04894, -117.89159, 2750
49.04894, -117.77775, 2751
49.04894, -117.66392, 2752
49.04894, -117.55008, 2753
49.04894, -117.43624, 2754
49.04894, -117.32240, 2755
49.04894, -117.20856, 2756
49.04894, -117.09472, 2757
49.04894, -116.98088, 2758
49.04894, -116.89882, 2759
49.13907, -124.60809, 2760
49.13907, -124.49426, 2761
49.13907, -124.38042, 2762
49.13907, -124.26658, 2763
49.13907, -124.15274, 2764
49.13907, -124.03890, 2765
49.13907, -123.92506, 2766
49.13907, -123.81122, 2767
49.13907, -123.69738, 2768
49.13907, -123.58354, 2769
49.13907, -123.46970, 2770
49.13907, -123.35587, 2771
49.13907, -123.24203, 2772
49.13907, -123.12819, 2773
49.13907, -123.01435, 2774
49.13907, -122.90051, 2775
49.13907, -122.78667, 2776
49.13907, -122.67283, 2777
49.13907, -122.55899, 2778
49.13907, -122.44515, 2779
49.13907, -122.33131, 2780
49.13907, -122.21748, 2781
49.13907, -122.10364, 2782
49.13907, -121.98980, 2783
49.13907, -121.87596, 2784
49.13907, -121.76212, 2785
49.13907, -121.64828, 2786
49.13907, -121.53444, 2787
49.13907, -121.42060, 2788
49.13907, -121.30676, 2789
49.13907, -121.19292, 2790
49.13907, -121.07909, 2791
49.13907, -120.96525, 2792
49.13907, -120.85141, 2793
49.13907, -120.73757, 2794
49.13907, -120.62373, 2795
49.13907, -120.50989, 2796
49.13907, -120.39605, 2797
49.13907, -120.28221, 2798
49.13907, -120.16837, 2799
49.13907, -120.05453, 2800
49.13907, -119.94070, 2801
49.13907, -119.82686, 2802
49.13907, -119.71302, 2803
49.13907, -119.59918, 2804
49.13907, -119.48534, 2805
49.13907, -119.37150, 2806
49.13907, -119.25766, 2807
49.13907, -119.14382, 2808
49.13907, -119.02998, 2809
49.13907, -118.91614, 2810
49.13907, -118.80231, 2811
49.13907, -118.68847, 2812
49.13907, -118.57463, 2813
49.13907, -118.46079, 2814
49.13907, -118.34695, 2815
49.13907, -118.23311, 2816
49.13907, -118.11927, 2817
49.13907, -118.00543, 2818
49.13907, -117.89159, 2819
49.13907, -117.77775, 2820
49.13907, -117.66392, 2821
49.13907, -117.55008, 2822
49.13907, -117.43624, 2823
49.13907, -117.32240, 2824
49.13907, -117.20856, 2825
49.13907, -117.09472, 2826
49.13907, -116.98088, 2827
49.13907, -116.89882, 2828
49.22921, -124.60809, 2829
49.22921, -124.49426, 2830
49.22921, -124.38042, 2831
49.22921, -124.26658, 2832
49.22921, -124.15274, 2833
49.22921, -124.03890, 2834
49.22921, -123.92506, 2835
49.22921, -123.81122, 2836
49.22921, -123.69738, 2837
49.22921, -123.58354, 2838
49.22921, -123.46970, 2839
49.22921, -123.35587, 2840
49.22921, -123.24203, 2841
49.22921, -123.12819, 2842
49.22921, -123.01435, 2843
49.22921, -122.90051, 2844
49.22921, -122.78667, 2845
49.22921, -122.67283, 2846
49.22921, -122.55899, 2847
49.22921, -122.44515, 2848
49.22921, -122.33131, 2849
49.22921, -122.21748, 2850
49.22921, -122.10364, 2851
49.22921, -121.98980, 2852
49.22921, -121.87596, 2853
49.22921, -121.76212, 2854
49.22921, -121.64828, 2855
49.22921, -121.53444, 2856
49.22921, -121.42060, 2857
49.22921, -121.30676, 2858
49.22921, -121.19292, 2859
49.22921, -121.07909, 2860
49.22921, -120.96525, 2861
49.22921, -120.85141, 2862
49.22921, -120.73757, 2863
49.22921, -120.62373, 2864
49.22921, -120.50989, 2865
49.22921, -120.39605, 2866
49.22921, -120.28221, 2867
49.22921, -120.16837, 2868
49.22921, -120.05453, 2869
49.22921, -119.94070, 2870
49.22921, -119.82686, 2871
49.22921, -119.71302, 2872
49.22921, -119.59918, 2873
49.22921, -119.48534, 2874
49.22921, -119.37150, 2875
49.22921, -119.25766, 2876
49.22921, -119.14382, 2877
49.22921, -119.02998, 2878
49.22921, -118.91614, 2879
49.22921, -118.80231, 2880
49.22921, -118.68847, 2881
49.22921, -118.57463, 2882
49.22921, -118.46079, 2883
49.22921, -118.34695, 2884
49.22921, -118.23311, 2885
49.22921, -118.11927, 2886
49.22921, -118.00543, 2887
49.22921, -117.89159, 2888
49.22921, -117.77775, 2889
49.22921, -117.66392, 2890
49.22921, -117.55008, 2891
49.22921, -117.43624, 2892
49.22921, -117.32240, 2893
49.22921, -117.20856, 2894
49.22921, -117.09472, 2895
49.22921, -116.98088, 2896
49.22921, -116.89882, 2897
49.31934, -124.60809, 2898
49.31934, -124.49426, 2899
49.31934, -124.38042, 2900
49.31934, -124.26658, 2901
49.31934, -124.15274, 2902
49.31934, -124.03890, 2903
49.31934, -123.92506, 2904
49.31934, -123.81122, 2905
49.31934, -123.69738, 2906
49.31934, -123.58354, 2907
49.31934, -123.46970, 2908
49.31934, -123.35587, 2909
49.31934, -123.24203, 2910
49.31934, -123.12819, 2911
49.31934, -123.01435, 2912
49.31934, -122.90051, 2913
49.31934, -122.78667, 2914
49.31934, -122.67283, 2915
49.31934, -122.55899, 2916
49.31934, -122.44515, 2917
49.31934, -122.33131, 2918
49.31934, -122.21748, 2919
49.31934, -122.10364, 2920
49.31934, -121.98980, 2921
49.31934, -121.87596, 2922
49.31934, -121.76212, 2923
49.31934, -121.64828, 2924
49.31934, -121.53444, 2925
49.31934, -121.42060, 2926
49.31934, -121.30676, 2927
49.31934, -121.19292, 2928
49.31934, -121.07909, 2929
49.31934, -120.96525, 2930
49.31934, -120.85141, 2931
49.31934, -120.73757, 2932
49.31934, -120.62373, 2933
49.31934, -120.50989, 2934
49.31934, -120.39605, 2935
49.31934, -120.28221, 2936
49.31934, -120.16837, 2937
49.31934, -120.05453, 2938
49.31934, -119.94070, 2939
49.31934, -119.82686, 2940
49.31934, -119.71302, 2941
49.31934, -119.59918, 2942
49.31934, -119.48534, 2943
49.31934, -119.37150, 2944
49.31934, -119.25766, 2945
49.31934, -119.14382, 2946
49.31934, -119.02998, 2947
49.31934, -118.91614, 2948
49.31934, -118.80231, 2949
49.31934, -118.68847, 2950
49.31934, -118.57463, 2951
49.31934, -118.46079, 2952
49.31934, -118.34695, 2953
49.31934, -118.23311, 2954
49.31934, -118.11927, 2955
49.31934, -118.00543, 2956
49.31934, -117.89159, 2957
49.31934, -117.77775, 2958
49.31934, -117.66392, 2959
49.31934, -117.55008, 2960
49.31934, -117.43624, 2961
49.31934, -117.32240, 2962
49.31934, -117.20856, 2963
49.31934, -117.09472, 2964
49.31934, -116.98088, 2965
49.31934, -116.89882, 2966
49.40947, -124.60809, 2967
49.40947, -124.49426, 2968
49.40947, -124.38042, 2969
49.40947, -124.26658, 2970
49.40947, -124.15274, 2971
49.40947, -124.03890, 2972
49.40947, -123.92506, 2973
49.40947, -123.81122, 2974
49.40947, -123.69738, 2975
49.40947, -123.58354, 2976
49.40947, -123.46970, 2977
49.40947, -123.35587, 2978
49.40947, -123.24203, 2979
49.40947, -123.12819, 2980
49.40947, -123.01435, 2981
49.40947, -122.90051, 2982
49.40947, -122.78667, 2983
49.40947, -122.67283, 2984
49.40947, -122.55899, 2985
49.40947, -122.44515, 2986
49.40947, -122.33131, 2987
49.40947, -122.21748, 2988
49.40947, -122.10364, 2989
49.40947, -121.98980, 2990
49.40947, -121.87596, 2991
49.40947, -121.76212, 2992
49.40947, -121.64828, 2993
49.40947, -121.53444, 2994
49.40947, -121.42060, 2995
49.40947, -121.30676, 2996
49.40947, -121.19292, 2997
49.40947, -121.07909, 2998
49.40947, -120.96525, 2999
49.40947, -120.85141, 3000
49.40947, -120.73757, 3001
49.40947, -120.62373, 3002
49.40947, -120.50989, 3003
49.40947, -120.39605, 3004
49.40947, -120.28221, 3005
49.40947, -120.16837, 3006
49.40947, -120.05453, 3007
49.40947, -119.94070, 3008
49.40947, -119.82686, 3009
49.40947, -119.71302, 3010
49.40947, -119.59918, 3011
49.40947, -119.48534, 3012
49.40947, -119.37150, 3013
49.40947, -119.25766, 3014
49.40947, -119.14382, 3015
49.40947, -119.02998, 3016
49.40947, -118.91614, 3017
49.40947, -118.80231, 3018
49.40947, -118.68847, 3019
49.40947, -118.57463, 3020
49.40947, -118.46079, 3021
49.40947, -118.34695, 3022
49.40947, -118.23311, 3023
49.40947, -118.11927, 3024
49.40947, -118.00543, 3025
49.40947, -117.89159, 3026
49.40947, -117.77775, 3027
49.40947, -117.66392, 3028
49.40947, -117.55008, 3029
49.40947, -117.43624, 3030
49.40947, -117.32240, 3031
49.40947, -117.20856, 3032
49.40947, -117.09472, 3033
49.40947, -116.98088, 3034
49.40947, -116.89882, 3035
49.49961, -124.60809, 3036
49.49961, -124.49426, 3037
49.49961, -124.38042, 3038
49.49961, -124.26658, 3039
49.49961, -124.15274, 3040
49.49961, -124.03890, 3041
49.49961, -123.92506, 3042
49.49961, -123.81122, 3043
49.49961, -123.69738, 3044
49.49961, -123.58354, 3045
49.49961, -123.46970, 3046
49.49961, -123.35587, 3047
49.49961, -123.24203, 3048
49.49961, -123.12819, 3049
49.49961, -123.01435, 3050
49.49961, -122.90051, 3051
49.49961, -122.78667, 3052
49.49961, -122.67283, 3053
49.49961, -122.55899, 3054
49.49961, -122.44515, 3055
49.49961, -122.33131, 3056
49.49961, -122.21748, 3057
49.49961, -122.10364, 3058
49.49961, -121.98980, 3059
49.49961, -121.87596, 3060
49.49961, -121.76212, 3061
49.49961, -121.64828, 3062
49.49961, -121.53444, 3063
49.49961, -121.42060, 3064
49.49961, -121.30676, 3065
49.49961, -121.19292, 3066
49.49961, -121.07909, 3067
49.49961, -120.96525, 3068
49.49961, -120.85141, 3069
49.49961, -120.73757, 3070
49.49961, -120.62373, 3071
49.49961, -120.50989, 3072
49.49961, -120.39605, 3073
49.49961, -120.28221, 3074
49.49961, -120.16837, 3075
49.49961, -120.05453, 3076
49.49961, -119.94070, 3077
49.49961, -119.82686, 3078
49.49961, -119.71302, 3079
49.49961, -119.59918, 3080
49.49961, -119.48534, 3081
49.49961, -119.37150, 3082
49.49961, -119.25766, 3083
49.49961, -119.14382, 3084
49.49961, -119.02998, 3085
49.49961, -118.91614, 3086
49.49961, -118.80231, 3087
49.49961, -118.68847, 3088
49.49961, -118.57463, 3089
49.49961, -118.46079, 3090
49.49961, -118.34695, 3091
49.49961, -118.23311, 3092
49.49961, -118.11927, 3093
49.49961, -118.00543, 3094
49.49961, -117.89159, 3095
49.49961, -117.77775, 3096
49.49961, -117.66392, 3097
49.49961, -117.55008, 3098
49.49961, -117.43624, 3099
49.49961, -117.32240, 3100
49.49961, -117.20856, 3101
49.49961, -117.09472, 3102
49.49961, -116.98088, 3103
49.49961, -116.89882, 3104
49.54634, -124.60809, 3105
49.54634, -124.49426, 3106
49.54634, -124.38042, 3107
49.54634, -124.26658, 3108
49.54634, -124.15274, 3109
49.54634, -124.03890, 3110
49.54634, -123.92506, 3111
49.54634, -123.81122, 3112
49.54634, -123.69738, 3113
49.54634, -123.58354, 3114
49.54634, -123.46970, 3115
49.54634, -123.35587, 3116
49.54634, -123.24203, 3117
49.54634, -123.12819, 3118
49.54634, -123.01435, 3119
49.54634, -122.90051, 3120
49.54634, -122.78667, 3121
49.54634, -122.67283, 3122
49.54634, -122.55899, 3123
49.54634, -122.44515, 3124
49.54634, -122.33131, 3125
49.54634, -122.21748, 3126
49.54634, -122.10364, 3127
49.54634, -121.98980, 3128
49.54634, -121.87596, 3129
49.54634, -121.76212, 3130
49.54634, -121.64828, 3131
49.54634, -121.53444, 3132
49.54634, -121.42060, 3133
49.54634, -121.30676, 3134
49.54634, -121.19292, 3135
49.54634, -121.07909, 3136
49.54634, -120.96525, 3137
49.54634, -120.85141, 3138
49.54634, -120.73757, 3139
49.54634, -120.62373, 3140
49.54634, -120.50989, 3141
49.54634, -120.39605, 3142
49.54634, -120.28221, 3143
49.54634, -120.16837, 3144
49.54634, -120.05453, 3145
49.54634, -119.94070, 3146
49.54634, -119.82686, 3147
49.54634, -119.71302, 3148
49.54634, -119.59918, 3149
49.54634, -119.48534, 3150
49.54634, -119.37150, 3151
49.54634, -119.25766, 3152
49.54634, -119.14382, 3153
49.54634, -119.02998, 3154
49.54634, -118.91614, 3155
49.54634, -118.80231, 3156
49.54634, -118.68847, 3157
49.54634, -118.57463, 3158
49.54634, -118.46079, 3159
49.54634, -118.34695, 3160
49.54634, -118.23311, 3161
49.54634, -118.11927, 3162
49.54634, -118.00543, 3163
49.54634, -117.89159, 3164
49.54634, -117.77775, 3165
49.54634, -117.66392, 3166
49.54634, -117.55008, 3167
49.54634, -117.43624, 3168
49.54634, -117.32240, 3169
49.54634, -117.20856, 3170
49.54634, -117.09472, 3171
49.54634, -116.98088, 3172
49.54634, -116.89882, 3173
