45.14277, -125.09671, 0.00000
45.14277, -124.96010, 0.00000
45.14277, -124.82350, 0.00000
45.14277, -124.68689, 0.00000
45.14277, -124.55028, 0.00000
45.14277, -124.41368, 0.00000
45.14277, -124.27707, 0.00000
45.14277, -124.14046, 528.80000
45.14277, -124.00386, 594.15000
45.14277, -123.86725, 562.97500
45.14277, -123.73064, 526.87333
45.14277, -123.59404, 504.44667
45.14277, -123.45743, 439.89333
45.14277, -123.32082, 378.73333
45.14277, -123.18422, 348.73333
45.14277, -123.04761, 308.74667
45.14277, -122.91100, 309.56667
45.14277, -122.77439, 316.51333
45.14277, -122.63779, 390.31333
45.14277, -122.50118, 482.55833
45.14277, -122.36457, 495.34000
45.14277, -122.22797, 466.75333
45.14277, -122.09136, 445.38667
45.14277, -121.95475, 362.34667
45.14277, -121.81815, 309.16667
45.14277, -121.68154, 276.45333
45.14277, -121.54493, 191.10000
45.14277, -121.40833, 113.56667
45.14277, -121.27172, 84.36000
45.14277, -121.13511, 66.80000
45.14277, -120.99851, 61.58333
45.14277, -120.86190, 51.64000
45.14277, -120.72529, 44.72000
45.14277, -120.58869, 43.06667
45.14277, -120.45208, 39.36000
45.14277, -120.31547, 39.60667
45.14277, -120.17887, 40.37333
45.14277, -120.04226, 42.96667
45.14277, -119.90565, 48.20000
45.14277, -119.76905, 49.50000
45.14277, -119.63244, 53.28000
45.14277, -119.49583, 59.61333
45.14277, -119.35922, 60.86667
45.14277, -119.22262, 65.33333
45.14277, -119.08601, 71.81667
45.14277, -118.94940, 73.16000
45.14277, -118.81280, 76.86667
45.14277, -118.67619, 78.75333
45.14277, -118.53958, 77.03333
45.14277, -118.40298, 75.52000
45.14277, -118.26637, 74.76667
45.14277, -118.12976, 71.11333
45.14277, -117.99316, 72.58000
45.14277, -117.85655, 70.36667
45.14277, -117.71994, 69.32667
45.14277, -117.58334, 72.39167
45.14277, -117.44673, 72.87333
45.14277, -117.31012, 77.61333
45.14277, -117.17352, 80.96000
45.14277, -117.03691, 83.00667
45.14277, -116.90030, 87.16000
45.14277, -116.76370, 86.65333
45.14277, -116.62709, 82.91333
45.14277, -116.49048, 84.65833
45.14277, -116.39793, 81.47500
45.25093, -125.09671, 0.00000
45.25093, -124.96010, 0.00000
45.25093, -124.82350, 0.00000
45.25093, -124.68689, 0.00000
45.25093, -124.55028, 0.00000
45.25093, -124.41368, 0.00000
45.25093, -124.27707, 0.00000
45.25093, -124.14046, 530.08000
45.25093, -124.00386, 575.31111
45.25093, -123.86725, 553.44706
45.25093, -123.73064, 521.34500
45.25093, -123.59404, 508.86000
45.25093, -123.45743, 439.91500
45.25093, -123.32082, 387.29500
45.25093, -123.18422, 356.19000
45.25093, -123.04761, 319.87500
45.25093, -122.91100, 314.61500
45.25093, -122.77439, 319.13500
45.25093, -122.63779, 388.06000
45.25093, -122.50118, 482.66250
45.25093, -122.36457, 494.54000
45.25093, -122.22797, 471.93000
45.25093, -122.09136, 448.81500
45.25093, -121.95475, 366.33000
45.25093, -121.81815, 318.81000
45.25093, -121.68154, 288.46500
45.25093, -121.54493, 206.34500
45.25093, -121.40833, 121.95000
45.25093, -121.27172, 90.39500
45.25093, -121.13511, 67.08500
45.25093, -120.99851, 61.48750
45.25093, -120.86190, 50.70000
45.25093, -120.72529, 43.30500
45.25093, -120.58869, 41.39000
45.25093, -120.45208, 37.75500
45.25093, -120.31547, 38.11500
45.25093, -120.17887, 38.87500
45.25093, -120.04226, 41.03000
45.25093, -119.90565, 45.27500
45.25093, -119.76905, 46.38500
45.25093, -119.63244, 49.94500
45.25093, -119.49583, 56.96500
45.25093, -119.35922, 59.27500
45.25093, -119.22262, 64.22500
45.25093, -119.08601, 71.40625
45.25093, -118.94940, 72.82000
45.25093, -118.81280, 77.66000
45.25093, -118.67619, 79.24000
45.25093, -118.53958, 77.40500
45.25093, -118.40298, 75.23000
45.25093, -118.26637, 74.36000
45.25093, -118.12976, 71.17000
45.25093, -117.99316, 73.47000
45.25093, -117.85655, 71.77500
45.25093, -117.71994, 70.62500
45.25093, -117.58334, 73.40000
45.25093, -117.44673, 72.82500
45.25093, -117.31012, 77.00000
45.25093, -117.17352, 81.31000
45.25093, -117.03691, 85.81500
45.25093, -116.90030, 91.50500
45.25093, -116.76370, 89.78000
45.25093, -116.62709, 84.11500
45.25093, -116.49048, 85.91250
45.25093, -116.39793, 85.33000
45.35909, -125.09671, 0.00000
45.35909, -124.96010, 0.00000
45.35909, -124.82350, 0.00000
45.35909, -124.68689, 0.00000
45.35909, -124.55028, 0.00000
45.35909, -124.41368, 0.00000
45.35909, -124.27707, 0.00000
45.35909, -124.14046, 542.30000
45.35909, -124.00386, 591.62222
45.35909, -123.86725, 555.20588
45.35909, -123.73064, 519.37000
45.35909, -123.59404, 511.71500
45.35909, -123.45743, 446.83500
45.35909, -123.32082, 396.04000
45.35909, -123.18422, 370.96000
45.35909, -123.04761, 335.45500
45.35909, -122.91100, 327.38000
45.35909, -122.77439, 321.77500
45.35909, -122.63779, 396.91500
45.35909, -122.50118, 491.34375
45.35909, -122.36457, 505.55500
45.35909, -122.22797, 480.28000
45.35909, -122.09136, 458.08000
45.35909, -121.95475, 380.44000
45.35909, -121.81815, 330.23000
45.35909, -121.68154, 303.81500
45.35909, -121.54493, 221.23000
45.35909, -121.40833, 133.06000
45.35909, -121.27172, 94.21000
45.35909, -121.13511, 67.25500
45.35909, -120.99851, 61.95000
45.35909, -120.86190, 49.67000
45.35909, -120.72529, 41.11000
45.35909, -120.58869, 39.33000
45.35909, -120.45208, 35.96000
45.35909, -120.31547, 35.92500
45.35909, -120.17887, 36.33000
45.35909, -120.04226, 37.78000
45.35909, -119.90565, 40.73000
45.35909, -119.76905, 41.44000
45.35909, -119.63244, 45.43500
45.35909, -119.49583, 53.44500
45.35909, -119.35922, 56.28500
45.35909, -119.22262, 62.84500
45.35909, -119.08601, 70.41875
45.35909, -118.94940, 71.09000
45.35909, -118.81280, 76.30000
45.35909, -118.67619, 79.08000
45.35909, -118.53958, 78.79000
45.35909, -118.40298, 76.53500
45.35909, -118.26637, 75.72000
45.35909, -118.12976, 74.14000
45.35909, -117.99316, 77.17000
45.35909, -117.85655, 75.36500
45.35909, -117.71994, 74.47000
45.35909, -117.58334, 77.31875
45.35909, -117.44673, 75.76000
45.35909, -117.31012, 80.22500
45.35909, -117.17352, 87.14500
45.35909, -117.03691, 94.42000
45.35909, -116.90030, 98.50500
45.35909, -116.76370, 96.05500
45.35909, -116.62709, 88.68500
45.35909, -116.49048, 91.28125
45.35909, -116.39793, 87.23636
45.46725, -125.09671, 0.00000
45.46725, -124.96010, 0.00000
45.46725, -124.82350, 0.00000
45.46725, -124.68689, 0.00000
45.46725, -124.55028, 0.00000
45.46725, -124.41368, 0.00000
45.46725, -124.27707, 0.00000
45.46725, -124.14046, 525.82000
45.46725, -124.00386, 570.77778
45.46725, -123.86725, 558.25294
45.46725, -123.73064, 522.96500
45.46725, -123.59404, 525.32500
45.46725, -123.45743, 453.22000
45.46725, -123.32082, 425.15000
45.46725, -123.18422, 394.80000
45.46725, -123.04761, 366.75000
45.46725, -122.91100, 344.24500
45.46725, -122.77439, 331.89000
45.46725, -122.63779, 390.71000
45.46725, -122.50118, 485.32500
45.46725, -122.36457, 506.41500
45.46725, -122.22797, 478.10000
45.46725, -122.09136, 452.36000
45.46725, -121.95475, 375.29000
45.46725, -121.81815, 328.49500
45.46725, -121.68154, 295.91500
45.46725, -121.54493, 215.05000
45.46725, -121.40833, 128.42000
45.46725, -121.27172, 92.79000
45.46725, -121.13511, 59.73500
45.46725, -120.99851, 54.72500
45.46725, -120.86190, 45.24000
45.46725, -120.72529, 38.09500
45.46725, -120.58869, 36.67500
45.46725, -120.45208, 33.84500
45.46725, -120.31547, 33.62000
45.46725, -120.17887, 33.41500
45.46725, -120.04226, 33.27000
45.46725, -119.90565, 34.47000
45.46725, -119.76905, 34.53000
45.46725, -119.63244, 36.55000
45.46725, -119.49583, 41.95000
45.46725, -119.35922, 44.21000
45.46725, -119.22262, 49.74500
45.46725, -119.08601, 56.60000
45.46725, -118.94940, 56.99000
45.46725, -118.81280, 64.22000
45.46725, -118.67619, 69.68000
45.46725, -118.53958, 75.46000
45.46725, -118.40298, 77.80000
45.46725, -118.26637, 77.22000
45.46725, -118.12976, 76.40500
45.46725, -117.99316, 82.84000
45.46725, -117.85655, 83.32500
45.46725, -117.71994, 84.65500
45.46725, -117.58334, 86.44375
45.46725, -117.44673, 83.50500
45.46725, -117.31012, 89.20500
45.46725, -117.17352, 96.94000
45.46725, -117.03691, 104.65500
45.46725, -116.90030, 106.95000
45.46725, -116.76370, 103.42500
45.46725, -116.62709, 95.87500
45.46725, -116.49048, 97.18750
45.46725, -116.39793, 91.56364
45.57541, -125.09671, 0.00000
45.57541, -124.96010, 0.00000
45.57541, -124.82350, 0.00000
45.57541, -124.68689, 0.00000
45.57541, -124.55028, 0.00000
45.57541, -124.41368, 0.00000
45.57541, -124.27707, 0.00000
45.57541, -124.14046, 498.00000
45.57541, -124.00386, 552.58750
45.57541, -123.86725, 545.80000
45.57541, -123.73064, 528.02000
45.57541, -123.59404, 527.01500
45.57541, -123.45743, 462.92000
45.57541, -123.32082, 428.37000
45.57541, -123.18422, 398.70000
45.57541, -123.04761, 367.90000
45.57541, -122.91100, 344.12000
45.57541, -122.77439, 333.48500
45.57541, -122.63779, 388.35000
45.57541, -122.50118, 485.07500
45.57541, -122.36457, 508.70500
45.57541, -122.22797, 472.32500
45.57541, -122.09136, 440.25000
45.57541, -121.95475, 363.74000
45.57541, -121.81815, 314.96500
45.57541, -121.68154, 281.78000
45.57541, -121.54493, 197.00000
45.57541, -121.40833, 123.15500
45.57541, -121.27172, 90.43000
45.57541, -121.13511, 58.43500
45.57541, -120.99851, 53.98125
45.57541, -120.86190, 45.70500
45.57541, -120.72529, 38.41500
45.57541, -120.58869, 36.30000
45.57541, -120.45208, 32.91500
45.57541, -120.31547, 32.45500
45.57541, -120.17887, 31.96500
45.57541, -120.04226, 30.81500
45.57541, -119.90565, 31.93000
45.57541, -119.76905, 32.25500
45.57541, -119.63244, 33.65500
45.57541, -119.49583, 36.90000
45.57541, -119.35922, 38.02500
45.57541, -119.22262, 41.73500
45.57541, -119.08601, 46.83125
45.57541, -118.94940, 47.47500
45.57541, -118.81280, 54.48500
45.57541, -118.67619, 60.24000
45.57541, -118.53958, 69.06000
45.57541, -118.40298, 75.72500
45.57541, -118.26637, 76.48000
45.57541, -118.12976, 75.80000
45.57541, -117.99316, 82.78000
45.57541, -117.85655, 84.66000
45.57541, -117.71994, 86.64000
45.57541, -117.58334, 88.70000
45.57541, -117.44673, 85.91500
45.57541, -117.31012, 93.31500
45.57541, -117.17352, 99.56000
45.57541, -117.03691, 104.99500
45.57541, -116.90030, 106.01500
45.57541, -116.76370, 103.29000
45.57541, -116.62709, 97.07000
45.57541, -116.49048, 98.61250
45.57541, -116.39793, 96.09000
45.68357, -125.09671, 0.00000
45.68357, -124.96010, 0.00000
45.68357, -124.82350, 0.00000
45.68357, -124.68689, 0.00000
45.68357, -124.55028, 0.00000
45.68357, -124.41368, 0.00000
45.68357, -124.27707, 0.00000
45.68357, -124.14046, 506.20000
45.68357, -124.00386, 573.07500
45.68357, -123.86725, 560.04375
45.68357, -123.73064, 543.48500
45.68357, -123.59404, 551.80500
45.68357, -123.45743, 479.58500
45.68357, -123.32082, 429.63000
45.68357, -123.18422, 394.29500
45.68357, -123.04761, 380.72500
45.68357, -122.91100, 358.83500
45.68357, -122.77439, 356.01000
45.68357, -122.63779, 406.47500
45.68357, -122.50118, 506.78750
45.68357, -122.36457, 519.93500
45.68357, -122.22797, 482.08500
45.68357, -122.09136, 447.88500
45.68357, -121.95475, 363.66000
45.68357, -121.81815, 314.39500
45.68357, -121.68154, 281.54000
45.68357, -121.54493, 202.16000
45.68357, -121.40833, 130.46500
45.68357, -121.27172, 97.62000
45.68357, -121.13511, 63.13000
45.68357, -120.99851, 59.06250
45.68357, -120.86190, 51.40000
45.68357, -120.72529, 43.48000
45.68357, -120.58869, 40.78500
45.68357, -120.45208, 35.61000
45.68357, -120.31547, 33.23000
45.68357, -120.17887, 32.16000
45.68357, -120.04226, 29.91500
45.68357, -119.90565, 30.59500
45.68357, -119.76905, 30.84500
45.68357, -119.63244, 31.85500
45.68357, -119.49583, 33.40000
45.68357, -119.35922, 33.12000
45.68357, -119.22262, 35.45500
45.68357, -119.08601, 39.64375
45.68357, -118.94940, 41.41000
45.68357, -118.81280, 48.86000
45.68357, -118.67619, 55.23000
45.68357, -118.53958, 64.98000
45.68357, -118.40298, 73.63000
45.68357, -118.26637, 75.41000
45.68357, -118.12976, 75.99000
45.68357, -117.99316, 82.34500
45.68357, -117.85655, 83.84000
45.68357, -117.71994, 88.19500
45.68357, -117.58334, 92.79375
45.68357, -117.44673, 89.84000
45.68357, -117.31012, 95.48000
45.68357, -117.17352, 100.28000
45.68357, -117.03691, 103.09500
45.68357, -116.90030, 103.53500
45.68357, -116.76370, 101.64500
45.68357, -116.62709, 99.02500
45.68357, -116.49048, 101.64375
45.68357, -116.39793, 97.66364
45.79173, -125.09671, 0.00000
45.79173, -124.96010, 0.00000
45.79173, -124.82350, 0.00000
45.79173, -124.68689, 0.00000
45.79173, -124.55028, 0.00000
45.79173, -124.41368, 0.00000
45.79173, -124.27707, 0.00000
45.79173, -124.14046, 525.86667
45.79173, -124.00386, 610.38333
45.79173, -123.86725, 578.50000
45.79173, -123.73064, 558.64000
45.79173, -123.59404, 562.02000
45.79173, -123.45743, 484.50000
45.79173, -123.32082, 425.54000
45.79173, -123.18422, 394.95333
45.79173, -123.04761, 395.54000
45.79173, -122.91100, 398.76667
45.79173, -122.77439, 409.74000
45.79173, -122.63779, 449.81333
45.79173, -122.50118, 543.84167
45.79173, -122.36457, 540.65333
45.79173, -122.22797, 512.64000
45.79173, -122.09136, 473.19333
45.79173, -121.95475, 371.12000
45.79173, -121.81815, 319.55333
45.79173, -121.68154, 294.43333
45.79173, -121.54493, 220.72667
45.79173, -121.40833, 152.98667
45.79173, -121.27172, 116.71333
45.79173, -121.13511, 78.46667
45.79173, -120.99851, 72.58333
45.79173, -120.86190, 62.97333
45.79173, -120.72529, 53.31333
45.79173, -120.58869, 49.14000
45.79173, -120.45208, 40.31333
45.79173, -120.31547, 35.32667
45.79173, -120.17887, 33.59333
45.79173, -120.04226, 30.12667
45.79173, -119.90565, 29.94000
45.79173, -119.76905, 28.86000
45.79173, -119.63244, 28.71333
45.79173, -119.49583, 29.10667
45.79173, -119.35922, 28.03333
45.79173, -119.22262, 28.48000
45.79173, -119.08601, 32.20000
45.79173, -118.94940, 35.43333
45.79173, -118.81280, 44.73333
45.79173, -118.67619, 51.29333
45.79173, -118.53958, 58.66667
45.79173, -118.40298, 68.77333
45.79173, -118.26637, 73.18000
45.79173, -118.12976, 77.56667
45.79173, -117.99316, 81.64000
45.79173, -117.85655, 81.34667
45.79173, -117.71994, 85.89333
45.79173, -117.58334, 95.47500
45.79173, -117.44673, 92.86667
45.79173, -117.31012, 97.90667
45.79173, -117.17352, 101.30667
45.79173, -117.03691, 100.40000
45.79173, -116.90030, 101.72667
45.79173, -116.76370, 101.88667
45.79173, -116.62709, 101.00000
45.79173, -116.49048, 106.15833
45.79173, -116.39793, 98.84444
45.89989, -125.09671, 0.00000
45.89989, -124.96010, 0.00000
45.89989, -124.82350, 0.00000
45.89989, -124.68689, 0.00000
45.89989, -124.55028, 0.00000
45.89989, -124.41368, 0.00000
45.89989, -124.27707, 0.00000
45.89989, -124.14046, 524.20000
45.89989, -124.00386, 577.01250
45.89989, -123.86725, 566.51250
45.89989, -123.73064, 555.06000
45.89989, -123.59404, 544.14500
45.89989, -123.45743, 465.88500
45.89989, -123.32082, 407.60500
45.89989, -123.18422, 382.38000
45.89989, -123.04761, 391.96500
45.89989, -122.91100, 411.15000
45.89989, -122.77439, 425.45000
45.89989, -122.63779, 448.59500
45.89989, -122.50118, 501.21875
45.89989, -122.36457, 520.64500
45.89989, -122.22797, 503.77000
45.89989, -122.09136, 465.82000
45.89989, -121.95475, 362.87500
45.89989, -121.81815, 315.25500
45.89989, -121.68154, 296.96500
45.89989, -121.54493, 232.42000
45.89989, -121.40833, 150.42000
45.89989, -121.27172, 114.72000
45.89989, -121.13511, 75.90000
45.89989, -120.99851, 72.43750
45.89989, -120.86190, 69.34000
45.89989, -120.72529, 61.67000
45.89989, -120.58869, 54.39000
45.89989, -120.45208, 42.44000
45.89989, -120.31547, 36.09500
45.89989, -120.17887, 34.38000
45.89989, -120.04226, 32.08500
45.89989, -119.90565, 31.73500
45.89989, -119.76905, 30.03500
45.89989, -119.63244, 27.23500
45.89989, -119.49583, 25.63500
45.89989, -119.35922, 25.08000
45.89989, -119.22262, 25.57500
45.89989, -119.08601, 28.12500
45.89989, -118.94940, 31.57000
45.89989, -118.81280, 38.80500
45.89989, -118.67619, 42.66500
45.89989, -118.53958, 46.55000
45.89989, -118.40298, 56.45500
45.89989, -118.26637, 61.96000
45.89989, -118.12976, 71.12000
45.89989, -117.99316, 74.67000
45.89989, -117.85655, 75.27500
45.89989, -117.71994, 79.07500
45.89989, -117.58334, 86.53125
45.89989, -117.44673, 87.10500
45.89989, -117.31012, 91.71000
45.89989, -117.17352, 93.33500
45.89989, -117.03691, 92.89500
45.89989, -116.90030, 94.10500
45.89989, -116.76370, 94.67000
45.89989, -116.62709, 92.95500
45.89989, -116.49048, 95.99375
45.89989, -116.39793, 93.63000
46.00805, -125.09671, 0.00000
46.00805, -124.96010, 0.00000
46.00805, -124.82350, 0.00000
46.00805, -124.68689, 0.00000
46.00805, -124.55028, 0.00000
46.00805, -124.41368, 0.00000
46.00805, -124.27707, 0.00000
46.00805, -124.14046, 504.80000
46.00805, -124.00386, 567.02500
46.00805, -123.86725, 563.49375
46.00805, -123.73064, 565.63000
46.00805, -123.59404, 561.59500
46.00805, -123.45743, 487.77000
46.00805, -123.32082, 437.12500
46.00805, -123.18422, 414.35000
46.00805, -123.04761, 420.56500
46.00805, -122.91100, 438.30500
46.00805, -122.77439, 446.40500
46.00805, -122.63779, 462.95500
46.00805, -122.50118, 520.61250
46.00805, -122.36457, 529.56000
46.00805, -122.22797, 512.63500
46.00805, -122.09136, 472.58500
46.00805, -121.95475, 363.51500
46.00805, -121.81815, 314.28500
46.00805, -121.68154, 300.50000
46.00805, -121.54493, 255.73500
46.00805, -121.40833, 176.55000
46.00805, -121.27172, 134.02500
46.00805, -121.13511, 76.32500
46.00805, -120.99851, 74.26250
46.00805, -120.86190, 70.88000
46.00805, -120.72529, 64.63500
46.00805, -120.58869, 55.91000
46.00805, -120.45208, 43.85500
46.00805, -120.31547, 38.11500
46.00805, -120.17887, 36.82500
46.00805, -120.04226, 35.76000
46.00805, -119.90565, 35.67500
46.00805, -119.76905, 33.58000
46.00805, -119.63244, 29.62500
46.00805, -119.49583, 27.69500
46.00805, -119.35922, 27.30500
46.00805, -119.22262, 27.46500
46.00805, -119.08601, 29.31250
46.00805, -118.94940, 30.43000
46.00805, -118.81280, 36.43000
46.00805, -118.67619, 39.93000
46.00805, -118.53958, 43.33500
46.00805, -118.40298, 54.27000
46.00805, -118.26637, 59.84500
46.00805, -118.12976, 69.56500
46.00805, -117.99316, 73.02500
46.00805, -117.85655, 74.12500
46.00805, -117.71994, 76.94000
46.00805, -117.58334, 84.04375
46.00805, -117.44673, 83.93500
46.00805, -117.31012, 89.37000
46.00805, -117.17352, 91.91000
46.00805, -117.03691, 91.15500
46.00805, -116.90030, 91.73500
46.00805, -116.76370, 91.93000
46.00805, -116.62709, 89.48000
46.00805, -116.49048, 95.03125
46.00805, -116.39793, 93.81000
46.11620, -125.09671, 0.00000
46.11620, -124.96010, 0.00000
46.11620, -124.82350, 0.00000
46.11620, -124.68689, 0.00000
46.11620, -124.55028, 0.00000
46.11620, -124.41368, 0.00000
46.11620, -124.27707, 0.00000
46.11620, -124.14046, 499.10000
46.11620, -124.00386, 557.07778
46.11620, -123.86725, 558.72941
46.11620, -123.73064, 575.17000
46.11620, -123.59404, 582.80000
46.11620, -123.45743, 527.57000
46.11620, -123.32082, 472.23000
46.11620, -123.18422, 451.74000
46.11620, -123.04761, 452.10500
46.11620, -122.91100, 459.25500
46.11620, -122.77439, 457.30000
46.11620, -122.63779, 480.18500
46.11620, -122.50118, 547.42500
46.11620, -122.36457, 546.75500
46.11620, -122.22797, 519.33000
46.11620, -122.09136, 482.20000
46.11620, -121.95475, 371.10500
46.11620, -121.81815, 309.06000
46.11620, -121.68154, 296.40500
46.11620, -121.54493, 269.78000
46.11620, -121.40833, 200.61500
46.11620, -121.27172, 156.10500
46.11620, -121.13511, 85.72000
46.11620, -120.99851, 82.21875
46.11620, -120.86190, 73.17500
46.11620, -120.72529, 64.77000
46.11620, -120.58869, 56.74000
46.11620, -120.45208, 45.24000
46.11620, -120.31547, 39.62500
46.11620, -120.17887, 38.27000
46.11620, -120.04226, 36.94000
46.11620, -119.90565, 37.24000
46.11620, -119.76905, 35.82000
46.11620, -119.63244, 32.95500
46.11620, -119.49583, 31.02000
46.11620, -119.35922, 29.79500
46.11620, -119.22262, 29.10000
46.11620, -119.08601, 30.06875
46.11620, -118.94940, 29.05500
46.11620, -118.81280, 33.54500
46.11620, -118.67619, 37.87500
46.11620, -118.53958, 42.66500
46.11620, -118.40298, 53.14500
46.11620, -118.26637, 57.58500
46.11620, -118.12976, 65.92500
46.11620, -117.99316, 69.94500
46.11620, -117.85655, 71.61000
46.11620, -117.71994, 75.25500
46.11620, -117.58334, 81.45625
46.11620, -117.44673, 81.59500
46.11620, -117.31012, 87.42500
46.11620, -117.17352, 90.86500
46.11620, -117.03691, 89.62500
46.11620, -116.90030, 87.33000
46.11620, -116.76370, 86.95500
46.11620, -116.62709, 87.12000
46.11620, -116.49048, 97.13125
46.11620, -116.39793, 94.40000
46.22436, -125.09671, 0.00000
46.22436, -124.96010, 0.00000
46.22436, -124.82350, 0.00000
46.22436, -124.68689, 0.00000
46.22436, -124.55028, 0.00000
46.22436, -124.41368, 0.00000
46.22436, -124.27707, 0.00000
46.22436, -124.14046, 506.44286
46.22436, -124.00386, 554.10909
46.22436, -123.86725, 547.12105
46.22436, -123.73064, 577.94500
46.22436, -123.59404, 597.33500
46.22436, -123.45743, 575.50500
46.22436, -123.32082, 540.60000
46.22436, -123.18422, 518.21000
46.22436, -123.04761, 501.35000
46.22436, -122.91100, 495.72000
46.22436, -122.77439, 485.43000
46.22436, -122.63779, 491.87000
46.22436, -122.50118, 545.68750
46.22436, -122.36457, 534.05000
46.22436, -122.22797, 524.13500
46.22436, -122.09136, 496.19000
46.22436, -121.95475, 397.16000
46.22436, -121.81815, 311.19500
46.22436, -121.68154, 295.12500
46.22436, -121.54493, 294.22500
46.22436, -121.40833, 255.73500
46.22436, -121.27172, 219.80500
46.22436, -121.13511, 126.38000
46.22436, -120.99851, 100.43750
46.22436, -120.86190, 69.59000
46.22436, -120.72529, 55.84000
46.22436, -120.58869, 51.10500
46.22436, -120.45208, 42.58500
46.22436, -120.31547, 37.45000
46.22436, -120.17887, 35.83500
46.22436, -120.04226, 34.19500
46.22436, -119.90565, 34.77500
46.22436, -119.76905, 34.42500
46.22436, -119.63244, 34.12500
46.22436, -119.49583, 33.71500
46.22436, -119.35922, 31.76000
46.22436, -119.22262, 29.04000
46.22436, -119.08601, 28.34375
46.22436, -118.94940, 27.40000
46.22436, -118.81280, 31.84000
46.22436, -118.67619, 37.21000
46.22436, -118.53958, 44.84500
46.22436, -118.40298, 53.84000
46.22436, -118.26637, 56.00000
46.22436, -118.12976, 59.45500
46.22436, -117.99316, 64.08000
46.22436, -117.85655, 66.79500
46.22436, -117.71994, 73.39500
46.22436, -117.58334, 81.01250
46.22436, -117.44673, 81.56500
46.22436, -117.31012, 84.78500
46.22436, -117.17352, 86.16000
46.22436, -117.03691, 82.83500
46.22436, -116.90030, 83.32500
46.22436, -116.76370, 84.76500
46.22436, -116.62709, 90.23000
46.22436, -116.49048, 105.26250
46.22436, -116.39793, 104.00909
46.33252, -125.09671, 0.00000
46.33252, -124.96010, 0.00000
46.33252, -124.82350, 0.00000
46.33252, -124.68689, 0.00000
46.33252, -124.55028, 0.00000
46.33252, -124.41368, 0.00000
46.33252, -124.27707, 0.00000
46.33252, -124.14046, 511.31250
46.33252, -124.00386, 554.86667
46.33252, -123.86725, 544.21500
46.33252, -123.73064, 580.75000
46.33252, -123.59404, 597.74000
46.33252, -123.45743, 582.18000
46.33252, -123.32082, 554.54000
46.33252, -123.18422, 532.33500
46.33252, -123.04761, 501.28500
46.33252, -122.91100, 499.95500
46.33252, -122.77439, 491.80500
46.33252, -122.63779, 481.72000
46.33252, -122.50118, 516.26875
46.33252, -122.36457, 509.02500
46.33252, -122.22797, 510.91500
46.33252, -122.09136, 488.56000
46.33252, -121.95475, 399.56000
46.33252, -121.81815, 316.83000
46.33252, -121.68154, 294.79500
46.33252, -121.54493, 286.26000
46.33252, -121.40833, 270.50500
46.33252, -121.27172, 249.37000
46.33252, -121.13511, 161.59500
46.33252, -120.99851, 114.85625
46.33252, -120.86190, 68.82500
46.33252, -120.72529, 52.31000
46.33252, -120.58869, 47.52500
46.33252, -120.45208, 38.13000
46.33252, -120.31547, 34.54000
46.33252, -120.17887, 33.61000
46.33252, -120.04226, 32.93500
46.33252, -119.90565, 33.77500
46.33252, -119.76905, 33.83500
46.33252, -119.63244, 33.99500
46.33252, -119.49583, 33.82000
46.33252, -119.35922, 31.54000
46.33252, -119.22262, 27.40500
46.33252, -119.08601, 26.86250
46.33252, -118.94940, 28.38500
46.33252, -118.81280, 33.58000
46.33252, -118.67619, 37.50500
46.33252, -118.53958, 43.47000
46.33252, -118.40298, 50.90500
46.33252, -118.26637, 52.99000
46.33252, -118.12976, 56.13500
46.33252, -117.99316, 62.33500
46.33252, -117.85655, 65.31500
46.33252, -117.71994, 72.05000
46.33252, -117.58334, 80.62500
46.33252, -117.44673, 81.47000
46.33252, -117.31012, 83.57000
46.33252, -117.17352, 83.31000
46.33252, -117.03691, 80.66500
46.33252, -116.90030, 85.31500
46.33252, -116.76370, 88.68000
46.33252, -116.62709, 94.86500
46.33252, -116.49048, 109.25625
46.33252, -116.39793, 112.90000
46.44068, -125.09671, 0.00000
46.44068, -124.96010, 0.00000
46.44068, -124.82350, 0.00000
46.44068, -124.68689, 0.00000
46.44068, -124.55028, 0.00000
46.44068, -124.41368, 0.00000
46.44068, -124.27707, 0.00000
46.44068, -124.14046, 532.18750
46.44068, -124.00386, 570.43333
46.44068, -123.86725, 559.96500
46.44068, -123.73064, 589.45000
46.44068, -123.59404, 608.00000
46.44068, -123.45743, 586.82500
46.44068, -123.32082, 555.76500
46.44068, -123.18422, 533.79000
46.44068, -123.04761, 507.77500
46.44068, -122.91100, 513.09500
46.44068, -122.77439, 502.14000
46.44068, -122.63779, 490.70000
46.44068, -122.50118, 512.45625
46.44068, -122.36457, 499.48000
46.44068, -122.22797, 498.04000
46.44068, -122.09136, 486.14000
46.44068, -121.95475, 407.52500
46.44068, -121.81815, 324.65500
46.44068, -121.68154, 299.60000
46.44068, -121.54493, 293.36500
46.44068, -121.40833, 296.95500
46.44068, -121.27172, 284.72000
46.44068, -121.13511, 194.58000
46.44068, -120.99851, 131.20625
46.44068, -120.86190, 71.18000
46.44068, -120.72529, 50.34500
46.44068, -120.58869, 45.55000
46.44068, -120.45208, 35.60500
46.44068, -120.31547, 33.16000
46.44068, -120.17887, 33.39000
46.44068, -120.04226, 34.54500
46.44068, -119.90565, 35.54000
46.44068, -119.76905, 34.84500
46.44068, -119.63244, 34.41500
46.44068, -119.49583, 34.54500
46.44068, -119.35922, 31.98500
46.44068, -119.22262, 27.59000
46.44068, -119.08601, 27.48750
46.44068, -118.94940, 31.14500
46.44068, -118.81280, 36.98000
46.44068, -118.67619, 40.14000
46.44068, -118.53958, 43.57500
46.44068, -118.40298, 49.79500
46.44068, -118.26637, 52.22500
46.44068, -118.12976, 56.14000
46.44068, -117.99316, 62.56500
46.44068, -117.85655, 64.44500
46.44068, -117.71994, 71.40000
46.44068, -117.58334, 80.71250
46.44068, -117.44673, 81.21500
46.44068, -117.31012, 82.58000
46.44068, -117.17352, 83.24500
46.44068, -117.03691, 82.82000
46.44068, -116.90030, 90.03500
46.44068, -116.76370, 94.24500
46.44068, -116.62709, 102.08000
46.44068, -116.49048, 115.25625
46.44068, -116.39793, 113.85455
46.54884, -125.09671, 0.00000
46.54884, -124.96010, 0.00000
46.54884, -124.82350, 0.00000
46.54884, -124.68689, 0.00000
46.54884, -124.55028, 0.00000
46.54884, -124.41368, 0.00000
46.54884, -124.27707, 500.00000
46.54884, -124.14046, 527.77778
46.54884, -124.00386, 565.42308
46.54884, -123.86725, 558.96500
46.54884, -123.73064, 581.47500
46.54884, -123.59404, 596.25500
46.54884, -123.45743, 569.57000
46.54884, -123.32082, 536.70000
46.54884, -123.18422, 520.72000
46.54884, -123.04761, 496.36500
46.54884, -122.91100, 509.58000
46.54884, -122.77439, 501.17000
46.54884, -122.63779, 502.28000
46.54884, -122.50118, 520.31250
46.54884, -122.36457, 479.70500
46.54884, -122.22797, 452.71500
46.54884, -122.09136, 442.13500
46.54884, -121.95475, 389.02000
46.54884, -121.81815, 338.51000
46.54884, -121.68154, 313.38500
46.54884, -121.54493, 295.38000
46.54884, -121.40833, 295.01500
46.54884, -121.27172, 281.27000
46.54884, -121.13511, 198.03000
46.54884, -120.99851, 125.75625
46.54884, -120.86190, 71.37500
46.54884, -120.72529, 48.92000
46.54884, -120.58869, 44.78500
46.54884, -120.45208, 37.08500
46.54884, -120.31547, 36.73500
46.54884, -120.17887, 37.26000
46.54884, -120.04226, 35.67500
46.54884, -119.90565, 33.22500
46.54884, -119.76905, 31.51500
46.54884, -119.63244, 32.10500
46.54884, -119.49583, 33.67500
46.54884, -119.35922, 31.67500
46.54884, -119.22262, 28.15000
46.54884, -119.08601, 29.06250
46.54884, -118.94940, 33.75500
46.54884, -118.81280, 40.77000
46.54884, -118.67619, 43.56500
46.54884, -118.53958, 45.47500
46.54884, -118.40298, 50.73500
46.54884, -118.26637, 53.66500
46.54884, -118.12976, 58.20000
46.54884, -117.99316, 63.02500
46.54884, -117.85655, 63.37500
46.54884, -117.71994, 66.71500
46.54884, -117.58334, 74.35625
46.54884, -117.44673, 77.44000
46.54884, -117.31012, 85.03500
46.54884, -117.17352, 89.82000
46.54884, -117.03691, 92.95500
46.54884, -116.90030, 99.72000
46.54884, -116.76370, 102.96000
46.54884, -116.62709, 108.81000
46.54884, -116.49048, 117.58750
46.54884, -116.39793, 113.32727
46.65700, -125.09671, 0.00000
46.65700, -124.96010, 0.00000
46.65700, -124.82350, 0.00000
46.65700, -124.68689, 0.00000
46.65700, -124.55028, 0.00000
46.65700, -124.41368, 0.00000
46.65700, -124.27707, 517.60000
46.65700, -124.14046, 540.49000
46.65700, -124.00386, 567.20714
46.65700, -123.86725, 550.89500
46.65700, -123.73064, 569.54500
46.65700, -123.59404, 579.41000
46.65700, -123.45743, 550.74500
46.65700, -123.32082, 517.59500
46.65700, -123.18422, 503.00500
46.65700, -123.04761, 480.77500
46.65700, -122.91100, 497.81000
46.65700, -122.77439, 491.09000
46.65700, -122.63779, 492.98000
46.65700, -122.50118, 515.13750
46.65700, -122.36457, 473.52000
46.65700, -122.22797, 443.84500
46.65700, -122.09136, 431.14500
46.65700, -121.95475, 390.13500
46.65700, -121.81815, 358.48500
46.65700, -121.68154, 329.94500
46.65700, -121.54493, 296.59500
46.65700, -121.40833, 282.97500
46.65700, -121.27172, 262.69000
46.65700, -121.13511, 179.02000
46.65700, -120.99851, 111.28750
46.65700, -120.86190, 70.71500
46.65700, -120.72529, 51.27000
46.65700, -120.58869, 46.99500
46.65700, -120.45208, 39.46000
46.65700, -120.31547, 38.02500
46.65700, -120.17887, 37.34500
46.65700, -120.04226, 32.99000
46.65700, -119.90565, 29.37000
46.65700, -119.76905, 27.74500
46.65700, -119.63244, 29.01500
46.65700, -119.49583, 31.13000
46.65700, -119.35922, 30.03000
46.65700, -119.22262, 27.30500
46.65700, -119.08601, 28.40000
46.65700, -118.94940, 32.92000
46.65700, -118.81280, 40.48500
46.65700, -118.67619, 43.78000
46.65700, -118.53958, 46.13500
46.65700, -118.40298, 51.54000
46.65700, -118.26637, 54.35000
46.65700, -118.12976, 58.51500
46.65700, -117.99316, 63.26500
46.65700, -117.85655, 63.80000
46.65700, -117.71994, 65.79000
46.65700, -117.58334, 72.40000
46.65700, -117.44673, 76.41000
46.65700, -117.31012, 87.70500
46.65700, -117.17352, 93.29500
46.65700, -117.03691, 97.35000
46.65700, -116.90030, 102.84000
46.65700, -116.76370, 105.22500
46.65700, -116.62709, 109.26500
46.65700, -116.49048, 116.34375
46.65700, -116.39793, 113.53000
46.76516, -125.09671, 0.00000
46.76516, -124.96010, 0.00000
46.76516, -124.82350, 0.00000
46.76516, -124.68689, 0.00000
46.76516, -124.55028, 0.00000
46.76516, -124.41368, 0.00000
46.76516, -124.27707, 528.00000
46.76516, -124.14046, 549.00000
46.76516, -124.00386, 567.18000
46.76516, -123.86725, 546.37000
46.76516, -123.73064, 558.33500
46.76516, -123.59404, 564.90000
46.76516, -123.45743, 537.11000
46.76516, -123.32082, 498.84500
46.76516, -123.18422, 485.74500
46.76516, -123.04761, 468.87000
46.76516, -122.91100, 483.48000
46.76516, -122.77439, 471.97500
46.76516, -122.63779, 475.17500
46.76516, -122.50118, 492.18750
46.76516, -122.36457, 467.05000
46.76516, -122.22797, 435.92500
46.76516, -122.09136, 421.03000
46.76516, -121.95475, 380.42500
46.76516, -121.81815, 351.59000
46.76516, -121.68154, 329.20500
46.76516, -121.54493, 295.79500
46.76516, -121.40833, 277.05500
46.76516, -121.27172, 251.18000
46.76516, -121.13511, 167.91500
46.76516, -120.99851, 100.18125
46.76516, -120.86190, 67.24500
46.76516, -120.72529, 52.95500
46.76516, -120.58869, 47.74000
46.76516, -120.45208, 40.23000
46.76516, -120.31547, 37.16000
46.76516, -120.17887, 35.79000
46.76516, -120.04226, 30.15500
46.76516, -119.90565, 26.29500
46.76516, -119.76905, 24.84000
46.76516, -119.63244, 26.49000
46.76516, -119.49583, 28.69000
46.76516, -119.35922, 28.50500
46.76516, -119.22262, 26.96500
46.76516, -119.08601, 27.98125
46.76516, -118.94940, 31.96500
46.76516, -118.81280, 39.49000
46.76516, -118.67619, 43.46500
46.76516, -118.53958, 47.19000
46.76516, -118.40298, 52.45500
46.76516, -118.26637, 55.08500
46.76516, -118.12976, 59.41500
46.76516, -117.99316, 64.28000
46.76516, -117.85655, 64.78000
46.76516, -117.71994, 67.03500
46.76516, -117.58334, 72.75625
46.76516, -117.44673, 77.69500
46.76516, -117.31012, 89.49000
46.76516, -117.17352, 95.73000
46.76516, -117.03691, 100.12000
46.76516, -116.90030, 104.03000
46.76516, -116.76370, 105.82500
46.76516, -116.62709, 108.98500
46.76516, -116.49048, 113.83750
46.76516, -116.39793, 110.32000
46.87332, -125.09671, 0.00000
46.87332, -124.96010, 0.00000
46.87332, -124.82350, 0.00000
46.87332, -124.68689, 0.00000
46.87332, -124.55028, 0.00000
46.87332, -124.41368, 0.00000
46.87332, -124.27707, 542.87500
46.87332, -124.14046, 577.68000
46.87332, -124.00386, 597.94615
46.87332, -123.86725, 568.72667
46.87332, -123.73064, 578.26000
46.87332, -123.59404, 584.96000
46.87332, -123.45743, 536.76000
46.87332, -123.32082, 494.53333
46.87332, -123.18422, 482.70667
46.87332, -123.04761, 475.23333
46.87332, -122.91100, 492.06000
46.87332, -122.77439, 471.52667
46.87332, -122.63779, 457.50000
46.87332, -122.50118, 484.78333
46.87332, -122.36457, 482.56000
46.87332, -122.22797, 475.10667
46.87332, -122.09136, 465.86667
46.87332, -121.95475, 398.50000
46.87332, -121.81815, 359.82000
46.87332, -121.68154, 341.22667
46.87332, -121.54493, 309.12000
46.87332, -121.40833, 300.00000
46.87332, -121.27172, 259.59333
46.87332, -121.13511, 181.76000
46.87332, -120.99851, 116.38333
46.87332, -120.86190, 85.17333
46.87332, -120.72529, 61.34667
46.87332, -120.58869, 52.26667
46.87332, -120.45208, 38.63333
46.87332, -120.31547, 34.19333
46.87332, -120.17887, 33.20000
46.87332, -120.04226, 29.31333
46.87332, -119.90565, 26.50667
46.87332, -119.76905, 24.58000
46.87332, -119.63244, 25.11333
46.87332, -119.49583, 27.08000
46.87332, -119.35922, 27.26667
46.87332, -119.22262, 26.46000
46.87332, -119.08601, 28.22500
46.87332, -118.94940, 31.53333
46.87332, -118.81280, 40.90667
46.87332, -118.67619, 46.67333
46.87332, -118.53958, 51.30667
46.87332, -118.40298, 57.18667
46.87332, -118.26637, 59.76667
46.87332, -118.12976, 64.26000
46.87332, -117.99316, 70.49333
46.87332, -117.85655, 70.57333
46.87332, -117.71994, 73.58667
46.87332, -117.58334, 81.96667
46.87332, -117.44673, 83.49333
46.87332, -117.31012, 95.30667
46.87332, -117.17352, 102.90000
46.87332, -117.03691, 107.20000
46.87332, -116.90030, 109.71333
46.87332, -116.76370, 111.01333
46.87332, -116.62709, 111.95333
46.87332, -116.49048, 120.63333
46.87332, -116.39793, 112.75556
46.98148, -125.09671, 0.00000
46.98148, -124.96010, 0.00000
46.98148, -124.82350, 0.00000
46.98148, -124.68689, 0.00000
46.98148, -124.55028, 0.00000
46.98148, -124.41368, 0.00000
46.98148, -124.27707, 561.98571
46.98148, -124.14046, 580.57333
46.98148, -124.00386, 588.23684
46.98148, -123.86725, 573.54000
46.98148, -123.73064, 582.43500
46.98148, -123.59404, 584.33500
46.98148, -123.45743, 529.61500
46.98148, -123.32082, 481.01500
46.98148, -123.18422, 465.59500
46.98148, -123.04761, 457.73000
46.98148, -122.91100, 465.82500
46.98148, -122.77439, 445.69500
46.98148, -122.63779, 422.74500
46.98148, -122.50118, 431.93125
46.98148, -122.36457, 432.56500
46.98148, -122.22797, 457.34500
46.98148, -122.09136, 459.89000
46.98148, -121.95475, 404.26000
46.98148, -121.81815, 347.30000
46.98148, -121.68154, 328.03000
46.98148, -121.54493, 296.00500
46.98148, -121.40833, 278.75000
46.98148, -121.27172, 249.02500
46.98148, -121.13511, 202.84000
46.98148, -120.99851, 159.22500
46.98148, -120.86190, 105.82000
46.98148, -120.72529, 58.80500
46.98148, -120.58869, 47.19500
46.98148, -120.45208, 38.26500
46.98148, -120.31547, 34.58500
46.98148, -120.17887, 33.55500
46.98148, -120.04226, 27.71000
46.98148, -119.90565, 23.64500
46.98148, -119.76905, 21.94500
46.98148, -119.63244, 21.70000
46.98148, -119.49583, 23.33500
46.98148, -119.35922, 23.58500
46.98148, -119.22262, 24.17000
46.98148, -119.08601, 26.66250
46.98148, -118.94940, 30.80500
46.98148, -118.81280, 40.16500
46.98148, -118.67619, 45.69000
46.98148, -118.53958, 50.91500
46.98148, -118.40298, 56.72000
46.98148, -118.26637, 59.28500
46.98148, -118.12976, 63.42500
46.98148, -117.99316, 68.36500
46.98148, -117.85655, 68.73500
46.98148, -117.71994, 72.65500
46.98148, -117.58334, 80.28750
46.98148, -117.44673, 82.38000
46.98148, -117.31012, 92.32500
46.98148, -117.17352, 98.87000
46.98148, -117.03691, 104.70000
46.98148, -116.90030, 110.42500
46.98148, -116.76370, 112.80500
46.98148, -116.62709, 117.45500
46.98148, -116.49048, 125.41875
46.98148, -116.39793, 119.90909
47.08964, -125.09671, 0.00000
47.08964, -124.96010, 0.00000
47.08964, -124.82350, 0.00000
47.08964, -124.68689, 0.00000
47.08964, -124.55028, 0.00000
47.08964, -124.41368, 0.00000
47.08964, -124.27707, 574.17500
47.08964, -124.14046, 596.81250
47.08964, -124.00386, 595.74500
47.08964, -123.86725, 582.85500
47.08964, -123.73064, 591.31000
47.08964, -123.59404, 589.08000
47.08964, -123.45743, 534.53500
47.08964, -123.32082, 485.22000
47.08964, -123.18422, 466.91500
47.08964, -123.04761, 456.13000
47.08964, -122.91100, 457.73500
47.08964, -122.77439, 437.65000
47.08964, -122.63779, 401.37500
47.08964, -122.50118, 402.68750
47.08964, -122.36457, 398.61500
47.08964, -122.22797, 438.54500
47.08964, -122.09136, 461.31000
47.08964, -121.95475, 425.93500
47.08964, -121.81815, 367.43000
47.08964, -121.68154, 336.58500
47.08964, -121.54493, 289.42500
47.08964, -121.40833, 261.02500
47.08964, -121.27172, 230.88500
47.08964, -121.13511, 193.75500
47.08964, -120.99851, 153.97500
47.08964, -120.86190, 105.38500
47.08964, -120.72529, 64.02500
47.08964, -120.58869, 55.41000
47.08964, -120.45208, 53.63500
47.08964, -120.31547, 45.06000
47.08964, -120.17887, 41.45500
47.08964, -120.04226, 26.96000
47.08964, -119.90565, 22.05000
47.08964, -119.76905, 20.43500
47.08964, -119.63244, 20.21500
47.08964, -119.49583, 22.32500
47.08964, -119.35922, 22.60500
47.08964, -119.22262, 23.51000
47.08964, -119.08601, 26.25000
47.08964, -118.94940, 31.27000
47.08964, -118.81280, 40.56000
47.08964, -118.67619, 45.44000
47.08964, -118.53958, 50.29000
47.08964, -118.40298, 56.10500
47.08964, -118.26637, 58.52500
47.08964, -118.12976, 61.89000
47.08964, -117.99316, 66.21500
47.08964, -117.85655, 66.91500
47.08964, -117.71994, 70.90500
47.08964, -117.58334, 78.66875
47.08964, -117.44673, 80.36000
47.08964, -117.31012, 89.76000
47.08964, -117.17352, 95.69500
47.08964, -117.03691, 102.67500
47.08964, -116.90030, 112.14500
47.08964, -116.76370, 115.41000
47.08964, -116.62709, 120.44000
47.08964, -116.49048, 127.46875
47.08964, -116.39793, 127.51000
47.19780, -125.09671, 0.00000
47.19780, -124.96010, 0.00000
47.19780, -124.82350, 0.00000
47.19780, -124.68689, 0.00000
47.19780, -124.55028, 0.00000
47.19780, -124.41368, 651.60000
47.19780, -124.27707, 610.90000
47.19780, -124.14046, 624.21765
47.19780, -124.00386, 628.54000
47.19780, -123.86725, 611.15000
47.19780, -123.73064, 609.29000
47.19780, -123.59404, 611.47500
47.19780, -123.45743, 555.58500
47.19780, -123.32082, 497.25500
47.19780, -123.18422, 473.74500
47.19780, -123.04761, 461.78000
47.19780, -122.91100, 465.35000
47.19780, -122.77439, 439.23500
47.19780, -122.63779, 394.94000
47.19780, -122.50118, 386.78125
47.19780, -122.36457, 371.76500
47.19780, -122.22797, 414.87000
47.19780, -122.09136, 458.89000
47.19780, -121.95475, 450.37500
47.19780, -121.81815, 385.05500
47.19780, -121.68154, 339.97500
47.19780, -121.54493, 286.08500
47.19780, -121.40833, 257.27500
47.19780, -121.27172, 235.81500
47.19780, -121.13511, 198.63500
47.19780, -120.99851, 156.31875
47.19780, -120.86190, 104.07500
47.19780, -120.72529, 74.99000
47.19780, -120.58869, 72.92500
47.19780, -120.45208, 71.49000
47.19780, -120.31547, 54.02000
47.19780, -120.17887, 44.72000
47.19780, -120.04226, 27.24000
47.19780, -119.90565, 22.58000
47.19780, -119.76905, 21.16000
47.19780, -119.63244, 21.06000
47.19780, -119.49583, 23.20000
47.19780, -119.35922, 23.29500
47.19780, -119.22262, 25.11500
47.19780, -119.08601, 28.73125
47.19780, -118.94940, 33.50000
47.19780, -118.81280, 41.50500
47.19780, -118.67619, 45.99000
47.19780, -118.53958, 50.26500
47.19780, -118.40298, 55.39000
47.19780, -118.26637, 57.55000
47.19780, -118.12976, 60.52000
47.19780, -117.99316, 64.72000
47.19780, -117.85655, 65.30500
47.19780, -117.71994, 70.60000
47.19780, -117.58334, 78.61250
47.19780, -117.44673, 79.86000
47.19780, -117.31012, 88.78000
47.19780, -117.17352, 95.94000
47.19780, -117.03691, 104.40000
47.19780, -116.90030, 116.54500
47.19780, -116.76370, 121.59500
47.19780, -116.62709, 127.58500
47.19780, -116.49048, 133.04375
47.19780, -116.39793, 126.60909
47.30596, -125.09671, 0.00000
47.30596, -124.96010, 0.00000
47.30596, -124.82350, 0.00000
47.30596, -124.68689, 0.00000
47.30596, -124.55028, 598.40000
47.30596, -124.41368, 638.84000
47.30596, -124.27707, 636.76923
47.30596, -124.14046, 639.29474
47.30596, -124.00386, 647.76500
47.30596, -123.86725, 623.18500
47.30596, -123.73064, 614.08000
47.30596, -123.59404, 614.82000
47.30596, -123.45743, 571.06000
47.30596, -123.32082, 518.37500
47.30596, -123.18422, 492.06000
47.30596, -123.04761, 460.57500
47.30596, -122.91100, 458.96000
47.30596, -122.77439, 436.83000
47.30596, -122.63779, 379.33500
47.30596, -122.50118, 349.74375
47.30596, -122.36457, 326.66500
47.30596, -122.22797, 386.06500
47.30596, -122.09136, 454.72500
47.30596, -121.95475, 484.23500
47.30596, -121.81815, 424.52000
47.30596, -121.68154, 366.75000
47.30596, -121.54493, 300.31000
47.30596, -121.40833, 281.88000
47.30596, -121.27172, 265.67500
47.30596, -121.13511, 245.94000
47.30596, -120.99851, 220.20625
47.30596, -120.86190, 178.91500
47.30596, -120.72529, 127.86500
47.30596, -120.58869, 110.67500
47.30596, -120.45208, 76.21000
47.30596, -120.31547, 51.42500
47.30596, -120.17887, 42.24500
47.30596, -120.04226, 28.53500
47.30596, -119.90565, 25.99500
47.30596, -119.76905, 24.54000
47.30596, -119.63244, 24.47500
47.30596, -119.49583, 26.21500
47.30596, -119.35922, 26.41000
47.30596, -119.22262, 28.95500
47.30596, -119.08601, 33.95000
47.30596, -118.94940, 37.84500
47.30596, -118.81280, 44.24000
47.30596, -118.67619, 48.09000
47.30596, -118.53958, 51.90500
47.30596, -118.40298, 56.11000
47.30596, -118.26637, 57.37500
47.30596, -118.12976, 57.86500
47.30596, -117.99316, 60.20000
47.30596, -117.85655, 60.62500
47.30596, -117.71994, 64.96000
47.30596, -117.58334, 72.96875
47.30596, -117.44673, 76.37000
47.30596, -117.31012, 89.11000
47.30596, -117.17352, 97.37000
47.30596, -117.03691, 107.50000
47.30596, -116.90030, 122.01500
47.30596, -116.76370, 127.96500
47.30596, -116.62709, 140.97000
47.30596, -116.49048, 159.16875
47.30596, -116.39793, 154.94545
47.41412, -125.09671, 0.00000
47.41412, -124.96010, 0.00000
47.41412, -124.82350, 0.00000
47.41412, -124.68689, 0.00000
47.41412, -124.55028, 607.73333
47.41412, -124.41368, 665.05714
47.41412, -124.27707, 638.34667
47.41412, -124.14046, 630.82000
47.41412, -124.00386, 635.87000
47.41412, -123.86725, 611.59000
47.41412, -123.73064, 604.23000
47.41412, -123.59404, 595.89000
47.41412, -123.45743, 550.23000
47.41412, -123.32082, 511.56000
47.41412, -123.18422, 488.65500
47.41412, -123.04761, 449.99000
47.41412, -122.91100, 444.38000
47.41412, -122.77439, 431.73000
47.41412, -122.63779, 373.44500
47.41412, -122.50118, 333.52500
47.41412, -122.36457, 302.05500
47.41412, -122.22797, 379.81000
47.41412, -122.09136, 450.85000
47.41412, -121.95475, 505.47500
47.41412, -121.81815, 448.21500
47.41412, -121.68154, 391.44000
47.41412, -121.54493, 314.54000
47.41412, -121.40833, 303.27000
47.41412, -121.27172, 299.68000
47.41412, -121.13511, 291.93000
47.41412, -120.99851, 288.29375
47.41412, -120.86190, 233.50000
47.41412, -120.72529, 152.87000
47.41412, -120.58869, 117.91000
47.41412, -120.45208, 59.57000
47.41412, -120.31547, 42.32500
47.41412, -120.17887, 36.03000
47.41412, -120.04226, 30.27000
47.41412, -119.90565, 28.23000
47.41412, -119.76905, 26.77500
47.41412, -119.63244, 26.15000
47.41412, -119.49583, 27.23000
47.41412, -119.35922, 27.43000
47.41412, -119.22262, 29.95000
47.41412, -119.08601, 35.55625
47.41412, -118.94940, 38.91500
47.41412, -118.81280, 45.33500
47.41412, -118.67619, 48.82000
47.41412, -118.53958, 52.68500
47.41412, -118.40298, 57.17000
47.41412, -118.26637, 58.15500
47.41412, -118.12976, 57.15000
47.41412, -117.99316, 58.56000
47.41412, -117.85655, 58.27000
47.41412, -117.71994, 60.83000
47.41412, -117.58334, 67.18125
47.41412, -117.44673, 73.56500
47.41412, -117.31012, 89.88500
47.41412, -117.17352, 98.25500
47.41412, -117.03691, 107.75000
47.41412, -116.90030, 121.73000
47.41412, -116.76370, 129.35000
47.41412, -116.62709, 143.13000
47.41412, -116.49048, 164.48750
47.41412, -116.39793, 175.05000
47.52228, -125.09671, 0.00000
47.52228, -124.96010, 0.00000
47.52228, -124.82350, 0.00000
47.52228, -124.68689, 0.00000
47.52228, -124.55028, 611.00000
47.52228, -124.41368, 672.66250
47.52228, -124.27707, 646.31875
47.52228, -124.14046, 631.43500
47.52228, -124.00386, 637.70500
47.52228, -123.86725, 603.04000
47.52228, -123.73064, 581.68500
47.52228, -123.59404, 566.45500
47.52228, -123.45743, 523.40000
47.52228, -123.32082, 487.98500
47.52228, -123.18422, 475.68000
47.52228, -123.04761, 443.46500
47.52228, -122.91100, 438.10500
47.52228, -122.77439, 423.87000
47.52228, -122.63779, 364.25000
47.52228, -122.50118, 322.46875
47.52228, -122.36457, 286.23000
47.52228, -122.22797, 376.56000
47.52228, -122.09136, 454.65500
47.52228, -121.95475, 530.18000
47.52228, -121.81815, 482.55500
47.52228, -121.68154, 430.39500
47.52228, -121.54493, 354.94500
47.52228, -121.40833, 345.36000
47.52228, -121.27172, 338.74500
47.52228, -121.13511, 333.23000
47.52228, -120.99851, 332.00625
47.52228, -120.86190, 273.60500
47.52228, -120.72529, 168.13000
47.52228, -120.58869, 124.36500
47.52228, -120.45208, 57.44000
47.52228, -120.31547, 45.64000
47.52228, -120.17887, 39.61500
47.52228, -120.04226, 32.10500
47.52228, -119.90565, 29.81000
47.52228, -119.76905, 28.08500
47.52228, -119.63244, 27.44000
47.52228, -119.49583, 28.37000
47.52228, -119.35922, 28.58500
47.52228, -119.22262, 31.09000
47.52228, -119.08601, 36.76875
47.52228, -118.94940, 40.35500
47.52228, -118.81280, 46.96000
47.52228, -118.67619, 50.95500
47.52228, -118.53958, 54.89000
47.52228, -118.40298, 59.08000
47.52228, -118.26637, 59.84000
47.52228, -118.12976, 58.54500
47.52228, -117.99316, 59.87500
47.52228, -117.85655, 58.88000
47.52228, -117.71994, 60.28000
47.52228, -117.58334, 65.65000
47.52228, -117.44673, 74.11000
47.52228, -117.31012, 92.41000
47.52228, -117.17352, 101.33500
47.52228, -117.03691, 109.72500
47.52228, -116.90030, 121.75000
47.52228, -116.76370, 129.75500
47.52228, -116.62709, 150.53000
47.52228, -116.49048, 174.70625
47.52228, -116.39793, 172.69091
47.63044, -125.09671, 0.00000
47.63044, -124.96010, 0.00000
47.63044, -124.82350, 0.00000
47.63044, -124.68689, 576.80000
47.63044, -124.55028, 611.02857
47.63044, -124.41368, 653.03636
47.63044, -124.27707, 633.86667
47.63044, -124.14046, 620.84500
47.63044, -124.00386, 624.50000
47.63044, -123.86725, 572.19500
47.63044, -123.73064, 522.24500
47.63044, -123.59404, 492.36500
47.63044, -123.45743, 445.28500
47.63044, -123.32082, 424.24500
47.63044, -123.18422, 420.69500
47.63044, -123.04761, 416.92000
47.63044, -122.91100, 407.62000
47.63044, -122.77439, 388.66500
47.63044, -122.63779, 314.79000
47.63044, -122.50118, 285.65625
47.63044, -122.36457, 272.86000
47.63044, -122.22797, 379.53000
47.63044, -122.09136, 459.53000
47.63044, -121.95475, 549.43000
47.63044, -121.81815, 517.02500
47.63044, -121.68154, 473.68500
47.63044, -121.54493, 397.46000
47.63044, -121.40833, 384.77000
47.63044, -121.27172, 379.65500
47.63044, -121.13511, 366.43500
47.63044, -120.99851, 364.28125
47.63044, -120.86190, 276.29500
47.63044, -120.72529, 171.65500
47.63044, -120.58869, 127.02500
47.63044, -120.45208, 75.48500
47.63044, -120.31547, 56.27000
47.63044, -120.17887, 45.16000
47.63044, -120.04226, 35.18000
47.63044, -119.90565, 31.59500
47.63044, -119.76905, 29.49000
47.63044, -119.63244, 28.39500
47.63044, -119.49583, 29.70500
47.63044, -119.35922, 30.00000
47.63044, -119.22262, 32.72000
47.63044, -119.08601, 38.14375
47.63044, -118.94940, 41.54000
47.63044, -118.81280, 49.25000
47.63044, -118.67619, 53.37500
47.63044, -118.53958, 56.57000
47.63044, -118.40298, 59.36500
47.63044, -118.26637, 59.69500
47.63044, -118.12976, 58.95500
47.63044, -117.99316, 63.45500
47.63044, -117.85655, 63.88000
47.63044, -117.71994, 67.48000
47.63044, -117.58334, 73.42500
47.63044, -117.44673, 81.71500
47.63044, -117.31012, 99.15000
47.63044, -117.17352, 106.82500
47.63044, -117.03691, 110.49000
47.63044, -116.90030, 117.08000
47.63044, -116.76370, 127.32500
47.63044, -116.62709, 159.24000
47.63044, -116.49048, 189.53125
47.63044, -116.39793, 184.73636
47.73860, -125.09671, 0.00000
47.73860, -124.96010, 0.00000
47.73860, -124.82350, 555.20000
47.73860, -124.68689, 568.80000
47.73860, -124.55028, 616.09000
47.73860, -124.41368, 652.10000
47.73860, -124.27707, 617.84211
47.73860, -124.14046, 610.85000
47.73860, -124.00386, 609.40000
47.73860, -123.86725, 539.80000
47.73860, -123.73064, 481.23000
47.73860, -123.59404, 445.47000
47.73860, -123.45743, 410.67500
47.73860, -123.32082, 393.23000
47.73860, -123.18422, 388.05000
47.73860, -123.04761, 379.30000
47.73860, -122.91100, 368.69500
47.73860, -122.77439, 346.17000
47.73860, -122.63779, 273.95789
47.73860, -122.50118, 252.02000
47.73860, -122.36457, 267.33158
47.73860, -122.22797, 374.36500
47.73860, -122.09136, 453.78500
47.73860, -121.95475, 538.42500
47.73860, -121.81815, 531.16500
47.73860, -121.68154, 491.89500
47.73860, -121.54493, 415.87500
47.73860, -121.40833, 398.92000
47.73860, -121.27172, 395.08500
47.73860, -121.13511, 375.99500
47.73860, -120.99851, 365.90625
47.73860, -120.86190, 269.44000
47.73860, -120.72529, 180.68500
47.73860, -120.58869, 142.78000
47.73860, -120.45208, 103.64000
47.73860, -120.31547, 68.60500
47.73860, -120.17887, 54.11500
47.73860, -120.04226, 36.00500
47.73860, -119.90565, 32.48000
47.73860, -119.76905, 30.50000
47.73860, -119.63244, 29.03500
47.73860, -119.49583, 30.40000
47.73860, -119.35922, 31.01000
47.73860, -119.22262, 32.80500
47.73860, -119.08601, 37.79375
47.73860, -118.94940, 41.46000
47.73860, -118.81280, 49.80500
47.73860, -118.67619, 53.18500
47.73860, -118.53958, 54.85500
47.73860, -118.40298, 57.16500
47.73860, -118.26637, 57.66500
47.73860, -118.12976, 58.95500
47.73860, -117.99316, 65.08500
47.73860, -117.85655, 68.04500
47.73860, -117.71994, 73.68500
47.73860, -117.58334, 81.61250
47.73860, -117.44673, 86.56500
47.73860, -117.31012, 101.64500
47.73860, -117.17352, 108.01500
47.73860, -117.03691, 113.36000
47.73860, -116.90030, 116.91500
47.73860, -116.76370, 127.46000
47.73860, -116.62709, 165.21500
47.73860, -116.49048, 209.73750
47.73860, -116.39793, 218.34000
47.84676, -125.09671, 0.00000
47.84676, -124.96010, 0.00000
47.84676, -124.82350, 550.66667
47.84676, -124.68689, 585.13333
47.84676, -124.55028, 607.13571
47.84676, -124.41368, 632.34000
47.84676, -124.27707, 607.34500
47.84676, -124.14046, 596.06000
47.84676, -124.00386, 585.53000
47.84676, -123.86725, 513.93500
47.84676, -123.73064, 446.99000
47.84676, -123.59404, 419.37000
47.84676, -123.45743, 384.93500
47.84676, -123.32082, 368.05000
47.84676, -123.18422, 361.25500
47.84676, -123.04761, 351.64000
47.84676, -122.91100, 323.22500
47.84676, -122.77439, 295.79000
47.84676, -122.63779, 228.38947
47.84676, -122.50118, 207.92667
47.84676, -122.36457, 248.65789
47.84676, -122.22797, 369.64000
47.84676, -122.09136, 452.42000
47.84676, -121.95475, 535.14000
47.84676, -121.81815, 523.68500
47.84676, -121.68154, 487.38500
47.84676, -121.54493, 421.24500
47.84676, -121.40833, 407.29500
47.84676, -121.27172, 402.45500
47.84676, -121.13511, 384.57000
47.84676, -120.99851, 372.42500
47.84676, -120.86190, 285.50000
47.84676, -120.72529, 206.54000
47.84676, -120.58869, 171.34500
47.84676, -120.45208, 127.54000
47.84676, -120.31547, 80.42000
47.84676, -120.17887, 60.75500
47.84676, -120.04226, 37.02000
47.84676, -119.90565, 33.42000
47.84676, -119.76905, 31.36500
47.84676, -119.63244, 29.83000
47.84676, -119.49583, 30.97000
47.84676, -119.35922, 31.75500
47.84676, -119.22262, 33.47000
47.84676, -119.08601, 37.63750
47.84676, -118.94940, 41.05500
47.84676, -118.81280, 48.29000
47.84676, -118.67619, 51.18500
47.84676, -118.53958, 52.77000
47.84676, -118.40298, 54.65500
47.84676, -118.26637, 56.00000
47.84676, -118.12976, 60.34500
47.84676, -117.99316, 67.84500
47.84676, -117.85655, 71.65500
47.84676, -117.71994, 78.45000
47.84676, -117.58334, 87.20625
47.84676, -117.44673, 89.66500
47.84676, -117.31012, 102.52000
47.84676, -117.17352, 109.64000
47.84676, -117.03691, 118.75500
47.84676, -116.90030, 119.48000
47.84676, -116.76370, 126.45000
47.84676, -116.62709, 158.45000
47.84676, -116.49048, 206.78750
47.84676, -116.39793, 219.61000
47.95492, -125.09671, 0.00000
47.95492, -124.96010, 0.00000
47.95492, -124.82350, 570.00000
47.95492, -124.68689, 612.50000
47.95492, -124.55028, 615.11429
47.95492, -124.41368, 662.13333
47.95492, -124.27707, 625.79333
47.95492, -124.14046, 609.94667
47.95492, -124.00386, 597.88667
47.95492, -123.86725, 499.07333
47.95492, -123.73064, 426.24000
47.95492, -123.59404, 399.26667
47.95492, -123.45743, 352.45333
47.95492, -123.32082, 313.60000
47.95492, -123.18422, 301.20000
47.95492, -123.04761, 269.08667
47.95492, -122.91100, 235.04000
47.95492, -122.77439, 201.62000
47.95492, -122.63779, 159.77143
47.95492, -122.50118, 158.23636
47.95492, -122.36457, 209.42143
47.95492, -122.22797, 353.48667
47.95492, -122.09136, 458.84000
47.95492, -121.95475, 546.34000
47.95492, -121.81815, 534.18667
47.95492, -121.68154, 497.81333
47.95492, -121.54493, 448.69333
47.95492, -121.40833, 445.98000
47.95492, -121.27172, 421.05333
47.95492, -121.13511, 384.75333
47.95492, -120.99851, 378.25000
47.95492, -120.86190, 323.64667
47.95492, -120.72529, 267.30000
47.95492, -120.58869, 230.06667
47.95492, -120.45208, 163.26667
47.95492, -120.31547, 98.20667
47.95492, -120.17887, 73.17333
47.95492, -120.04226, 42.72000
47.95492, -119.90565, 36.78000
47.95492, -119.76905, 34.34000
47.95492, -119.63244, 33.02667
47.95492, -119.49583, 34.86667
47.95492, -119.35922, 35.60000
47.95492, -119.22262, 37.16667
47.95492, -119.08601, 42.03333
47.95492, -118.94940, 43.99333
47.95492, -118.81280, 49.61333
47.95492, -118.67619, 52.42000
47.95492, -118.53958, 52.12667
47.95492, -118.40298, 55.19333
47.95492, -118.26637, 58.94000
47.95492, -118.12976, 67.91333
47.95492, -117.99316, 77.35333
47.95492, -117.85655, 79.06000
47.95492, -117.71994, 85.60000
47.95492, -117.58334, 96.75833
47.95492, -117.44673, 93.92667
47.95492, -117.31012, 107.18667
47.95492, -117.17352, 117.76667
47.95492, -117.03691, 136.03333
47.95492, -116.90030, 136.43333
47.95492, -116.76370, 138.80667
47.95492, -116.62709, 150.52667
47.95492, -116.49048, 200.68333
47.95492, -116.39793, 202.66667
48.06308, -125.09671, 0.00000
48.06308, -124.96010, 0.00000
48.06308, -124.82350, 556.75000
48.06308, -124.68689, 586.05000
48.06308, -124.55028, 591.25500
48.06308, -124.41368, 636.39375
48.06308, -124.27707, 609.66000
48.06308, -124.14046, 596.46842
48.06308, -124.00386, 583.92778
48.06308, -123.86725, 494.20000
48.06308, -123.73064, 397.12000
48.06308, -123.59404, 355.29333
48.06308, -123.45743, 270.52667
48.06308, -123.32082, 207.20625
48.06308, -123.18422, 195.46250
48.06308, -123.04761, 174.86250
48.06308, -122.91100, 146.28235
48.06308, -122.77439, 123.12222
48.06308, -122.63779, 102.97500
48.06308, -122.50118, 120.61250
48.06308, -122.36457, 183.09000
48.06308, -122.22797, 344.83500
48.06308, -122.09136, 442.95000
48.06308, -121.95475, 501.07500
48.06308, -121.81815, 467.19000
48.06308, -121.68154, 435.56000
48.06308, -121.54493, 410.74000
48.06308, -121.40833, 415.65000
48.06308, -121.27172, 388.80000
48.06308, -121.13511, 364.46500
48.06308, -120.99851, 349.06250
48.06308, -120.86190, 328.51500
48.06308, -120.72529, 264.14000
48.06308, -120.58869, 231.77000
48.06308, -120.45208, 150.37500
48.06308, -120.31547, 101.56000
48.06308, -120.17887, 77.17500
48.06308, -120.04226, 46.56000
48.06308, -119.90565, 39.32500
48.06308, -119.76905, 36.78000
48.06308, -119.63244, 35.62500
48.06308, -119.49583, 36.58000
48.06308, -119.35922, 37.28000
48.06308, -119.22262, 39.44000
48.06308, -119.08601, 43.82500
48.06308, -118.94940, 46.24000
48.06308, -118.81280, 50.56000
48.06308, -118.67619, 53.39500
48.06308, -118.53958, 55.26000
48.06308, -118.40298, 59.47000
48.06308, -118.26637, 62.97500
48.06308, -118.12976, 75.42500
48.06308, -117.99316, 85.16500
48.06308, -117.85655, 86.66000
48.06308, -117.71994, 89.42500
48.06308, -117.58334, 102.17500
48.06308, -117.44673, 101.91000
48.06308, -117.31012, 109.67500
48.06308, -117.17352, 115.96000
48.06308, -117.03691, 135.92000
48.06308, -116.90030, 151.76000
48.06308, -116.76370, 157.67000
48.06308, -116.62709, 162.39500
48.06308, -116.49048, 184.43125
48.06308, -116.39793, 182.08182
48.17124, -125.09671, 0.00000
48.17124, -124.96010, 0.00000
48.17124, -124.82350, 534.85000
48.17124, -124.68689, 575.66667
48.17124, -124.55028, 576.08500
48.17124, -124.41368, 623.00625
48.17124, -124.27707, 601.37895
48.17124, -124.14046, 601.86875
48.17124, -124.00386, 584.21429
48.17124, -123.86725, 453.15000
48.17124, -123.73064, 309.53077
48.17124, -123.59404, 259.10000
48.17124, -123.45743, 190.35833
48.17124, -123.32082, 141.05455
48.17124, -123.18422, 128.23636
48.17124, -123.04761, 105.84545
48.17124, -122.91100, 83.78571
48.17124, -122.77439, 78.90000
48.17124, -122.63779, 79.01000
48.17124, -122.50118, 110.22500
48.17124, -122.36457, 187.64000
48.17124, -122.22797, 360.34500
48.17124, -122.09136, 448.69500
48.17124, -121.95475, 486.31500
48.17124, -121.81815, 445.07000
48.17124, -121.68154, 416.61000
48.17124, -121.54493, 387.14000
48.17124, -121.40833, 387.71500
48.17124, -121.27172, 370.30500
48.17124, -121.13511, 350.71000
48.17124, -120.99851, 339.67500
48.17124, -120.86190, 319.28000
48.17124, -120.72529, 262.57000
48.17124, -120.58869, 222.47000
48.17124, -120.45208, 141.58000
48.17124, -120.31547, 100.23500
48.17124, -120.17887, 78.27500
48.17124, -120.04226, 47.74500
48.17124, -119.90565, 40.34000
48.17124, -119.76905, 38.07000
48.17124, -119.63244, 36.78500
48.17124, -119.49583, 37.62000
48.17124, -119.35922, 38.26000
48.17124, -119.22262, 40.81000
48.17124, -119.08601, 45.70000
48.17124, -118.94940, 48.56500
48.17124, -118.81280, 53.00000
48.17124, -118.67619, 57.40500
48.17124, -118.53958, 61.23500
48.17124, -118.40298, 66.60000
48.17124, -118.26637, 67.47000
48.17124, -118.12976, 77.25000
48.17124, -117.99316, 87.61000
48.17124, -117.85655, 89.20500
48.17124, -117.71994, 94.20000
48.17124, -117.58334, 111.45000
48.17124, -117.44673, 110.80000
48.17124, -117.31012, 116.54000
48.17124, -117.17352, 121.38000
48.17124, -117.03691, 141.35000
48.17124, -116.90030, 167.84500
48.17124, -116.76370, 177.45500
48.17124, -116.62709, 184.32000
48.17124, -116.49048, 193.58750
48.17124, -116.39793, 191.98000
48.27940, -125.09671, 0.00000
48.27940, -124.96010, 0.00000
48.27940, -124.82350, 523.38750
48.27940, -124.68689, 555.65000
48.27940, -124.55028, 566.35556
48.27940, -124.41368, 620.62308
48.27940, -124.27707, 604.50000
48.27940, -124.14046, 554.49231
48.27940, -124.00386, 509.51667
48.27940, -123.86725, 373.75000
48.27940, -123.73064, 227.81538
48.27940, -123.59404, 180.00000
48.27940, -123.45743, 97.89167
48.27940, -123.32082, 68.27778
48.27940, -123.18422, 67.87500
48.27940, -123.04761, 72.50000
48.27940, -122.91100, 59.50000
48.27940, -122.77439, 62.52308
48.27940, -122.63779, 73.01053
48.27940, -122.50118, 115.91250
48.27940, -122.36457, 212.81500
48.27940, -122.22797, 375.36000
48.27940, -122.09136, 447.11000
48.27940, -121.95475, 456.65000
48.27940, -121.81815, 426.24000
48.27940, -121.68154, 404.84500
48.27940, -121.54493, 381.69500
48.27940, -121.40833, 381.57500
48.27940, -121.27172, 371.33000
48.27940, -121.13511, 361.01000
48.27940, -120.99851, 353.39375
48.27940, -120.86190, 324.82500
48.27940, -120.72529, 260.16000
48.27940, -120.58869, 226.25000
48.27940, -120.45208, 143.22500
48.27940, -120.31547, 100.70500
48.27940, -120.17887, 77.65500
48.27940, -120.04226, 49.45500
48.27940, -119.90565, 43.01500
48.27940, -119.76905, 39.89000
48.27940, -119.63244, 38.47500
48.27940, -119.49583, 39.41500
48.27940, -119.35922, 39.76500
48.27940, -119.22262, 44.86000
48.27940, -119.08601, 51.41250
48.27940, -118.94940, 52.96000
48.27940, -118.81280, 54.78500
48.27940, -118.67619, 63.25000
48.27940, -118.53958, 71.41500
48.27940, -118.40298, 76.26500
48.27940, -118.26637, 72.89500
48.27940, -118.12976, 82.53500
48.27940, -117.99316, 93.43500
48.27940, -117.85655, 96.03500
48.27940, -117.71994, 103.35500
48.27940, -117.58334, 126.70000
48.27940, -117.44673, 124.60500
48.27940, -117.31012, 130.22500
48.27940, -117.17352, 136.55500
48.27940, -117.03691, 155.59000
48.27940, -116.90030, 184.56000
48.27940, -116.76370, 197.43000
48.27940, -116.62709, 207.31000
48.27940, -116.49048, 204.91875
48.27940, -116.39793, 189.85455
48.38756, -125.09671, 0.00000
48.38756, -124.96010, 0.00000
48.38756, -124.82350, 501.82000
48.38756, -124.68689, 539.42500
48.38756, -124.55028, 549.60000
48.38756, -124.41368, 592.81000
48.38756, -124.27707, 577.22500
48.38756, -124.14046, 494.12857
48.38756, -124.00386, 452.49286
48.38756, -123.86725, 326.38750
48.38756, -123.73064, 208.78889
48.38756, -123.59404, 160.32778
48.38756, -123.45743, 84.89412
48.38756, -123.32082, 56.94615
48.38756, -123.18422, 51.13333
48.38756, -123.04761, 44.96000
48.38756, -122.91100, 47.57692
48.38756, -122.77439, 51.53333
48.38756, -122.63779, 79.47895
48.38756, -122.50118, 140.49375
48.38756, -122.36457, 260.59000
48.38756, -122.22797, 402.25500
48.38756, -122.09136, 447.69500
48.38756, -121.95475, 436.65000
48.38756, -121.81815, 420.05500
48.38756, -121.68154, 410.39000
48.38756, -121.54493, 387.80500
48.38756, -121.40833, 387.38500
48.38756, -121.27172, 378.31000
48.38756, -121.13511, 364.86000
48.38756, -120.99851, 372.33125
48.38756, -120.86190, 329.83000
48.38756, -120.72529, 266.31500
48.38756, -120.58869, 225.55000
48.38756, -120.45208, 140.16500
48.38756, -120.31547, 88.30500
48.38756, -120.17887, 68.47000
48.38756, -120.04226, 60.97000
48.38756, -119.90565, 56.45000
48.38756, -119.76905, 50.68500
48.38756, -119.63244, 39.76000
48.38756, -119.49583, 41.97500
48.38756, -119.35922, 43.72000
48.38756, -119.22262, 50.44000
48.38756, -119.08601, 59.10625
48.38756, -118.94940, 56.83000
48.38756, -118.81280, 59.32000
48.38756, -118.67619, 74.07500
48.38756, -118.53958, 93.98500
48.38756, -118.40298, 99.86500
48.38756, -118.26637, 89.86500
48.38756, -118.12976, 87.40000
48.38756, -117.99316, 97.68000
48.38756, -117.85655, 100.59000
48.38756, -117.71994, 117.96000
48.38756, -117.58334, 149.55625
48.38756, -117.44673, 142.93500
48.38756, -117.31012, 160.34000
48.38756, -117.17352, 173.38000
48.38756, -117.03691, 200.71500
48.38756, -116.90030, 222.17000
48.38756, -116.76370, 230.26500
48.38756, -116.62709, 231.01000
48.38756, -116.49048, 221.01875
48.38756, -116.39793, 198.43636
48.49572, -125.09671, 0.00000
48.49572, -124.96010, 511.60000
48.49572, -124.82350, 491.31429
48.49572, -124.68689, 511.36000
48.49572, -124.55028, 538.63333
48.49572, -124.41368, 594.59000
48.49572, -124.27707, 576.48462
48.49572, -124.14046, 497.04706
48.49572, -124.00386, 449.92778
48.49572, -123.86725, 341.33500
48.49572, -123.73064, 239.65000
48.49572, -123.59404, 181.52000
48.49572, -123.45743, 91.00500
48.49572, -123.32082, 56.23889
48.49572, -123.18422, 51.06471
48.49572, -123.04761, 46.11333
48.49572, -122.91100, 51.53750
48.49572, -122.77439, 54.44706
48.49572, -122.63779, 84.10526
48.49572, -122.50118, 155.38125
48.49572, -122.36457, 276.47500
48.49572, -122.22797, 394.80500
48.49572, -122.09136, 420.96500
48.49572, -121.95475, 394.84500
48.49572, -121.81815, 402.40000
48.49572, -121.68154, 403.96500
48.49572, -121.54493, 391.83500
48.49572, -121.40833, 391.68000
48.49572, -121.27172, 380.91500
48.49572, -121.13511, 370.11000
48.49572, -120.99851, 370.09375
48.49572, -120.86190, 320.15000
48.49572, -120.72529, 253.82500
48.49572, -120.58869, 213.60500
48.49572, -120.45208, 133.14500
48.49572, -120.31547, 79.31500
48.49572, -120.17887, 64.66000
48.49572, -120.04226, 68.50500
48.49572, -119.90565, 65.59500
48.49572, -119.76905, 57.15500
48.49572, -119.63244, 41.24000
48.49572, -119.49583, 43.38000
48.49572, -119.35922, 45.30500
48.49572, -119.22262, 51.77000
48.49572, -119.08601, 59.71875
48.49572, -118.94940, 58.02000
48.49572, -118.81280, 61.18000
48.49572, -118.67619, 76.56500
48.49572, -118.53958, 101.73000
48.49572, -118.40298, 113.10000
48.49572, -118.26637, 101.43500
48.49572, -118.12976, 92.94500
48.49572, -117.99316, 100.77500
48.49572, -117.85655, 105.50500
48.49572, -117.71994, 125.68000
48.49572, -117.58334, 160.82500
48.49572, -117.44673, 153.76500
48.49572, -117.31012, 177.99000
48.49572, -117.17352, 191.25500
48.49572, -117.03691, 221.02500
48.49572, -116.90030, 232.83000
48.49572, -116.76370, 237.93000
48.49572, -116.62709, 233.03500
48.49572, -116.49048, 220.11250
48.49572, -116.39793, 206.20000
48.60387, -125.09671, 532.50000
48.60387, -124.96010, 544.31429
48.60387, -124.82350, 566.16000
48.60387, -124.68689, 564.75833
48.60387, -124.55028, 577.33571
48.60387, -124.41368, 616.35385
48.60387, -124.27707, 565.93889
48.60387, -124.14046, 497.71000
48.60387, -124.00386, 458.89500
48.60387, -123.86725, 356.30500
48.60387, -123.73064, 257.59500
48.60387, -123.59404, 199.50000
48.60387, -123.45743, 99.72500
48.60387, -123.32082, 55.56500
48.60387, -123.18422, 49.48500
48.60387, -123.04761, 46.89000
48.60387, -122.91100, 54.65500
48.60387, -122.77439, 59.35500
48.60387, -122.63779, 103.15500
48.60387, -122.50118, 186.47500
48.60387, -122.36457, 301.45500
48.60387, -122.22797, 397.13000
48.60387, -122.09136, 416.32000
48.60387, -121.95475, 393.40500
48.60387, -121.81815, 402.05000
48.60387, -121.68154, 409.86000
48.60387, -121.54493, 411.02500
48.60387, -121.40833, 416.61500
48.60387, -121.27172, 400.03500
48.60387, -121.13511, 389.26500
48.60387, -120.99851, 383.95625
48.60387, -120.86190, 315.13500
48.60387, -120.72529, 238.27500
48.60387, -120.58869, 203.22000
48.60387, -120.45208, 137.81500
48.60387, -120.31547, 90.17000
48.60387, -120.17887, 77.73000
48.60387, -120.04226, 79.74500
48.60387, -119.90565, 75.67500
48.60387, -119.76905, 64.50500
48.60387, -119.63244, 44.40500
48.60387, -119.49583, 45.36000
48.60387, -119.35922, 47.05000
48.60387, -119.22262, 51.33000
48.60387, -119.08601, 59.69375
48.60387, -118.94940, 60.38000
48.60387, -118.81280, 65.20500
48.60387, -118.67619, 80.19000
48.60387, -118.53958, 108.30500
48.60387, -118.40298, 124.74000
48.60387, -118.26637, 114.81500
48.60387, -118.12976, 98.70000
48.60387, -117.99316, 105.52500
48.60387, -117.85655, 113.10500
48.60387, -117.71994, 141.51000
48.60387, -117.58334, 175.83125
48.60387, -117.44673, 168.53000
48.60387, -117.31012, 193.81500
48.60387, -117.17352, 212.25500
48.60387, -117.03691, 242.00500
48.60387, -116.90030, 245.92500
48.60387, -116.76370, 241.94000
48.60387, -116.62709, 233.26500
48.60387, -116.49048, 217.54375
48.60387, -116.39793, 198.39091
48.71203, -125.09671, 573.80000
48.71203, -124.96010, 552.92857
48.71203, -124.82350, 576.33333
48.71203, -124.68689, 572.62000
48.71203, -124.55028, 576.07000
48.71203, -124.41368, 621.22500
48.71203, -124.27707, 565.36000
48.71203, -124.14046, 496.81000
48.71203, -124.00386, 459.60000
48.71203, -123.86725, 361.96000
48.71203, -123.73064, 273.44000
48.71203, -123.59404, 213.94000
48.71203, -123.45743, 103.12000
48.71203, -123.32082, 55.72000
48.71203, -123.18422, 48.89000
48.71203, -123.04761, 48.70000
48.71203, -122.91100, 61.24000
48.71203, -122.77439, 68.49000
48.71203, -122.63779, 123.59000
48.71203, -122.50118, 255.31111
48.71203, -122.36457, 349.20769
48.71203, -122.22797, 387.86000
48.71203, -122.09136, 379.00667
48.71203, -121.95475, 329.12000
48.71203, -121.81815, 367.84667
48.71203, -121.68154, 394.78667
48.71203, -121.54493, 442.00667
48.71203, -121.40833, 447.56667
48.71203, -121.27172, 433.26667
48.71203, -121.13511, 407.76000
48.71203, -120.99851, 397.84167
48.71203, -120.86190, 294.70000
48.71203, -120.72529, 211.28667
48.71203, -120.58869, 184.01333
48.71203, -120.45208, 139.86667
48.71203, -120.31547, 100.84667
48.71203, -120.17887, 94.09333
48.71203, -120.04226, 88.44000
48.71203, -119.90565, 83.66667
48.71203, -119.76905, 69.96667
48.71203, -119.63244, 49.47333
48.71203, -119.49583, 47.59333
48.71203, -119.35922, 48.27333
48.71203, -119.22262, 55.84667
48.71203, -119.08601, 66.44167
48.71203, -118.94940, 70.80000
48.71203, -118.81280, 72.38667
48.71203, -118.67619, 83.37333
48.71203, -118.53958, 109.87333
48.71203, -118.40298, 134.34000
48.71203, -118.26637, 129.24667
48.71203, -118.12976, 107.90000
48.71203, -117.99316, 115.26667
48.71203, -117.85655, 127.60000
48.71203, -117.71994, 162.62667
48.71203, -117.58334, 200.51667
48.71203, -117.44673, 198.92000
48.71203, -117.31012, 220.95333
48.71203, -117.17352, 238.61333
48.71203, -117.03691, 253.46667
48.71203, -116.90030, 251.16000
48.71203, -116.76370, 235.67333
48.71203, -116.62709, 219.94667
48.71203, -116.49048, 198.83333
48.71203, -116.39793, 183.02222
48.82019, -125.09671, 519.33333
48.82019, -124.96010, 528.80000
48.82019, -124.82350, 524.48000
48.82019, -124.68689, 528.16000
48.82019, -124.55028, 497.28000
48.82019, -124.41368, 476.00000
48.82019, -124.27707, 427.20000
48.82019, -124.14046, 365.68000
48.82019, -124.00386, 337.52000
48.82019, -123.86725, 292.56000
48.82019, -123.73064, 217.04000
48.82019, -123.59404, 172.80000
48.82019, -123.45743, 86.93333
48.82019, -123.32082, 54.50000
48.82019, -123.18422, 51.20000
48.82019, -123.04761, 52.34286
48.82019, -122.91100, 78.90000
48.82019, -122.77439, 86.40000
48.82019, -122.63779, 142.74286
48.82019, -122.50118, 275.38000
48.82019, -122.36457, 364.18750
48.82019, -122.22797, 372.07000
48.82019, -122.09136, 355.93000
48.82019, -121.95475, 308.00000
48.82019, -121.81815, 345.02000
48.82019, -121.68154, 379.92000
48.82019, -121.54493, 440.02000
48.82019, -121.40833, 441.79000
48.82019, -121.27172, 436.10000
48.82019, -121.13511, 392.32000
48.82019, -120.99851, 368.13750
48.82019, -120.86190, 270.07000
48.82019, -120.72529, 192.01000
48.82019, -120.58869, 172.13000
48.82019, -120.45208, 139.70000
48.82019, -120.31547, 112.75000
48.82019, -120.17887, 102.08000
48.82019, -120.04226, 91.81000
48.82019, -119.90565, 82.87000
48.82019, -119.76905, 69.21000
48.82019, -119.63244, 49.69000
48.82019, -119.49583, 46.01000
48.82019, -119.35922, 47.94000
48.82019, -119.22262, 56.88000
48.82019, -119.08601, 67.55000
48.82019, -118.94940, 73.22000
48.82019, -118.81280, 74.09000
48.82019, -118.67619, 80.91000
48.82019, -118.53958, 104.01000
48.82019, -118.40298, 128.57000
48.82019, -118.26637, 126.30000
48.82019, -118.12976, 105.53000
48.82019, -117.99316, 116.33000
48.82019, -117.85655, 129.90000
48.82019, -117.71994, 164.70000
48.82019, -117.58334, 194.48750
48.82019, -117.44673, 202.00000
48.82019, -117.31012, 219.34000
48.82019, -117.17352, 231.23000
48.82019, -117.03691, 241.47000
48.82019, -116.90030, 243.53000
48.82019, -116.76370, 223.49000
48.82019, -116.62709, 200.14000
48.82019, -116.49048, 172.68750
48.82019, -116.39793, 165.24000
48.92835, -125.09671, 637.20000
48.92835, -124.96010, 605.48000
48.92835, -124.82350, 617.30000
48.92835, -124.68689, 595.28000
48.92835, -124.55028, 518.48000
48.92835, -124.41368, 503.95000
48.92835, -124.27707, 388.42000
48.92835, -124.14046, 338.04000
48.92835, -124.00386, 317.46000
48.92835, -123.86725, 274.64000
48.92835, -123.73064, 209.90000
48.92835, -123.59404, 163.04000
48.92835, -123.45743, 86.70000
48.92835, -123.32082, 63.20000
48.92835, -123.18422, 67.20000
48.92835, -123.04761, 78.70000
48.92835, -122.91100, 128.06667
48.92835, -122.77439, 169.00000
48.92835, -122.63779, 301.62500
48.92835, -122.50118, 469.80000
48.92835, -122.36457, 468.40000
48.92835, -122.22797, 423.52000
48.92835, -122.09136, 381.04000
48.92835, -121.95475, 292.48000
48.92835, -121.81815, 306.96000
48.92835, -121.68154, 345.60000
48.92835, -121.54493, 418.32000
48.92835, -121.40833, 396.64000
48.92835, -121.27172, 381.44000
48.92835, -121.13511, 308.88000
48.92835, -120.99851, 258.90000
48.92835, -120.86190, 194.48000
48.92835, -120.72529, 147.20000
48.92835, -120.58869, 136.32000
48.92835, -120.45208, 112.64000
48.92835, -120.31547, 101.92000
48.92835, -120.17887, 96.16000
48.92835, -120.04226, 90.96000
48.92835, -119.90565, 72.64000
48.92835, -119.76905, 64.40000
48.92835, -119.63244, 49.76000
48.92835, -119.49583, 45.92000
48.92835, -119.35922, 48.48000
48.92835, -119.22262, 56.00000
48.92835, -119.08601, 61.30000
48.92835, -118.94940, 67.28000
48.92835, -118.81280, 74.56000
48.92835, -118.67619, 81.04000
48.92835, -118.53958, 100.96000
48.92835, -118.40298, 111.60000
48.92835, -118.26637, 117.52000
48.92835, -118.12976, 119.28000
48.92835, -117.99316, 131.60000
48.92835, -117.85655, 138.16000
48.92835, -117.71994, 160.08000
48.92835, -117.58334, 179.60000
48.92835, -117.44673, 199.28000
48.92835, -117.31012, 209.28000
48.92835, -117.17352, 204.96000
48.92835, -117.03691, 196.48000
48.92835, -116.90030, 193.44000
48.92835, -116.76370, 185.60000
48.92835, -116.62709, 166.48000
48.92835, -116.49048, 141.80000
48.92835, -116.39793, 133.80000
49.03651, -125.09671, 578.43333
49.03651, -124.96010, 565.14000
49.03651, -124.82350, 541.06000
49.03651, -124.68689, 509.48000
49.03651, -124.55028, 451.23000
49.03651, -124.41368, 435.60000
49.03651, -124.27707, 370.63000
49.03651, -124.14046, 298.44000
49.03651, -124.00386, 281.02222
49.03651, -123.86725, 231.85714
49.03651, -123.73064, 198.16000
49.03651, -123.59404, 158.06000
49.03651, -123.45743, 84.80000
49.03651, -123.32082, 60.93333
49.03651, -123.18422, 64.66667
49.03651, -123.04761, 74.25000
49.03651, -122.91100, 128.06667
49.03651, -122.77439, 152.10000
49.03651, -122.63779, 316.17500
49.03651, -122.50118, 580.20000
49.03651, -122.36457, 561.88000
49.03651, -122.22797, 554.92000
49.03651, -122.09136, 495.26000
49.03651, -121.95475, 349.28000
49.03651, -121.81815, 344.54000
49.03651, -121.68154, 400.62000
49.03651, -121.54493, 458.50000
49.03651, -121.40833, 457.10000
49.03651, -121.27172, 402.28000
49.03651, -121.13511, 294.40000
49.03651, -120.99851, 242.40000
49.03651, -120.86190, 171.28000
49.03651, -120.72529, 144.40000
49.03651, -120.58869, 142.24000
49.03651, -120.45208, 116.10000
49.03651, -120.31547, 118.38000
49.03651, -120.17887, 113.24000
49.03651, -120.04226, 104.82000
49.03651, -119.90565, 80.96000
49.03651, -119.76905, 71.20000
49.03651, -119.63244, 56.02000
49.03651, -119.49583, 57.34000
49.03651, -119.35922, 58.16000
49.03651, -119.22262, 59.04000
49.03651, -119.08601, 65.75000
49.03651, -118.94940, 63.96000
49.03651, -118.81280, 85.92000
49.03651, -118.67619, 102.88000
49.03651, -118.53958, 116.28000
49.03651, -118.40298, 122.36000
49.03651, -118.26637, 131.16000
49.03651, -118.12976, 151.18000
49.03651, -117.99316, 177.30000
49.03651, -117.85655, 172.08000
49.03651, -117.71994, 179.90000
49.03651, -117.58334, 209.92500
49.03651, -117.44673, 216.08000
49.03651, -117.31012, 234.34000
49.03651, -117.17352, 224.32000
49.03651, -117.03691, 186.82000
49.03651, -116.90030, 182.38000
49.03651, -116.76370, 190.64000
49.03651, -116.62709, 164.48000
49.03651, -116.49048, 158.87500
49.03651, -116.39793, 147.63333
49.14467, -125.09671, 512.07778
49.14467, -124.96010, 486.31333
49.14467, -124.82350, 453.26667
49.14467, -124.68689, 417.96667
49.14467, -124.55028, 369.98667
49.14467, -124.41368, 347.35833
49.14467, -124.27707, 291.07333
49.14467, -124.14046, 225.65000
49.14467, -124.00386, 203.16667
49.14467, -123.86725, 148.00000
49.14467, -123.73064, 103.15000
49.14467, -123.59404, 95.20000
49.14467, -123.45743, 274.40000
49.14467, -123.32082, 296.80000
49.14467, -123.18422, 315.32857
49.14467, -123.04761, 340.01000
49.14467, -122.91100, 389.16000
49.14467, -122.77439, 403.77000
49.14467, -122.63779, 399.05833
49.14467, -122.50118, 394.00909
49.14467, -122.36457, 364.46667
49.14467, -122.22797, 336.44667
49.14467, -122.09136, 334.76000
49.14467, -121.95475, 324.99333
49.14467, -121.81815, 359.66667
49.14467, -121.68154, 393.78667
49.14467, -121.54493, 433.12667
49.14467, -121.40833, 404.86000
49.14467, -121.27172, 348.79333
49.14467, -121.13511, 240.26667
49.14467, -120.99851, 189.48333
49.14467, -120.86190, 142.63333
49.14467, -120.72529, 116.54000
49.14467, -120.58869, 113.70667
49.14467, -120.45208, 98.02667
49.14467, -120.31547, 90.96667
49.14467, -120.17887, 83.72667
49.14467, -120.04226, 78.52000
49.14467, -119.90565, 63.62000
49.14467, -119.76905, 59.03333
49.14467, -119.63244, 51.96000
49.14467, -119.49583, 60.77333
49.14467, -119.35922, 66.95333
49.14467, -119.22262, 78.76000
49.14467, -119.08601, 83.01667
49.14467, -118.94940, 91.59333
49.14467, -118.81280, 115.50000
49.14467, -118.67619, 134.02667
49.14467, -118.53958, 140.20000
49.14467, -118.40298, 142.30000
49.14467, -118.26637, 147.83333
49.14467, -118.12976, 168.22667
49.14467, -117.99316, 187.00667
49.14467, -117.85655, 179.32667
49.14467, -117.71994, 181.30667
49.14467, -117.58334, 190.95833
49.14467, -117.44673, 210.11333
49.14467, -117.31012, 226.09333
49.14467, -117.17352, 218.01333
49.14467, -117.03691, 188.83333
49.14467, -116.90030, 168.53333
49.14467, -116.76370, 169.08000
49.14467, -116.62709, 153.47333
49.14467, -116.49048, 148.25000
49.14467, -116.39793, 140.06250
49.25283, -125.09671, 497.71667
49.25283, -124.96010, 465.75000
49.25283, -124.82350, 430.25500
49.25283, -124.68689, 398.29000
49.25283, -124.55028, 342.09500
49.25283, -124.41368, 321.10667
49.25283, -124.27707, 271.37222
49.25283, -124.14046, 220.87333
49.25283, -124.00386, 202.83846
49.25283, -123.86725, 149.75714
49.25283, -123.73064, 188.35000
49.25283, -123.59404, 230.20000
49.25283, -123.45743, 254.26667
49.25283, -123.32082, 275.52000
49.25283, -123.18422, 299.25833
49.25283, -123.04761, 327.93333
49.25283, -122.91100, 374.67333
49.25283, -122.77439, 387.26000
49.25283, -122.63779, 357.02667
49.25283, -122.50118, 334.67500
49.25283, -122.36457, 267.45333
49.25283, -122.22797, 244.35333
49.25283, -122.09136, 262.83333
49.25283, -121.95475, 304.81333
49.25283, -121.81815, 369.01333
49.25283, -121.68154, 394.68667
49.25283, -121.54493, 417.46667
49.25283, -121.40833, 385.57333
49.25283, -121.27172, 322.04000
49.25283, -121.13511, 206.00667
49.25283, -120.99851, 165.40000
49.25283, -120.86190, 123.09333
49.25283, -120.72529, 102.26000
49.25283, -120.58869, 97.32000
49.25283, -120.45208, 84.00000
49.25283, -120.31547, 74.90000
49.25283, -120.17887, 70.64667
49.25283, -120.04226, 66.15333
49.25283, -119.90565, 62.12000
49.25283, -119.76905, 58.40000
49.25283, -119.63244, 54.27333
49.25283, -119.49583, 69.92667
49.25283, -119.35922, 79.73333
49.25283, -119.22262, 94.42000
49.25283, -119.08601, 104.28333
49.25283, -118.94940, 112.34000
49.25283, -118.81280, 140.28667
49.25283, -118.67619, 156.92667
49.25283, -118.53958, 158.12000
49.25283, -118.40298, 162.82667
49.25283, -118.26637, 166.62000
49.25283, -118.12976, 173.33333
49.25283, -117.99316, 194.99333
49.25283, -117.85655, 188.20000
49.25283, -117.71994, 187.00667
49.25283, -117.58334, 198.75833
49.25283, -117.44673, 213.78667
49.25283, -117.31012, 235.56000
49.25283, -117.17352, 228.20000
49.25283, -117.03691, 198.07333
49.25283, -116.90030, 171.92000
49.25283, -116.76370, 168.01333
49.25283, -116.62709, 148.68000
49.25283, -116.49048, 151.96667
49.25283, -116.39793, 146.47500
49.36099, -125.09671, 460.06667
49.36099, -124.96010, 431.39500
49.36099, -124.82350, 398.88000
49.36099, -124.68689, 374.83684
49.36099, -124.55028, 314.72222
49.36099, -124.41368, 268.43077
49.36099, -124.27707, 213.89412
49.36099, -124.14046, 189.48571
49.36099, -124.00386, 186.76154
49.36099, -123.86725, 191.97778
49.36099, -123.73064, 207.75556
49.36099, -123.59404, 246.63333
49.36099, -123.45743, 277.29091
49.36099, -123.32082, 287.98667
49.36099, -123.18422, 293.59412
49.36099, -123.04761, 305.64000
49.36099, -122.91100, 339.71000
49.36099, -122.77439, 347.22500
49.36099, -122.63779, 326.40000
49.36099, -122.50118, 309.96875
49.36099, -122.36457, 258.51500
49.36099, -122.22797, 235.95500
49.36099, -122.09136, 252.00000
49.36099, -121.95475, 291.53500
49.36099, -121.81815, 360.39500
49.36099, -121.68154, 389.52000
49.36099, -121.54493, 415.26000
49.36099, -121.40833, 364.79500
49.36099, -121.27172, 303.38500
49.36099, -121.13511, 191.82500
49.36099, -120.99851, 151.53750
49.36099, -120.86190, 114.94000
49.36099, -120.72529, 93.55500
49.36099, -120.58869, 87.50000
49.36099, -120.45208, 75.83500
49.36099, -120.31547, 69.38000
49.36099, -120.17887, 66.54000
49.36099, -120.04226, 65.99500
49.36099, -119.90565, 62.71500
49.36099, -119.76905, 58.73500
49.36099, -119.63244, 55.45500
49.36099, -119.49583, 70.55500
49.36099, -119.35922, 80.29000
49.36099, -119.22262, 93.65000
49.36099, -119.08601, 105.81250
49.36099, -118.94940, 116.83500
49.36099, -118.81280, 142.00000
49.36099, -118.67619, 155.82500
49.36099, -118.53958, 156.59500
49.36099, -118.40298, 162.31500
49.36099, -118.26637, 162.48500
49.36099, -118.12976, 169.51000
49.36099, -117.99316, 186.52500
49.36099, -117.85655, 187.30500
49.36099, -117.71994, 191.25000
49.36099, -117.58334, 201.16875
49.36099, -117.44673, 213.92500
49.36099, -117.31012, 229.49500
49.36099, -117.17352, 224.94500
49.36099, -117.03691, 198.98000
49.36099, -116.90030, 173.33000
49.36099, -116.76370, 167.52500
49.36099, -116.62709, 148.10500
49.36099, -116.49048, 148.99375
49.36099, -116.39793, 136.35455
49.46915, -125.09671, 413.98333
49.46915, -124.96010, 374.83000
49.46915, -124.82350, 338.22222
49.46915, -124.68689, 317.22000
49.46915, -124.55028, 226.70769
49.46915, -124.41368, 181.41000
49.46915, -124.27707, 193.35625
49.46915, -124.14046, 237.24000
49.46915, -124.00386, 248.00667
49.46915, -123.86725, 241.25714
49.46915, -123.73064, 220.72353
49.46915, -123.59404, 231.10000
49.46915, -123.45743, 248.11500
49.46915, -123.32082, 256.75000
49.46915, -123.18422, 253.14500
49.46915, -123.04761, 246.88000
49.46915, -122.91100, 259.37500
49.46915, -122.77439, 262.21500
49.46915, -122.63779, 251.17500
49.46915, -122.50118, 262.56250
49.46915, -122.36457, 235.59000
49.46915, -122.22797, 245.50500
49.46915, -122.09136, 257.19000
49.46915, -121.95475, 291.73500
49.46915, -121.81815, 345.25500
49.46915, -121.68154, 371.92000
49.46915, -121.54493, 366.92500
49.46915, -121.40833, 296.26000
49.46915, -121.27172, 241.61500
49.46915, -121.13511, 154.46000
49.46915, -120.99851, 124.48125
49.46915, -120.86190, 93.57000
49.46915, -120.72529, 76.14000
49.46915, -120.58869, 68.53000
49.46915, -120.45208, 60.04000
49.46915, -120.31547, 60.38500
49.46915, -120.17887, 62.96500
49.46915, -120.04226, 65.72000
49.46915, -119.90565, 64.55500
49.46915, -119.76905, 59.11000
49.46915, -119.63244, 61.03500
49.46915, -119.49583, 80.57500
49.46915, -119.35922, 89.86500
49.46915, -119.22262, 100.14000
49.46915, -119.08601, 115.85000
49.46915, -118.94940, 132.31000
49.46915, -118.81280, 156.33500
49.46915, -118.67619, 164.18000
49.46915, -118.53958, 166.12000
49.46915, -118.40298, 174.47000
49.46915, -118.26637, 165.96500
49.46915, -118.12976, 165.85500
49.46915, -117.99316, 182.08500
49.46915, -117.85655, 197.60500
49.46915, -117.71994, 210.36500
49.46915, -117.58334, 228.25625
49.46915, -117.44673, 226.96500
49.46915, -117.31012, 234.79000
49.46915, -117.17352, 227.08000
49.46915, -117.03691, 200.85500
49.46915, -116.90030, 170.13500
49.46915, -116.76370, 161.13000
49.46915, -116.62709, 142.81500
49.46915, -116.49048, 144.82500
49.46915, -116.39793, 135.71818
49.57731, -125.09671, 390.31667
49.57731, -124.96010, 349.39474
49.57731, -124.82350, 301.51250
49.57731, -124.68689, 259.56154
49.57731, -124.55028, 182.02500
49.57731, -124.41368, 179.89091
49.57731, -124.27707, 213.12222
49.57731, -124.14046, 262.23684
49.57731, -124.00386, 265.30526
49.57731, -123.86725, 238.44737
49.57731, -123.73064, 208.81500
49.57731, -123.59404, 211.77000
49.57731, -123.45743, 231.89000
49.57731, -123.32082, 252.11500
49.57731, -123.18422, 252.21500
49.57731, -123.04761, 237.74500
49.57731, -122.91100, 239.19500
49.57731, -122.77439, 242.29500
49.57731, -122.63779, 236.45500
49.57731, -122.50118, 248.54375
49.57731, -122.36457, 233.36000
49.57731, -122.22797, 256.36000
49.57731, -122.09136, 271.92000
49.57731, -121.95475, 308.31500
49.57731, -121.81815, 353.54500
49.57731, -121.68154, 370.34000
49.57731, -121.54493, 336.82000
49.57731, -121.40833, 256.94500
49.57731, -121.27172, 208.91500
49.57731, -121.13511, 137.45500
49.57731, -120.99851, 113.21875
49.57731, -120.86190, 86.70000
49.57731, -120.72529, 71.72500
49.57731, -120.58869, 65.41500
49.57731, -120.45208, 58.09500
49.57731, -120.31547, 61.15500
49.57731, -120.17887, 63.25500
49.57731, -120.04226, 65.75500
49.57731, -119.90565, 62.09500
49.57731, -119.76905, 58.61500
49.57731, -119.63244, 63.07000
49.57731, -119.49583, 85.28000
49.57731, -119.35922, 94.23000
49.57731, -119.22262, 106.33000
49.57731, -119.08601, 123.56250
49.57731, -118.94940, 145.38500
49.57731, -118.81280, 169.05000
49.57731, -118.67619, 175.13500
49.57731, -118.53958, 170.22500
49.57731, -118.40298, 180.79500
49.57731, -118.26637, 169.33500
49.57731, -118.12976, 174.38500
49.57731, -117.99316, 190.70500
49.57731, -117.85655, 214.08500
49.57731, -117.71994, 225.19000
49.57731, -117.58334, 240.98750
49.57731, -117.44673, 236.33000
49.57731, -117.31012, 239.67000
49.57731, -117.17352, 234.52500
49.57731, -117.03691, 202.35500
49.57731, -116.90030, 172.53500
49.57731, -116.76370, 162.34000
49.57731, -116.62709, 144.43000
49.57731, -116.49048, 140.30625
49.57731, -116.39793, 136.02000
49.68547, -125.09671, 391.04167
49.68547, -124.96010, 353.03529
49.68547, -124.82350, 266.86923
49.68547, -124.68689, 213.16364
49.68547, -124.55028, 180.55385
49.68547, -124.41368, 216.75385
49.68547, -124.27707, 241.36842
49.68547, -124.14046, 283.72500
49.68547, -124.00386, 278.88500
49.68547, -123.86725, 246.25500
49.68547, -123.73064, 213.98500
49.68547, -123.59404, 219.03000
49.68547, -123.45743, 222.56000
49.68547, -123.32082, 241.03500
49.68547, -123.18422, 246.97500
49.68547, -123.04761, 242.35000
49.68547, -122.91100, 239.49000
49.68547, -122.77439, 237.59000
49.68547, -122.63779, 230.97000
49.68547, -122.50118, 245.19375
49.68547, -122.36457, 242.28000
49.68547, -122.22797, 285.58500
49.68547, -122.09136, 296.26500
49.68547, -121.95475, 332.36500
49.68547, -121.81815, 341.42500
49.68547, -121.68154, 343.18000
49.68547, -121.54493, 282.80500
49.68547, -121.40833, 213.28000
49.68547, -121.27172, 172.50000
49.68547, -121.13511, 121.96500
49.68547, -120.99851, 101.32500
49.68547, -120.86190, 79.19500
49.68547, -120.72529, 67.55000
49.68547, -120.58869, 63.58000
49.68547, -120.45208, 59.65000
49.68547, -120.31547, 62.94000
49.68547, -120.17887, 64.86500
49.68547, -120.04226, 66.22500
49.68547, -119.90565, 61.24000
49.68547, -119.76905, 56.93500
49.68547, -119.63244, 61.69500
49.68547, -119.49583, 87.49000
49.68547, -119.35922, 96.31500
49.68547, -119.22262, 117.23000
49.68547, -119.08601, 138.01250
49.68547, -118.94940, 159.16000
49.68547, -118.81280, 180.82000
49.68547, -118.67619, 186.75500
49.68547, -118.53958, 179.09000
49.68547, -118.40298, 187.42500
49.68547, -118.26637, 175.47500
49.68547, -118.12976, 183.30000
49.68547, -117.99316, 200.69500
49.68547, -117.85655, 223.26500
49.68547, -117.71994, 237.48000
49.68547, -117.58334, 251.36250
49.68547, -117.44673, 244.77000
49.68547, -117.31012, 242.45500
49.68547, -117.17352, 237.92500
49.68547, -117.03691, 201.96500
49.68547, -116.90030, 174.00500
49.68547, -116.76370, 162.93500
49.68547, -116.62709, 147.17500
49.68547, -116.49048, 139.62500
49.68547, -116.39793, 128.87273
49.79363, -125.09671, 412.10000
49.79363, -124.96010, 376.56667
49.79363, -124.82350, 223.95714
49.79363, -124.68689, 182.28750
49.79363, -124.55028, 200.52308
49.79363, -124.41368, 241.70833
49.79363, -124.27707, 249.74000
49.79363, -124.14046, 274.17333
49.79363, -124.00386, 268.00667
49.79363, -123.86725, 251.26000
49.79363, -123.73064, 239.06667
49.79363, -123.59404, 249.26000
49.79363, -123.45743, 239.54000
49.79363, -123.32082, 255.25333
49.79363, -123.18422, 262.20000
49.79363, -123.04761, 254.64667
49.79363, -122.91100, 245.89333
49.79363, -122.77439, 232.08000
49.79363, -122.63779, 230.96000
49.79363, -122.50118, 263.35000
49.79363, -122.36457, 278.84667
49.79363, -122.22797, 320.68667
49.79363, -122.09136, 319.17333
49.79363, -121.95475, 329.05333
49.79363, -121.81815, 305.63333
49.79363, -121.68154, 292.08667
49.79363, -121.54493, 212.35333
49.79363, -121.40833, 161.11333
49.79363, -121.27172, 127.15333
49.79363, -121.13511, 95.03333
49.79363, -120.99851, 79.63333
49.79363, -120.86190, 66.06667
49.79363, -120.72529, 60.40000
49.79363, -120.58869, 60.78667
49.79363, -120.45208, 59.65333
49.79363, -120.31547, 65.01333
49.79363, -120.17887, 66.96000
49.79363, -120.04226, 69.04000
49.79363, -119.90565, 66.16667
49.79363, -119.76905, 62.22000
49.79363, -119.63244, 62.02000
49.79363, -119.49583, 82.01333
49.79363, -119.35922, 93.05333
49.79363, -119.22262, 128.50000
49.79363, -119.08601, 163.62500
49.79363, -118.94940, 176.22667
49.79363, -118.81280, 191.88000
49.79363, -118.67619, 196.37333
49.79363, -118.53958, 186.90000
49.79363, -118.40298, 190.77333
49.79363, -118.26637, 180.59333
49.79363, -118.12976, 186.30667
49.79363, -117.99316, 211.40667
49.79363, -117.85655, 232.98000
49.79363, -117.71994, 248.36000
49.79363, -117.58334, 258.45833
49.79363, -117.44673, 250.95333
49.79363, -117.31012, 241.66667
49.79363, -117.17352, 237.76000
49.79363, -117.03691, 201.26667
49.79363, -116.90030, 183.07333
49.79363, -116.76370, 174.58000
49.79363, -116.62709, 155.68000
49.79363, -116.49048, 146.15833
49.79363, -116.39793, 131.98889
49.89786, -125.09671, 410.88000
49.89786, -124.96010, 381.52000
49.89786, -124.82350, 203.45000
49.89786, -124.68689, 193.72000
49.89786, -124.55028, 207.78889
49.89786, -124.41368, 239.07500
49.89786, -124.27707, 229.56000
49.89786, -124.14046, 242.98000
49.89786, -124.00386, 234.28000
49.89786, -123.86725, 245.06000
49.89786, -123.73064, 247.21000
49.89786, -123.59404, 258.18000
49.89786, -123.45743, 244.49000
49.89786, -123.32082, 250.64000
49.89786, -123.18422, 254.95000
49.89786, -123.04761, 242.75000
49.89786, -122.91100, 236.22000
49.89786, -122.77439, 217.88000
49.89786, -122.63779, 220.17000
49.89786, -122.50118, 259.15000
49.89786, -122.36457, 286.94000
49.89786, -122.22797, 333.49000
49.89786, -122.09136, 312.62000
49.89786, -121.95475, 307.41000
49.89786, -121.81815, 263.41000
49.89786, -121.68154, 251.32000
49.89786, -121.54493, 174.02000
49.89786, -121.40833, 135.65000
49.89786, -121.27172, 109.83000
49.89786, -121.13511, 85.13000
49.89786, -120.99851, 66.27500
49.89786, -120.86190, 57.54000
49.89786, -120.72529, 55.00000
49.89786, -120.58869, 56.25000
49.89786, -120.45208, 57.81000
49.89786, -120.31547, 64.24000
49.89786, -120.17887, 67.43000
49.89786, -120.04226, 68.19000
49.89786, -119.90565, 66.02000
49.89786, -119.76905, 61.20000
49.89786, -119.63244, 56.13000
49.89786, -119.49583, 70.11000
49.89786, -119.35922, 82.65000
49.89786, -119.22262, 123.98000
49.89786, -119.08601, 158.68750
49.89786, -118.94940, 166.40000
49.89786, -118.81280, 180.77000
49.89786, -118.67619, 183.95000
49.89786, -118.53958, 183.06000
49.89786, -118.40298, 184.19000
49.89786, -118.26637, 172.74000
49.89786, -118.12976, 175.74000
49.89786, -117.99316, 201.05000
49.89786, -117.85655, 224.04000
49.89786, -117.71994, 237.20000
49.89786, -117.58334, 243.51250
49.89786, -117.44673, 240.94000
49.89786, -117.31012, 225.68000
49.89786, -117.17352, 216.59000
49.89786, -117.03691, 183.80000
49.89786, -116.90030, 174.90000
49.89786, -116.76370, 168.82000
49.89786, -116.62709, 151.12000
49.89786, -116.49048, 143.73750
49.89786, -116.39793, 138.34000
