latitude, longitude, count
45.14277, -125.09671, 0.00000
45.14277, -124.96010, 0.00000
45.14277, -124.82350, 0.00000
45.14277, -124.68689, 0.00000
45.14277, -124.55028, 0.00000
45.14277, -124.41368, 0.00000
45.14277, -124.27707, 0.00000
45.14277, -124.14046, 12.36225
45.14277, -124.00386, 164.37267
45.14277, -123.86725, 115.05306
45.14277, -123.73064, 28.16959
45.14277, -123.59404, 5.86441
45.14277, -123.45743, 1.76075
45.14277, -123.32082, 0.89296
45.14277, -123.18422, 0.63228
45.14277, -123.04761, 0.61089
45.14277, -122.91100, 0.68837
45.14277, -122.77439, 0.86359
45.14277, -122.63779, 1.26734
45.14277, -122.50118, 1.93972
45.14277, -122.36457, 3.34186
45.14277, -122.22797, 6.23528
45.14277, -122.09136, 13.07361
45.14277, -121.95475, 27.29850
45.14277, -121.81815, 49.97099
45.14277, -121.68154, 71.17815
45.14277, -121.54493, 76.08208
45.14277, -121.40833, 74.32525
45.14277, -121.27172, 66.63123
45.14277, -121.13511, 58.71695
45.14277, -120.99851, 50.76593
45.14277, -120.86190, 44.05866
45.14277, -120.72529, 39.78961
45.14277, -120.58869, 37.88854
45.14277, -120.45208, 36.29032
45.14277, -120.31547, 37.26609
45.14277, -120.17887, 37.44937
45.14277, -120.04226, 40.49099
45.14277, -119.90565, 43.59387
45.14277, -119.76905, 41.58095
45.14277, -119.63244, 42.10894
45.14277, -119.49583, 38.71312
45.14277, -119.35922, 40.69255
45.14277, -119.22262, 42.12760
45.14277, -119.08601, 40.03056
45.14277, -118.94940, 36.80349
45.14277, -118.81280, 31.36579
45.14277, -118.67619, 22.92734
45.14277, -118.53958, 18.86941
45.14277, -118.40298, 15.59708
45.14277, -118.26637, 15.05700
45.14277, -118.12976, 16.31932
45.14277, -117.99316, 22.23689
45.14277, -117.85655, 25.54838
45.14277, -117.71994, 31.76919
45.14277, -117.58334, 39.40787
45.14277, -117.44673, 41.79615
45.14277, -117.31012, 47.02448
45.14277, -117.17352, 35.72296
45.14277, -117.03691, 31.71507
45.14277, -116.90030, 25.16939
45.14277, -116.76370, 16.68162
45.14277, -116.62709, 14.40524
45.14277, -116.49048, 15.51244
45.14277, -116.35388, 15.83304
45.25093, -125.09671, 0.00000
45.25093, -124.96010, 0.00000
45.25093, -124.82350, 0.00000
45.25093, -124.68689, 0.00000
45.25093, -124.55028, 0.00000
45.25093, -124.41368, 0.00000
45.25093, -124.27707, 0.00000
45.25093, -124.14046, 2.97674
45.25093, -124.00386, 89.22901
45.25093, -123.86725, 76.11014
45.25093, -123.73064, 24.56658
45.25093, -123.59404, 7.78293
45.25093, -123.45743, 2.66259
45.25093, -123.32082, 1.20961
45.25093, -123.18422, 0.87007
45.25093, -123.04761, 0.82354
45.25093, -122.91100, 0.92292
45.25093, -122.77439, 1.17960
45.25093, -122.63779, 1.63822
45.25093, -122.50118, 2.56156
45.25093, -122.36457, 4.38606
45.25093, -122.22797, 8.32715
45.25093, -122.09136, 17.44892
45.25093, -121.95475, 35.48702
45.25093, -121.81815, 63.28717
45.25093, -121.68154, 85.98998
45.25093, -121.54493, 91.35282
45.25093, -121.40833, 87.34232
45.25093, -121.27172, 79.36464
45.25093, -121.13511, 70.34928
45.25093, -120.99851, 60.33585
45.25093, -120.86190, 51.40266
45.25093, -120.72529, 45.38524
45.25093, -120.58869, 42.29750
45.25093, -120.45208, 40.83468
45.25093, -120.31547, 41.11964
45.25093, -120.17887, 41.85979
45.25093, -120.04226, 42.86401
45.25093, -119.90565, 43.70981
45.25093, -119.76905, 41.00283
45.25093, -119.63244, 38.52589
45.25093, -119.49583, 34.16087
45.25093, -119.35922, 30.37346
45.25093, -119.22262, 26.29056
45.25093, -119.08601, 22.65602
45.25093, -118.94940, 22.50484
45.25093, -118.81280, 18.95369
45.25093, -118.67619, 15.84285
45.25093, -118.53958, 13.38426
45.25093, -118.40298, 11.16465
45.25093, -118.26637, 11.02045
45.25093, -118.12976, 11.86757
45.25093, -117.99316, 14.88013
45.25093, -117.85655, 18.61912
45.25093, -117.71994, 23.15756
45.25093, -117.58334, 26.25205
45.25093, -117.44673, 27.50986
45.25093, -117.31012, 23.51642
45.25093, -117.17352, 19.38437
45.25093, -117.03691, 12.55575
45.25093, -116.90030, 9.78479
45.25093, -116.76370, 7.41446
45.25093, -116.62709, 5.29431
45.25093, -116.49048, 4.82652
45.25093, -116.35388, 6.48875
45.35909, -125.09671, 0.00000
45.35909, -124.96010, 0.00000
45.35909, -124.82350, 0.00000
45.35909, -124.68689, 0.00000
45.35909, -124.55028, 0.00000
45.35909, -124.41368, 0.00000
45.35909, -124.27707, 0.00000
45.35909, -124.14046, 1.05322
45.35909, -124.00386, 32.16348
45.35909, -123.86725, 42.19190
45.35909, -123.73064, 24.94782
45.35909, -123.59404, 9.41615
45.35909, -123.45743, 3.67161
45.35909, -123.32082, 1.73474
45.35909, -123.18422, 1.15730
45.35909, -123.04761, 1.02354
45.35909, -122.91100, 1.07754
45.35909, -122.77439, 1.35895
45.35909, -122.63779, 1.83211
45.35909, -122.50118, 2.83310
45.35909, -122.36457, 4.82618
45.35909, -122.22797, 9.54313
45.35909, -122.09136, 20.34178
45.35909, -121.95475, 40.25673
45.35909, -121.81815, 70.47866
45.35909, -121.68154, 91.40761
45.35909, -121.54493, 95.93412
45.35909, -121.40833, 92.23767
45.35909, -121.27172, 85.00755
45.35909, -121.13511, 74.49227
45.35909, -120.99851, 62.80266
45.35909, -120.86190, 52.30139
45.35909, -120.72529, 45.43337
45.35909, -120.58869, 41.61930
45.35909, -120.45208, 40.62772
45.35909, -120.31547, 40.56686
45.35909, -120.17887, 40.80048
45.35909, -120.04226, 40.70766
45.35909, -119.90565, 39.49763
45.35909, -119.76905, 35.93658
45.35909, -119.63244, 30.01685
45.35909, -119.49583, 25.27075
45.35909, -119.35922, 19.79801
45.35909, -119.22262, 15.48433
45.35909, -119.08601, 12.19656
45.35909, -118.94940, 11.14465
45.35909, -118.81280, 11.62835
45.35909, -118.67619, 11.12571
45.35909, -118.53958, 9.30690
45.35909, -118.40298, 8.13269
45.35909, -118.26637, 8.09054
45.35909, -118.12976, 8.99482
45.35909, -117.99316, 10.64402
45.35909, -117.85655, 13.98770
45.35909, -117.71994, 15.78131
45.35909, -117.58334, 16.21065
45.35909, -117.44673, 16.24888
45.35909, -117.31012, 11.30703
45.35909, -117.17352, 8.62171
45.35909, -117.03691, 4.97975
45.35909, -116.90030, 3.40387
45.35909, -116.76370, 2.37778
45.35909, -116.62709, 1.62508
45.35909, -116.49048, 1.67440
45.35909, -116.35388, 2.25198
45.46725, -125.09671, 0.00000
45.46725, -124.96010, 0.00000
45.46725, -124.82350, 0.00000
45.46725, -124.68689, 0.00000
45.46725, -124.55028, 0.00000
45.46725, -124.41368, 0.00000
45.46725, -124.27707, 0.00000
45.46725, -124.14046, 0.95268
45.46725, -124.00386, 18.34486
45.46725, -123.86725, 26.64215
45.46725, -123.73064, 24.20406
45.46725, -123.59404, 12.12082
45.46725, -123.45743, 5.19452
45.46725, -123.32082, 2.54180
45.46725, -123.18422, 1.68294
45.46725, -123.04761, 1.39850
45.46725, -122.91100, 1.42538
45.46725, -122.77439, 1.65677
45.46725, -122.63779, 2.27757
45.46725, -122.50118, 3.58432
45.46725, -122.36457, 6.31076
45.46725, -122.22797, 11.93270
45.46725, -122.09136, 24.82504
45.46725, -121.95475, 49.60297
45.46725, -121.81815, 82.84625
45.46725, -121.68154, 104.53471
45.46725, -121.54493, 109.04535
45.46725, -121.40833, 105.25769
45.46725, -121.27172, 98.19440
45.46725, -121.13511, 85.43357
45.46725, -120.99851, 71.25922
45.46725, -120.86190, 57.20506
45.46725, -120.72529, 48.96138
45.46725, -120.58869, 45.23862
45.46725, -120.45208, 44.23398
45.46725, -120.31547, 44.33851
45.46725, -120.17887, 44.11597
45.46725, -120.04226, 43.02798
45.46725, -119.90565, 39.49590
45.46725, -119.76905, 33.61729
45.46725, -119.63244, 26.49042
45.46725, -119.49583, 19.80091
45.46725, -119.35922, 14.21513
45.46725, -119.22262, 10.26128
45.46725, -119.08601, 8.52846
45.46725, -118.94940, 8.23986
45.46725, -118.81280, 8.94033
45.46725, -118.67619, 8.92734
45.46725, -118.53958, 8.10410
45.46725, -118.40298, 7.43445
45.46725, -118.26637, 7.29902
45.46725, -118.12976, 8.10683
45.46725, -117.99316, 9.79515
45.46725, -117.85655, 12.03823
45.46725, -117.71994, 13.97872
45.46725, -117.58334, 14.09632
45.46725, -117.44673, 11.98122
45.46725, -117.31012, 8.25753
45.46725, -117.17352, 5.22878
45.46725, -117.03691, 3.03780
45.46725, -116.90030, 1.90967
45.46725, -116.76370, 1.24473
45.46725, -116.62709, 0.95798
45.46725, -116.49048, 0.99527
45.46725, -116.35388, 1.19807
45.57541, -125.09671, 0.00000
45.57541, -124.96010, 0.00000
45.57541, -124.82350, 0.00000
45.57541, -124.68689, 0.00000
45.57541, -124.55028, 0.00000
45.57541, -124.41368, 0.00000
45.57541, -124.27707, 0.00000
45.57541, -124.14046, 0.71795
45.57541, -124.00386, 15.30917
45.57541, -123.86725, 21.29206
45.57541, -123.73064, 22.62644
45.57541, -123.59404, 14.15478
45.57541, -123.45743, 7.34776
45.57541, -123.32082, 3.91916
45.57541, -123.18422, 2.49154
45.57541, -123.04761, 1.98527
45.57541, -122.91100, 1.98203
45.57541, -122.77439, 2.29734
45.57541, -122.63779, 3.12298
45.57541, -122.50118, 4.72286
45.57541, -122.36457, 8.06790
45.57541, -122.22797, 15.38666
45.57541, -122.09136, 30.73049
45.57541, -121.95475, 61.89034
45.57541, -121.81815, 102.46180
45.57541, -121.68154, 129.20723
45.57541, -121.54493, 133.32461
45.57541, -121.40833, 130.43246
45.57541, -121.27172, 121.57661
45.57541, -121.13511, 105.26054
45.57541, -120.99851, 84.47853
45.57541, -120.86190, 67.43192
45.57541, -120.72529, 57.03176
45.57541, -120.58869, 52.55714
45.57541, -120.45208, 51.43566
45.57541, -120.31547, 51.73083
45.57541, -120.17887, 50.91366
45.57541, -120.04226, 47.67514
45.57541, -119.90565, 40.96147
45.57541, -119.76905, 32.33907
45.57541, -119.63244, 24.00003
45.57541, -119.49583, 16.59872
45.57541, -119.35922, 10.99837
45.57541, -119.22262, 7.76004
45.57541, -119.08601, 6.44230
45.57541, -118.94940, 6.73510
45.57541, -118.81280, 7.84350
45.57541, -118.67619, 8.51623
45.57541, -118.53958, 8.29943
45.57541, -118.40298, 7.74758
45.57541, -118.26637, 7.83702
45.57541, -118.12976, 8.81417
45.57541, -117.99316, 10.33436
45.57541, -117.85655, 12.42902
45.57541, -117.71994, 14.16568
45.57541, -117.58334, 13.55618
45.57541, -117.44673, 10.91595
45.57541, -117.31012, 7.29899
45.57541, -117.17352, 4.30238
45.57541, -117.03691, 2.28399
45.57541, -116.90030, 1.36177
45.57541, -116.76370, 0.90751
45.57541, -116.62709, 0.66948
45.57541, -116.49048, 0.61608
45.57541, -116.35388, 0.71336
45.68357, -125.09671, 0.00000
45.68357, -124.96010, 0.00000
45.68357, -124.82350, 0.00000
45.68357, -124.68689, 0.00000
45.68357, -124.55028, 0.00000
45.68357, -124.41368, 0.00000
45.68357, -124.27707, 0.00000
45.68357, -124.14046, 0.47929
45.68357, -124.00386, 10.83159
45.68357, -123.86725, 16.38543
45.68357, -123.73064, 19.74950
45.68357, -123.59404, 15.13597
45.68357, -123.45743, 9.60737
45.68357, -123.32082, 5.72393
45.68357, -123.18422, 3.81627
45.68357, -123.04761, 3.01707
45.68357, -122.91100, 2.92714
45.68357, -122.77439, 3.36629
45.68357, -122.63779, 4.52901
45.68357, -122.50118, 6.95166
45.68357, -122.36457, 12.13232
45.68357, -122.22797, 21.45986
45.68357, -122.09136, 44.33134
45.68357, -121.95475, 87.34921
45.68357, -121.81815, 132.46262
45.68357, -121.68154, 166.62344
45.68357, -121.54493, 174.50884
45.68357, -121.40833, 170.62910
45.68357, -121.27172, 160.57877
45.68357, -121.13511, 136.09167
45.68357, -120.99851, 105.64210
45.68357, -120.86190, 83.32778
45.68357, -120.72529, 69.50425
45.68357, -120.58869, 62.26463
45.68357, -120.45208, 62.49514
45.68357, -120.31547, 62.49307
45.68357, -120.17887, 60.16727
45.68357, -120.04226, 53.34773
45.68357, -119.90565, 42.54088
45.68357, -119.76905, 31.56428
45.68357, -119.63244, 21.79674
45.68357, -119.49583, 14.15961
45.68357, -119.35922, 9.06978
45.68357, -119.22262, 6.35734
45.68357, -119.08601, 5.53371
45.68357, -118.94940, 6.12237
45.68357, -118.81280, 7.72368
45.68357, -118.67619, 9.19487
45.68357, -118.53958, 9.35489
45.68357, -118.40298, 8.92091
45.68357, -118.26637, 8.97064
45.68357, -118.12976, 10.01781
45.68357, -117.99316, 11.81729
45.68357, -117.85655, 13.91512
45.68357, -117.71994, 14.66963
45.68357, -117.58334, 13.74180
45.68357, -117.44673, 10.24070
45.68357, -117.31012, 6.20348
45.68357, -117.17352, 3.49307
45.68357, -117.03691, 1.88962
45.68357, -116.90030, 1.12215
45.68357, -116.76370, 0.75117
45.68357, -116.62709, 0.55673
45.68357, -116.49048, 0.54114
45.68357, -116.35388, 0.59703
45.79173, -125.09671, 0.00000
45.79173, -124.96010, 0.00000
45.79173, -124.82350, 0.00000
45.79173, -124.68689, 0.00000
45.79173, -124.55028, 0.00000
45.79173, -124.41368, 0.00000
45.79173, -124.27707, 0.00000
45.79173, -124.14046, 0.38587
45.79173, -124.00386, 8.32799
45.79173, -123.86725, 13.49841
45.79173, -123.73064, 17.55876
45.79173, -123.59404, 16.09047
45.79173, -123.45743, 11.51489
45.79173, -123.32082, 7.78619
45.79173, -123.18422, 5.55063
45.79173, -123.04761, 4.53050
45.79173, -122.91100, 4.66835
45.79173, -122.77439, 5.06814
45.79173, -122.63779, 6.61937
45.79173, -122.50118, 9.89973
45.79173, -122.36457, 17.55673
45.79173, -122.22797, 31.55331
45.79173, -122.09136, 62.51280
45.79173, -121.95475, 116.81736
45.79173, -121.81815, 180.31953
45.79173, -121.68154, 221.59177
45.79173, -121.54493, 237.32986
45.79173, -121.40833, 238.21014
45.79173, -121.27172, 226.97066
45.79173, -121.13511, 186.28814
45.79173, -120.99851, 141.36534
45.79173, -120.86190, 106.87892
45.79173, -120.72529, 87.85488
45.79173, -120.58869, 77.95939
45.79173, -120.45208, 76.97816
45.79173, -120.31547, 75.89327
45.79173, -120.17887, 70.72095
45.79173, -120.04226, 59.25085
45.79173, -119.90565, 43.79861
45.79173, -119.76905, 30.51009
45.79173, -119.63244, 20.23482
45.79173, -119.49583, 12.56004
45.79173, -119.35922, 7.89717
45.79173, -119.22262, 5.67979
45.79173, -119.08601, 5.22075
45.79173, -118.94940, 6.02604
45.79173, -118.81280, 8.09259
45.79173, -118.67619, 10.40131
45.79173, -118.53958, 11.20211
45.79173, -118.40298, 10.95401
45.79173, -118.26637, 10.88430
45.79173, -118.12976, 11.87732
45.79173, -117.99316, 13.59505
45.79173, -117.85655, 15.42747
45.79173, -117.71994, 15.93195
45.79173, -117.58334, 14.28943
45.79173, -117.44673, 10.07480
45.79173, -117.31012, 5.81497
45.79173, -117.17352, 3.08675
45.79173, -117.03691, 1.71569
45.79173, -116.90030, 1.02784
45.79173, -116.76370, 0.67274
45.79173, -116.62709, 0.50929
45.79173, -116.49048, 0.54636
45.79173, -116.35388, 0.62705
45.89989, -125.09671, 0.00000
45.89989, -124.96010, 0.00000
45.89989, -124.82350, 0.00000
45.89989, -124.68689, 0.00000
45.89989, -124.55028, 0.00000
45.89989, -124.41368, 0.00000
45.89989, -124.27707, 0.00000
45.89989, -124.14046, 0.33544
45.89989, -124.00386, 7.02426
45.89989, -123.86725, 11.66383
45.89989, -123.73064, 16.05641
45.89989, -123.59404, 16.69086
45.89989, -123.45743, 13.29895
45.89989, -123.32082, 9.85661
45.89989, -123.18422, 7.79940
45.89989, -123.04761, 6.97203
45.89989, -122.91100, 6.88357
45.89989, -122.77439, 7.78835
45.89989, -122.63779, 10.68059
45.89989, -122.50118, 15.75975
45.89989, -122.36457, 25.56906
45.89989, -122.22797, 46.01489
45.89989, -122.09136, 88.85820
45.89989, -121.95475, 159.16227
45.89989, -121.81815, 240.34016
45.89989, -121.68154, 302.65971
45.89989, -121.54493, 334.72197
45.89989, -121.40833, 351.65090
45.89989, -121.27172, 330.32074
45.89989, -121.13511, 267.58581
45.89989, -120.99851, 191.32103
45.89989, -120.86190, 139.86245
45.89989, -120.72529, 109.34669
45.89989, -120.58869, 96.93382
45.89989, -120.45208, 92.35587
45.89989, -120.31547, 89.13801
45.89989, -120.17887, 78.91444
45.89989, -120.04226, 62.01886
45.89989, -119.90565, 44.27956
45.89989, -119.76905, 29.40692
45.89989, -119.63244, 18.90203
45.89989, -119.49583, 11.59416
45.89989, -119.35922, 7.35330
45.89989, -119.22262, 5.48340
45.89989, -119.08601, 5.25161
45.89989, -118.94940, 6.16739
45.89989, -118.81280, 8.76807
45.89989, -118.67619, 12.25902
45.89989, -118.53958, 14.12424
45.89989, -118.40298, 14.01722
45.89989, -118.26637, 13.94450
45.89989, -118.12976, 14.65560
45.89989, -117.99316, 16.11367
45.89989, -117.85655, 17.52274
45.89989, -117.71994, 17.60175
45.89989, -117.58334, 14.94939
45.89989, -117.44673, 9.82828
45.89989, -117.31012, 5.45608
45.89989, -117.17352, 2.87518
45.89989, -117.03691, 1.59046
45.89989, -116.90030, 0.96479
45.89989, -116.76370, 0.64292
45.89989, -116.62709, 0.49453
45.89989, -116.49048, 0.51921
45.89989, -116.35388, 0.61888
46.00805, -125.09671, 0.00000
46.00805, -124.96010, 0.00000
46.00805, -124.82350, 0.00000
46.00805, -124.68689, 0.00000
46.00805, -124.55028, 0.00000
46.00805, -124.41368, 0.00000
46.00805, -124.27707, 0.00000
46.00805, -124.14046, 0.30524
46.00805, -124.00386, 6.20963
46.00805, -123.86725, 10.33938
46.00805, -123.73064, 15.01453
46.00805, -123.59404, 17.11967
46.00805, -123.45743, 14.99773
46.00805, -123.32082, 12.08007
46.00805, -123.18422, 10.46107
46.00805, -123.04761, 9.49475
46.00805, -122.91100, 10.30224
46.00805, -122.77439, 12.20625
46.00805, -122.63779, 16.60113
46.00805, -122.50118, 25.08150
46.00805, -122.36457, 40.13893
46.00805, -122.22797, 72.44774
46.00805, -122.09136, 126.67613
46.00805, -121.95475, 212.88881
46.00805, -121.81815, 312.28985
46.00805, -121.68154, 401.80441
46.00805, -121.54493, 469.90627
46.00805, -121.40833, 525.78395
46.00805, -121.27172, 498.47377
46.00805, -121.13511, 381.73206
46.00805, -120.99851, 262.41270
46.00805, -120.86190, 182.55039
46.00805, -120.72529, 133.58767
46.00805, -120.58869, 111.43551
46.00805, -120.45208, 101.04645
46.00805, -120.31547, 94.36438
46.00805, -120.17887, 82.78143
46.00805, -120.04226, 63.38944
46.00805, -119.90565, 44.41361
46.00805, -119.76905, 28.59376
46.00805, -119.63244, 18.86016
46.00805, -119.49583, 11.76140
46.00805, -119.35922, 7.64371
46.00805, -119.22262, 5.86202
46.00805, -119.08601, 5.65268
46.00805, -118.94940, 6.79555
46.00805, -118.81280, 10.54332
46.00805, -118.67619, 15.18278
46.00805, -118.53958, 18.77763
46.00805, -118.40298, 18.90487
46.00805, -118.26637, 18.21479
46.00805, -118.12976, 18.45810
46.00805, -117.99316, 19.19375
46.00805, -117.85655, 19.99372
46.00805, -117.71994, 19.41555
46.00805, -117.58334, 15.70689
46.00805, -117.44673, 9.90206
46.00805, -117.31012, 5.27143
46.00805, -117.17352, 2.78324
46.00805, -117.03691, 1.55457
46.00805, -116.90030, 0.94617
46.00805, -116.76370, 0.64410
46.00805, -116.62709, 0.50873
46.00805, -116.49048, 0.52317
46.00805, -116.35388, 0.60865
46.11620, -125.09671, 0.00000
46.11620, -124.96010, 0.00000
46.11620, -124.82350, 0.00000
46.11620, -124.68689, 0.00000
46.11620, -124.55028, 0.00000
46.11620, -124.41368, 0.00000
46.11620, -124.27707, 0.00000
46.11620, -124.14046, 0.28244
46.11620, -124.00386, 5.68473
46.11620, -123.86725, 9.44472
46.11620, -123.73064, 14.31746
46.11620, -123.59404, 17.66930
46.11620, -123.45743, 16.73066
46.11620, -123.32082, 14.27524
46.11620, -123.18422, 12.64783
46.11620, -123.04761, 12.45635
46.11620, -122.91100, 14.40730
46.11620, -122.77439, 18.53012
46.11620, -122.63779, 26.81237
46.11620, -122.50118, 39.35193
46.11620, -122.36457, 61.91886
46.11620, -122.22797, 103.42380
46.11620, -122.09136, 175.75130
46.11620, -121.95475, 277.25513
46.11620, -121.81815, 390.11990
46.11620, -121.68154, 507.41102
46.11620, -121.54493, 630.96439
46.11620, -121.40833, 748.64067
46.11620, -121.27172, 721.54821
46.11620, -121.13511, 525.58033
46.11620, -120.99851, 332.59824
46.11620, -120.86190, 208.98416
46.11620, -120.72529, 143.52746
46.11620, -120.58869, 109.67446
46.11620, -120.45208, 95.34238
46.11620, -120.31547, 86.94791
46.11620, -120.17887, 78.50035
46.11620, -120.04226, 61.68853
46.11620, -119.90565, 44.74972
46.11620, -119.76905, 30.08076
46.11620, -119.63244, 19.27043
46.11620, -119.49583, 12.17657
46.11620, -119.35922, 8.09113
46.11620, -119.22262, 6.44443
46.11620, -119.08601, 6.25931
46.11620, -118.94940, 8.21229
46.11620, -118.81280, 12.58767
46.11620, -118.67619, 19.75161
46.11620, -118.53958, 25.66514
46.11620, -118.40298, 25.75989
46.11620, -118.26637, 23.75984
46.11620, -118.12976, 22.48471
46.11620, -117.99316, 22.25452
46.11620, -117.85655, 22.42059
46.11620, -117.71994, 21.08946
46.11620, -117.58334, 16.40085
46.11620, -117.44673, 10.14941
46.11620, -117.31012, 5.28569
46.11620, -117.17352, 2.77630
46.11620, -117.03691, 1.56532
46.11620, -116.90030, 0.95913
46.11620, -116.76370, 0.66640
46.11620, -116.62709, 0.54128
46.11620, -116.49048, 0.56143
46.11620, -116.35388, 0.63853
46.22436, -125.09671, 0.00000
46.22436, -124.96010, 0.00000
46.22436, -124.82350, 0.00000
46.22436, -124.68689, 0.00000
46.22436, -124.55028, 0.00000
46.22436, -124.41368, 0.00000
46.22436, -124.27707, 0.00000
46.22436, -124.14046, 0.26840
46.22436, -124.00386, 5.35328
46.22436, -123.86725, 8.76296
46.22436, -123.73064, 13.58052
46.22436, -123.59404, 17.76203
46.22436, -123.45743, 18.28519
46.22436, -123.32082, 15.82483
46.22436, -123.18422, 14.43767
46.22436, -123.04761, 15.62913
46.22436, -122.91100, 18.35773
46.22436, -122.77439, 24.68917
46.22436, -122.63779, 35.23897
46.22436, -122.50118, 55.39364
46.22436, -122.36457, 86.81014
46.22436, -122.22797, 141.60240
46.22436, -122.09136, 223.14681
46.22436, -121.95475, 330.04008
46.22436, -121.81815, 439.34697
46.22436, -121.68154, 558.98010
46.22436, -121.54493, 726.53508
46.22436, -121.40833, 919.86726
46.22436, -121.27172, 915.42232
46.22436, -121.13511, 630.62718
46.22436, -120.99851, 361.44358
46.22436, -120.86190, 209.56630
46.22436, -120.72529, 132.07134
46.22436, -120.58869, 94.13910
46.22436, -120.45208, 77.70881
46.22436, -120.31547, 72.65005
46.22436, -120.17887, 69.40364
46.22436, -120.04226, 60.12546
46.22436, -119.90565, 46.80357
46.22436, -119.76905, 34.37171
46.22436, -119.63244, 21.91257
46.22436, -119.49583, 13.62541
46.22436, -119.35922, 9.56158
46.22436, -119.22262, 7.86650
46.22436, -119.08601, 7.98452
46.22436, -118.94940, 10.47326
46.22436, -118.81280, 16.43499
46.22436, -118.67619, 26.69041
46.22436, -118.53958, 35.14770
46.22436, -118.40298, 35.12747
46.22436, -118.26637, 30.86142
46.22436, -118.12976, 27.65746
46.22436, -117.99316, 25.60806
46.22436, -117.85655, 24.66539
46.22436, -117.71994, 23.19532
46.22436, -117.58334, 17.45597
46.22436, -117.44673, 10.39576
46.22436, -117.31012, 5.40149
46.22436, -117.17352, 2.84114
46.22436, -117.03691, 1.66040
46.22436, -116.90030, 1.03136
46.22436, -116.76370, 0.73189
46.22436, -116.62709, 0.59552
46.22436, -116.49048, 0.62729
46.22436, -116.35388, 0.72593
46.33252, -125.09671, 0.00000
46.33252, -124.96010, 0.00000
46.33252, -124.82350, 0.00000
46.33252, -124.68689, 0.00000
46.33252, -124.55028, 0.00000
46.33252, -124.41368, 0.00000
46.33252, -124.27707, 0.00000
46.33252, -124.14046, 0.26046
46.33252, -124.00386, 5.06703
46.33252, -123.86725, 8.43832
46.33252, -123.73064, 13.26535
46.33252, -123.59404, 17.57891
46.33252, -123.45743, 18.54728
46.33252, -123.32082, 16.62066
46.33252, -123.18422, 14.81484
46.33252, -123.04761, 16.05060
46.33252, -122.91100, 19.62051
46.33252, -122.77439, 28.71083
46.33252, -122.63779, 41.55419
46.33252, -122.50118, 64.73001
46.33252, -122.36457, 97.96969
46.33252, -122.22797, 155.14513
46.33252, -122.09136, 241.73238
46.33252, -121.95475, 342.00330
46.33252, -121.81815, 436.84700
46.33252, -121.68154, 541.66109
46.33252, -121.54493, 707.44894
46.33252, -121.40833, 927.34650
46.33252, -121.27172, 944.11133
46.33252, -121.13511, 630.00408
46.33252, -120.99851, 339.50772
46.33252, -120.86190, 182.04328
46.33252, -120.72529, 106.31829
46.33252, -120.58869, 74.88348
46.33252, -120.45208, 60.36308
46.33252, -120.31547, 57.32773
46.33252, -120.17887, 59.71371
46.33252, -120.04226, 59.41418
46.33252, -119.90565, 51.49715
46.33252, -119.76905, 39.43241
46.33252, -119.63244, 27.72571
46.33252, -119.49583, 17.44350
46.33252, -119.35922, 12.62904
46.33252, -119.22262, 10.56391
46.33252, -119.08601, 11.06054
46.33252, -118.94940, 13.99674
46.33252, -118.81280, 22.28607
46.33252, -118.67619, 35.66055
46.33252, -118.53958, 47.55115
46.33252, -118.40298, 45.78194
46.33252, -118.26637, 38.00315
46.33252, -118.12976, 32.29648
46.33252, -117.99316, 29.52992
46.33252, -117.85655, 28.24987
46.33252, -117.71994, 26.20695
46.33252, -117.58334, 19.92946
46.33252, -117.44673, 11.57838
46.33252, -117.31012, 5.99525
46.33252, -117.17352, 3.24220
46.33252, -117.03691, 1.90688
46.33252, -116.90030, 1.19445
46.33252, -116.76370, 0.86282
46.33252, -116.62709, 0.68438
46.33252, -116.49048, 0.73523
46.33252, -116.35388, 0.87190
46.44068, -125.09671, 0.00000
46.44068, -124.96010, 0.00000
46.44068, -124.82350, 0.00000
46.44068, -124.68689, 0.00000
46.44068, -124.55028, 0.00000
46.44068, -124.41368, 0.00000
46.44068, -124.27707, 0.00000
46.44068, -124.14046, 0.26404
46.44068, -124.00386, 5.04854
46.44068, -123.86725, 8.31666
46.44068, -123.73064, 12.28544
46.44068, -123.59404, 16.71029
46.44068, -123.45743, 17.70619
46.44068, -123.32082, 16.31786
46.44068, -123.18422, 14.65481
46.44068, -123.04761, 14.49553
46.44068, -122.91100, 18.24580
46.44068, -122.77439, 25.46570
46.44068, -122.63779, 39.42804
46.44068, -122.50118, 57.55432
46.44068, -122.36457, 85.51846
46.44068, -122.22797, 132.76525
46.44068, -122.09136, 202.41129
46.44068, -121.95475, 288.47319
46.44068, -121.81815, 368.48148
46.44068, -121.68154, 462.88527
46.44068, -121.54493, 614.45419
46.44068, -121.40833, 812.68144
46.44068, -121.27172, 834.61985
46.44068, -121.13511, 555.51503
46.44068, -120.99851, 287.69332
46.44068, -120.86190, 148.97914
46.44068, -120.72529, 84.51197
46.44068, -120.58869, 58.38334
46.44068, -120.45208, 48.51403
46.44068, -120.31547, 45.33411
46.44068, -120.17887, 51.47938
46.44068, -120.04226, 58.61635
46.44068, -119.90565, 56.19794
46.44068, -119.76905, 47.69934
46.44068, -119.63244, 35.35873
46.44068, -119.49583, 23.98727
46.44068, -119.35922, 17.32340
46.44068, -119.22262, 15.04966
46.44068, -119.08601, 16.23013
46.44068, -118.94940, 20.52177
46.44068, -118.81280, 30.62123
46.44068, -118.67619, 47.48972
46.44068, -118.53958, 61.31464
46.44068, -118.40298, 57.51714
46.44068, -118.26637, 46.34092
46.44068, -118.12976, 38.79003
46.44068, -117.99316, 34.82707
46.44068, -117.85655, 33.07729
46.44068, -117.71994, 30.54609
46.44068, -117.58334, 22.84487
46.44068, -117.44673, 13.11858
46.44068, -117.31012, 6.82257
46.44068, -117.17352, 3.79350
46.44068, -117.03691, 2.14431
46.44068, -116.90030, 1.40031
46.44068, -116.76370, 1.02279
46.44068, -116.62709, 0.84503
46.44068, -116.49048, 0.90562
46.44068, -116.35388, 1.07568
46.54884, -125.09671, 0.00000
46.54884, -124.96010, 0.00000
46.54884, -124.82350, 0.00000
46.54884, -124.68689, 0.00000
46.54884, -124.55028, 0.00000
46.54884, -124.41368, 0.00000
46.54884, -124.27707, 0.00000
46.54884, -124.14046, 0.58109
46.54884, -124.00386, 4.91698
46.54884, -123.86725, 8.10357
46.54884, -123.73064, 12.03947
46.54884, -123.59404, 15.51563
46.54884, -123.45743, 15.69764
46.54884, -123.32082, 12.97946
46.54884, -123.18422, 11.20547
46.54884, -123.04761, 11.61753
46.54884, -122.91100, 13.64899
46.54884, -122.77439, 18.76047
46.54884, -122.63779, 26.95393
46.54884, -122.50118, 39.06849
46.54884, -122.36457, 58.19347
46.54884, -122.22797, 86.28473
46.54884, -122.09136, 131.98717
46.54884, -121.95475, 195.46072
46.54884, -121.81815, 282.50313
46.54884, -121.68154, 376.29028
46.54884, -121.54493, 514.69398
46.54884, -121.40833, 684.12158
46.54884, -121.27172, 700.17158
46.54884, -121.13511, 462.69222
46.54884, -120.99851, 246.36311
46.54884, -120.86190, 126.64359
46.54884, -120.72529, 73.17180
46.54884, -120.58869, 50.09445
46.54884, -120.45208, 41.22067
46.54884, -120.31547, 40.58491
46.54884, -120.17887, 48.02319
46.54884, -120.04226, 57.91938
46.54884, -119.90565, 60.96767
46.54884, -119.76905, 57.84490
46.54884, -119.63244, 46.69775
46.54884, -119.49583, 33.51656
46.54884, -119.35922, 24.90087
46.54884, -119.22262, 21.58783
46.54884, -119.08601, 22.80741
46.54884, -118.94940, 29.66873
46.54884, -118.81280, 42.30497
46.54884, -118.67619, 63.18261
46.54884, -118.53958, 75.36038
46.54884, -118.40298, 70.00980
46.54884, -118.26637, 57.49050
46.54884, -118.12976, 48.50787
46.54884, -117.99316, 42.81321
46.54884, -117.85655, 40.11587
46.54884, -117.71994, 36.38653
46.54884, -117.58334, 26.97802
46.54884, -117.44673, 15.37789
46.54884, -117.31012, 8.21339
46.54884, -117.17352, 4.48061
46.54884, -117.03691, 2.70393
46.54884, -116.90030, 1.78806
46.54884, -116.76370, 1.29683
46.54884, -116.62709, 1.08455
46.54884, -116.49048, 1.19085
46.54884, -116.35388, 1.40159
46.65700, -125.09671, 0.00000
46.65700, -124.96010, 0.00000
46.65700, -124.82350, 0.00000
46.65700, -124.68689, 0.00000
46.65700, -124.55028, 0.00000
46.65700, -124.41368, 0.00000
46.65700, -124.27707, 0.21479
46.65700, -124.14046, 3.58734
46.65700, -124.00386, 5.70357
46.65700, -123.86725, 8.31787
46.65700, -123.73064, 11.57780
46.65700, -123.59404, 14.30471
46.65700, -123.45743, 13.35647
46.65700, -123.32082, 10.51654
46.65700, -123.18422, 8.27179
46.65700, -123.04761, 7.91104
46.65700, -122.91100, 8.71714
46.65700, -122.77439, 11.99512
46.65700, -122.63779, 16.44696
46.65700, -122.50118, 23.76440
46.65700, -122.36457, 33.57999
46.65700, -122.22797, 49.17315
46.65700, -122.09136, 77.22092
46.65700, -121.95475, 122.27471
46.65700, -121.81815, 195.92009
46.65700, -121.68154, 293.64275
46.65700, -121.54493, 436.38128
46.65700, -121.40833, 576.58696
46.65700, -121.27172, 579.51140
46.65700, -121.13511, 386.21883
46.65700, -120.99851, 204.79462
46.65700, -120.86190, 113.89542
46.65700, -120.72529, 68.32021
46.65700, -120.58869, 46.43565
46.65700, -120.45208, 38.63545
46.65700, -120.31547, 40.08765
46.65700, -120.17887, 47.68842
46.65700, -120.04226, 56.61831
46.65700, -119.90565, 65.00784
46.65700, -119.76905, 63.45077
46.65700, -119.63244, 55.00824
46.65700, -119.49583, 42.38648
46.65700, -119.35922, 32.88389
46.65700, -119.22262, 30.23228
46.65700, -119.08601, 31.58449
46.65700, -118.94940, 41.27661
46.65700, -118.81280, 56.82164
46.65700, -118.67619, 77.52051
46.65700, -118.53958, 88.94174
46.65700, -118.40298, 84.48452
46.65700, -118.26637, 72.12889
46.65700, -118.12976, 62.55543
46.65700, -117.99316, 55.98906
46.65700, -117.85655, 52.63230
46.65700, -117.71994, 45.71054
46.65700, -117.58334, 32.73101
46.65700, -117.44673, 19.00598
46.65700, -117.31012, 10.04637
46.65700, -117.17352, 5.76139
46.65700, -117.03691, 3.42074
46.65700, -116.90030, 2.28530
46.65700, -116.76370, 1.70263
46.65700, -116.62709, 1.46977
46.65700, -116.49048, 1.63784
46.65700, -116.35388, 1.98760
46.76516, -125.09671, 0.00000
46.76516, -124.96010, 0.00000
46.76516, -124.82350, 0.00000
46.76516, -124.68689, 0.00000
46.76516, -124.55028, 0.00000
46.76516, -124.41368, 0.00000
46.76516, -124.27707, 0.21272
46.76516, -124.14046, 4.03622
46.76516, -124.00386, 5.94511
46.76516, -123.86725, 8.28902
46.76516, -123.73064, 11.40856
46.76516, -123.59404, 12.87816
46.76516, -123.45743, 10.98662
46.76516, -123.32082, 7.91713
46.76516, -123.18422, 5.86695
46.76516, -123.04761, 5.31300
46.76516, -122.91100, 5.68968
46.76516, -122.77439, 7.36359
46.76516, -122.63779, 9.39692
46.76516, -122.50118, 12.58892
46.76516, -122.36457, 17.41840
46.76516, -122.22797, 26.18137
46.76516, -122.09136, 41.58015
46.76516, -121.95475, 69.61659
46.76516, -121.81815, 126.36317
46.76516, -121.68154, 222.50168
46.76516, -121.54493, 361.82489
46.76516, -121.40833, 502.73835
46.76516, -121.27172, 484.47925
46.76516, -121.13511, 326.08403
46.76516, -120.99851, 182.51127
46.76516, -120.86190, 104.13739
46.76516, -120.72529, 64.11371
46.76516, -120.58869, 45.31529
46.76516, -120.45208, 40.14134
46.76516, -120.31547, 38.95804
46.76516, -120.17887, 44.05392
46.76516, -120.04226, 53.45093
46.76516, -119.90565, 62.88392
46.76516, -119.76905, 61.41800
46.76516, -119.63244, 54.62726
46.76516, -119.49583, 42.90031
46.76516, -119.35922, 35.66111
46.76516, -119.22262, 34.14637
46.76516, -119.08601, 38.24357
46.76516, -118.94940, 50.06481
46.76516, -118.81280, 67.83262
46.76516, -118.67619, 88.99086
46.76516, -118.53958, 102.30506
46.76516, -118.40298, 103.56266
46.76516, -118.26637, 96.15014
46.76516, -118.12976, 86.02656
46.76516, -117.99316, 77.59524
46.76516, -117.85655, 69.28392
46.76516, -117.71994, 56.98263
46.76516, -117.58334, 40.05969
46.76516, -117.44673, 23.01208
46.76516, -117.31012, 12.46870
46.76516, -117.17352, 7.37927
46.76516, -117.03691, 4.51877
46.76516, -116.90030, 3.13612
46.76516, -116.76370, 2.34606
46.76516, -116.62709, 2.00643
46.76516, -116.49048, 2.32408
46.76516, -116.35388, 2.84362
46.87332, -125.09671, 0.00000
46.87332, -124.96010, 0.00000
46.87332, -124.82350, 0.00000
46.87332, -124.68689, 0.00000
46.87332, -124.55028, 0.00000
46.87332, -124.41368, 0.00000
46.87332, -124.27707, 0.21555
46.87332, -124.14046, 4.20427
46.87332, -124.00386, 6.32407
46.87332, -123.86725, 8.61655
46.87332, -123.73064, 11.35687
46.87332, -123.59404, 12.03096
46.87332, -123.45743, 9.55720
46.87332, -123.32082, 6.10927
46.87332, -123.18422, 4.61844
46.87332, -123.04761, 3.78724
46.87332, -122.91100, 3.88265
46.87332, -122.77439, 4.57718
46.87332, -122.63779, 5.77901
46.87332, -122.50118, 7.12153
46.87332, -122.36457, 9.47217
46.87332, -122.22797, 13.71108
46.87332, -122.09136, 22.23183
46.87332, -121.95475, 40.81585
46.87332, -121.81815, 79.64827
46.87332, -121.68154, 159.07692
46.87332, -121.54493, 290.13406
46.87332, -121.40833, 414.19686
46.87332, -121.27172, 393.12254
46.87332, -121.13511, 269.82488
46.87332, -120.99851, 161.10932
46.87332, -120.86190, 99.29435
46.87332, -120.72529, 61.98545
46.87332, -120.58869, 46.60100
46.87332, -120.45208, 39.10186
46.87332, -120.31547, 37.75107
46.87332, -120.17887, 42.26105
46.87332, -120.04226, 47.94699
46.87332, -119.90565, 53.49821
46.87332, -119.76905, 51.19269
46.87332, -119.63244, 45.45193
46.87332, -119.49583, 36.99192
46.87332, -119.35922, 31.66839
46.87332, -119.22262, 32.81804
46.87332, -119.08601, 39.98253
46.87332, -118.94940, 53.85290
46.87332, -118.81280, 73.78451
46.87332, -118.67619, 95.23028
46.87332, -118.53958, 112.78245
46.87332, -118.40298, 125.55084
46.87332, -118.26637, 128.68593
46.87332, -118.12976, 118.41131
46.87332, -117.99316, 102.66796
46.87332, -117.85655, 88.78755
46.87332, -117.71994, 69.09269
46.87332, -117.58334, 46.01054
46.87332, -117.44673, 26.79147
46.87332, -117.31012, 15.62508
46.87332, -117.17352, 9.20559
46.87332, -117.03691, 6.09374
46.87332, -116.90030, 4.21905
46.87332, -116.76370, 3.16779
46.87332, -116.62709, 2.83753
46.87332, -116.49048, 3.33413
46.87332, -116.35388, 3.97070
46.98148, -125.09671, 0.00000
46.98148, -124.96010, 0.00000
46.98148, -124.82350, 0.00000
46.98148, -124.68689, 0.00000
46.98148, -124.55028, 0.00000
46.98148, -124.41368, 0.00000
46.98148, -124.27707, 0.24676
46.98148, -124.14046, 4.72438
46.98148, -124.00386, 6.85061
46.98148, -123.86725, 9.76418
46.98148, -123.73064, 12.38085
46.98148, -123.59404, 12.26366
46.98148, -123.45743, 8.74409
46.98148, -123.32082, 5.26832
46.98148, -123.18422, 3.53167
46.98148, -123.04761, 2.98390
46.98148, -122.91100, 2.72861
46.98148, -122.77439, 2.94932
46.98148, -122.63779, 3.34218
46.98148, -122.50118, 4.16693
46.98148, -122.36457, 5.07739
46.98148, -122.22797, 7.34892
46.98148, -122.09136, 12.25756
46.98148, -121.95475, 22.68055
46.98148, -121.81815, 47.13246
46.98148, -121.68154, 99.12606
46.98148, -121.54493, 203.13349
46.98148, -121.40833, 313.21586
46.98148, -121.27172, 307.54920
46.98148, -121.13511, 216.85194
46.98148, -120.99851, 140.49350
46.98148, -120.86190, 90.58674
46.98148, -120.72529, 62.28652
46.98148, -120.58869, 43.99194
46.98148, -120.45208, 36.72783
46.98148, -120.31547, 34.92311
46.98148, -120.17887, 36.44145
46.98148, -120.04226, 40.38842
46.98148, -119.90565, 42.13563
46.98148, -119.76905, 40.35447
46.98148, -119.63244, 34.13275
46.98148, -119.49583, 27.19692
46.98148, -119.35922, 24.93499
46.98148, -119.22262, 25.97822
46.98148, -119.08601, 34.98598
46.98148, -118.94940, 49.54656
46.98148, -118.81280, 70.13122
46.98148, -118.67619, 94.54776
46.98148, -118.53958, 117.52218
46.98148, -118.40298, 141.96647
46.98148, -118.26637, 159.87914
46.98148, -118.12976, 153.81573
46.98148, -117.99316, 128.64556
46.98148, -117.85655, 97.79593
46.98148, -117.71994, 69.86974
46.98148, -117.58334, 45.98509
46.98148, -117.44673, 28.40181
46.98148, -117.31012, 16.93044
46.98148, -117.17352, 10.53904
46.98148, -117.03691, 7.26663
46.98148, -116.90030, 5.13358
46.98148, -116.76370, 4.09180
46.98148, -116.62709, 3.72906
46.98148, -116.49048, 4.47896
46.98148, -116.35388, 5.27056
47.08964, -125.09671, 0.00000
47.08964, -124.96010, 0.00000
47.08964, -124.82350, 0.00000
47.08964, -124.68689, 0.00000
47.08964, -124.55028, 0.00000
47.08964, -124.41368, 0.00000
47.08964, -124.27707, 0.31433
47.08964, -124.14046, 5.91374
47.08964, -124.00386, 8.85999
47.08964, -123.86725, 12.01426
47.08964, -123.73064, 14.49855
47.08964, -123.59404, 12.96999
47.08964, -123.45743, 8.59384
47.08964, -123.32082, 5.04381
47.08964, -123.18422, 3.14358
47.08964, -123.04761, 2.42188
47.08964, -122.91100, 2.15471
47.08964, -122.77439, 2.10829
47.08964, -122.63779, 2.23602
47.08964, -122.50118, 2.50118
47.08964, -122.36457, 3.19140
47.08964, -122.22797, 4.53560
47.08964, -122.09136, 7.29249
47.08964, -121.95475, 13.77704
47.08964, -121.81815, 28.12269
47.08964, -121.68154, 63.55348
47.08964, -121.54493, 137.88851
47.08964, -121.40833, 227.51751
47.08964, -121.27172, 236.48476
47.08964, -121.13511, 174.13309
47.08964, -120.99851, 122.07850
47.08964, -120.86190, 82.08557
47.08964, -120.72529, 54.80698
47.08964, -120.58869, 40.43238
47.08964, -120.45208, 31.34367
47.08964, -120.31547, 28.27950
47.08964, -120.17887, 28.91998
47.08964, -120.04226, 32.49639
47.08964, -119.90565, 34.19811
47.08964, -119.76905, 31.46204
47.08964, -119.63244, 25.97404
47.08964, -119.49583, 21.36025
47.08964, -119.35922, 20.54771
47.08964, -119.22262, 22.96452
47.08964, -119.08601, 30.20665
47.08964, -118.94940, 44.30023
47.08964, -118.81280, 64.49039
47.08964, -118.67619, 88.79719
47.08964, -118.53958, 112.94244
47.08964, -118.40298, 149.33353
47.08964, -118.26637, 179.55300
47.08964, -118.12976, 172.60823
47.08964, -117.99316, 133.67608
47.08964, -117.85655, 91.47054
47.08964, -117.71994, 59.18189
47.08964, -117.58334, 36.53548
47.08964, -117.44673, 23.27236
47.08964, -117.31012, 14.65090
47.08964, -117.17352, 9.96835
47.08964, -117.03691, 7.18120
47.08964, -116.90030, 5.39060
47.08964, -116.76370, 4.46350
47.08964, -116.62709, 4.12392
47.08964, -116.49048, 4.97789
47.08964, -116.35388, 5.78949
47.19780, -125.09671, 0.00000
47.19780, -124.96010, 0.00000
47.19780, -124.82350, 0.00000
47.19780, -124.68689, 0.00000
47.19780, -124.55028, 0.00000
47.19780, -124.41368, 0.00000
47.19780, -124.27707, 1.13245
47.19780, -124.14046, 8.01892
47.19780, -124.00386, 12.13124
47.19780, -123.86725, 15.80326
47.19780, -123.73064, 17.89038
47.19780, -123.59404, 14.90486
47.19780, -123.45743, 9.02410
47.19780, -123.32082, 4.97082
47.19780, -123.18422, 2.98370
47.19780, -123.04761, 2.12634
47.19780, -122.91100, 1.78415
47.19780, -122.77439, 1.53941
47.19780, -122.63779, 1.55879
47.19780, -122.50118, 1.64995
47.19780, -122.36457, 2.27543
47.19780, -122.22797, 2.84603
47.19780, -122.09136, 4.70493
47.19780, -121.95475, 8.37473
47.19780, -121.81815, 16.95755
47.19780, -121.68154, 39.27126
47.19780, -121.54493, 87.59787
47.19780, -121.40833, 158.01159
47.19780, -121.27172, 183.13920
47.19780, -121.13511, 149.26191
47.19780, -120.99851, 100.32019
47.19780, -120.86190, 65.72445
47.19780, -120.72529, 45.61125
47.19780, -120.58869, 31.56042
47.19780, -120.45208, 25.24651
47.19780, -120.31547, 22.25186
47.19780, -120.17887, 22.56661
47.19780, -120.04226, 24.61719
47.19780, -119.90565, 27.69926
47.19780, -119.76905, 26.49281
47.19780, -119.63244, 21.17368
47.19780, -119.49583, 17.97155
47.19780, -119.35922, 17.71968
47.19780, -119.22262, 20.09327
47.19780, -119.08601, 27.04438
47.19780, -118.94940, 39.53206
47.19780, -118.81280, 58.76697
47.19780, -118.67619, 78.58570
47.19780, -118.53958, 107.40477
47.19780, -118.40298, 146.77399
47.19780, -118.26637, 177.64238
47.19780, -118.12976, 166.73509
47.19780, -117.99316, 118.03752
47.19780, -117.85655, 73.14319
47.19780, -117.71994, 43.69735
47.19780, -117.58334, 25.17071
47.19780, -117.44673, 16.05008
47.19780, -117.31012, 10.33732
47.19780, -117.17352, 7.06015
47.19780, -117.03691, 5.63328
47.19780, -116.90030, 4.33354
47.19780, -116.76370, 3.74166
47.19780, -116.62709, 3.63789
47.19780, -116.49048, 4.45046
47.19780, -116.35388, 5.59834
47.30596, -125.09671, 0.00000
47.30596, -124.96010, 0.00000
47.30596, -124.82350, 0.00000
47.30596, -124.68689, 0.00000
47.30596, -124.55028, 0.00000
47.30596, -124.41368, 1.60063
47.30596, -124.27707, 8.61463
47.30596, -124.14046, 13.76486
47.30596, -124.00386, 17.93981
47.30596, -123.86725, 22.67281
47.30596, -123.73064, 23.94035
47.30596, -123.59404, 17.86034
47.30596, -123.45743, 10.40922
47.30596, -123.32082, 5.58924
47.30596, -123.18422, 3.12098
47.30596, -123.04761, 2.04781
47.30596, -122.91100, 1.57886
47.30596, -122.77439, 1.18821
47.30596, -122.63779, 1.12701
47.30596, -122.50118, 1.12494
47.30596, -122.36457, 1.41397
47.30596, -122.22797, 1.75364
47.30596, -122.09136, 3.13639
47.30596, -121.95475, 5.71614
47.30596, -121.81815, 11.70319
47.30596, -121.68154, 25.78914
47.30596, -121.54493, 58.20509
47.30596, -121.40833, 113.77881
47.30596, -121.27172, 149.16997
47.30596, -121.13511, 126.10281
47.30596, -120.99851, 84.92409
47.30596, -120.86190, 54.24325
47.30596, -120.72529, 37.40048
47.30596, -120.58869, 25.80681
47.30596, -120.45208, 19.35339
47.30596, -120.31547, 16.86793
47.30596, -120.17887, 17.47025
47.30596, -120.04226, 20.92779
47.30596, -119.90565, 23.44440
47.30596, -119.76905, 23.42662
47.30596, -119.63244, 18.89481
47.30596, -119.49583, 16.28407
47.30596, -119.35922, 15.77674
47.30596, -119.22262, 17.79891
47.30596, -119.08601, 24.31331
47.30596, -118.94940, 36.90435
47.30596, -118.81280, 52.99714
47.30596, -118.67619, 73.01871
47.30596, -118.53958, 100.95746
47.30596, -118.40298, 136.36957
47.30596, -118.26637, 161.71901
47.30596, -118.12976, 146.27953
47.30596, -117.99316, 96.25331
47.30596, -117.85655, 52.92347
47.30596, -117.71994, 28.60052
47.30596, -117.58334, 16.51553
47.30596, -117.44673, 10.17611
47.30596, -117.31012, 6.52009
47.30596, -117.17352, 4.67626
47.30596, -117.03691, 3.52705
47.30596, -116.90030, 2.99409
47.30596, -116.76370, 2.66385
47.30596, -116.62709, 2.67660
47.30596, -116.49048, 3.38754
47.30596, -116.35388, 4.29965
47.41412, -125.09671, 0.00000
47.41412, -124.96010, 0.00000
47.41412, -124.82350, 0.00000
47.41412, -124.68689, 0.00000
47.41412, -124.55028, 0.80557
47.41412, -124.41368, 14.40705
47.41412, -124.27707, 18.79825
47.41412, -124.14046, 22.28288
47.41412, -124.00386, 27.62901
47.41412, -123.86725, 32.94261
47.41412, -123.73064, 31.62828
47.41412, -123.59404, 21.78005
47.41412, -123.45743, 11.86085
47.41412, -123.32082, 6.32854
47.41412, -123.18422, 3.40305
47.41412, -123.04761, 2.08282
47.41412, -122.91100, 1.38254
47.41412, -122.77439, 1.04360
47.41412, -122.63779, 0.93102
47.41412, -122.50118, 0.82452
47.41412, -122.36457, 0.95809
47.41412, -122.22797, 1.29543
47.41412, -122.09136, 2.30936
47.41412, -121.95475, 4.27606
47.41412, -121.81815, 8.28793
47.41412, -121.68154, 18.12072
47.41412, -121.54493, 42.99209
47.41412, -121.40833, 87.91997
47.41412, -121.27172, 124.10131
47.41412, -121.13511, 109.83825
47.41412, -120.99851, 70.34990
47.41412, -120.86190, 44.79789
47.41412, -120.72529, 29.71513
47.41412, -120.58869, 20.86970
47.41412, -120.45208, 17.01653
47.41412, -120.31547, 14.30450
47.41412, -120.17887, 14.86167
47.41412, -120.04226, 17.53636
47.41412, -119.90565, 21.44550
47.41412, -119.76905, 21.84847
47.41412, -119.63244, 18.13267
47.41412, -119.49583, 15.81711
47.41412, -119.35922, 14.32626
47.41412, -119.22262, 17.16112
47.41412, -119.08601, 23.77182
47.41412, -118.94940, 34.98617
47.41412, -118.81280, 50.49830
47.41412, -118.67619, 70.38360
47.41412, -118.53958, 96.00279
47.41412, -118.40298, 125.96249
47.41412, -118.26637, 141.21806
47.41412, -118.12976, 119.81920
47.41412, -117.99316, 75.51822
47.41412, -117.85655, 40.57328
47.41412, -117.71994, 20.35965
47.41412, -117.58334, 11.09671
47.41412, -117.44673, 6.41090
47.41412, -117.31012, 4.29447
47.41412, -117.17352, 3.10566
47.41412, -117.03691, 2.32300
47.41412, -116.90030, 1.95706
47.41412, -116.76370, 1.75218
47.41412, -116.62709, 1.84102
47.41412, -116.49048, 2.40344
47.41412, -116.35388, 3.05436
47.52228, -125.09671, 0.00000
47.52228, -124.96010, 0.00000
47.52228, -124.82350, 0.00000
47.52228, -124.68689, 0.00000
47.52228, -124.55028, 1.20682
47.52228, -124.41368, 21.89937
47.52228, -124.27707, 28.49764
47.52228, -124.14046, 34.44359
47.52228, -124.00386, 41.43727
47.52228, -123.86725, 44.90172
47.52228, -123.73064, 38.44214
47.52228, -123.59404, 25.40498
47.52228, -123.45743, 13.78811
47.52228, -123.32082, 7.34197
47.52228, -123.18422, 4.01205
47.52228, -123.04761, 2.23660
47.52228, -122.91100, 1.49469
47.52228, -122.77439, 0.96818
47.52228, -122.63779, 0.75229
47.52228, -122.50118, 0.67691
47.52228, -122.36457, 0.77170
47.52228, -122.22797, 1.09485
47.52228, -122.09136, 1.72193
47.52228, -121.95475, 3.18468
47.52228, -121.81815, 6.64246
47.52228, -121.68154, 14.52559
47.52228, -121.54493, 32.74376
47.52228, -121.40833, 69.61085
47.52228, -121.27172, 107.50743
47.52228, -121.13511, 95.19927
47.52228, -120.99851, 61.78460
47.52228, -120.86190, 37.44788
47.52228, -120.72529, 25.69299
47.52228, -120.58869, 18.02690
47.52228, -120.45208, 14.50704
47.52228, -120.31547, 12.55616
47.52228, -120.17887, 13.40542
47.52228, -120.04226, 16.04016
47.52228, -119.90565, 19.53823
47.52228, -119.76905, 21.37575
47.52228, -119.63244, 19.05634
47.52228, -119.49583, 16.69015
47.52228, -119.35922, 15.85098
47.52228, -119.22262, 18.08810
47.52228, -119.08601, 23.62889
47.52228, -118.94940, 33.86003
47.52228, -118.81280, 50.61821
47.52228, -118.67619, 69.13681
47.52228, -118.53958, 92.46884
47.52228, -118.40298, 115.96075
47.52228, -118.26637, 125.01627
47.52228, -118.12976, 101.89491
47.52228, -117.99316, 61.58320
47.52228, -117.85655, 31.85511
47.52228, -117.71994, 14.89388
47.52228, -117.58334, 8.20968
47.52228, -117.44673, 4.67768
47.52228, -117.31012, 2.98411
47.52228, -117.17352, 2.11922
47.52228, -117.03691, 1.64047
47.52228, -116.90030, 1.40326
47.52228, -116.76370, 1.23377
47.52228, -116.62709, 1.31577
47.52228, -116.49048, 1.76771
47.52228, -116.35388, 2.28769
47.63044, -125.09671, 0.00000
47.63044, -124.96010, 0.00000
47.63044, -124.82350, 0.00000
47.63044, -124.68689, 0.00000
47.63044, -124.55028, 2.58308
47.63044, -124.41368, 24.04554
47.63044, -124.27707, 34.66079
47.63044, -124.14046, 44.31510
47.63044, -124.00386, 51.70461
47.63044, -123.86725, 49.85520
47.63044, -123.73064, 38.52823
47.63044, -123.59404, 24.43894
47.63044, -123.45743, 14.27978
47.63044, -123.32082, 7.72388
47.63044, -123.18422, 4.29857
47.63044, -123.04761, 2.41473
47.63044, -122.91100, 1.39552
47.63044, -122.77439, 0.87388
47.63044, -122.63779, 0.64262
47.63044, -122.50118, 0.57211
47.63044, -122.36457, 0.62204
47.63044, -122.22797, 0.84143
47.63044, -122.09136, 1.38082
47.63044, -121.95475, 2.70267
47.63044, -121.81815, 5.57133
47.63044, -121.68154, 11.85550
47.63044, -121.54493, 27.73368
47.63044, -121.40833, 60.71421
47.63044, -121.27172, 95.77191
47.63044, -121.13511, 85.97601
47.63044, -120.99851, 56.51448
47.63044, -120.86190, 34.80433
47.63044, -120.72529, 23.91469
47.63044, -120.58869, 17.98967
47.63044, -120.45208, 14.40378
47.63044, -120.31547, 13.35529
47.63044, -120.17887, 13.20085
47.63044, -120.04226, 15.25061
47.63044, -119.90565, 18.30837
47.63044, -119.76905, 22.03976
47.63044, -119.63244, 21.45294
47.63044, -119.49583, 18.98225
47.63044, -119.35922, 18.63019
47.63044, -119.22262, 19.96383
47.63044, -119.08601, 25.87090
47.63044, -118.94940, 34.22054
47.63044, -118.81280, 50.25528
47.63044, -118.67619, 69.82533
47.63044, -118.53958, 93.20366
47.63044, -118.40298, 109.27193
47.63044, -118.26637, 110.15698
47.63044, -118.12976, 88.66206
47.63044, -117.99316, 53.94445
47.63044, -117.85655, 26.97109
47.63044, -117.71994, 12.95992
47.63044, -117.58334, 6.70727
47.63044, -117.44673, 4.03123
47.63044, -117.31012, 2.41484
47.63044, -117.17352, 1.64827
47.63044, -117.03691, 1.35667
47.63044, -116.90030, 1.11020
47.63044, -116.76370, 0.97502
47.63044, -116.62709, 1.03648
47.63044, -116.49048, 1.33684
47.63044, -116.35388, 1.68176
47.73860, -125.09671, 0.00000
47.73860, -124.96010, 0.00000
47.73860, -124.82350, 0.00000
47.73860, -124.68689, 1.71075
47.73860, -124.55028, 12.85971
47.73860, -124.41368, 24.14733
47.73860, -124.27707, 33.70805
47.73860, -124.14046, 44.57632
47.73860, -124.00386, 49.89246
47.73860, -123.86725, 42.84427
47.73860, -123.73064, 30.79994
47.73860, -123.59404, 19.76699
47.73860, -123.45743, 12.34758
47.73860, -123.32082, 7.73574
47.73860, -123.18422, 4.48556
47.73860, -123.04761, 2.51224
47.73860, -122.91100, 1.44549
47.73860, -122.77439, 0.89594
47.73860, -122.63779, 0.64502
47.73860, -122.50118, 0.53125
47.73860, -122.36457, 0.56334
47.73860, -122.22797, 0.79723
47.73860, -122.09136, 1.21267
47.73860, -121.95475, 2.38467
47.73860, -121.81815, 4.87877
47.73860, -121.68154, 10.99791
47.73860, -121.54493, 23.93037
47.73860, -121.40833, 53.26998
47.73860, -121.27172, 89.25201
47.73860, -121.13511, 84.90740
47.73860, -120.99851, 56.73494
47.73860, -120.86190, 36.54820
47.73860, -120.72529, 25.36496
47.73860, -120.58869, 20.38550
47.73860, -120.45208, 17.30829
47.73860, -120.31547, 14.88824
47.73860, -120.17887, 14.74578
47.73860, -120.04226, 16.83215
47.73860, -119.90565, 19.33988
47.73860, -119.76905, 23.53232
47.73860, -119.63244, 23.17314
47.73860, -119.49583, 22.49590
47.73860, -119.35922, 22.87538
47.73860, -119.22262, 23.92649
47.73860, -119.08601, 28.56132
47.73860, -118.94940, 37.75374
47.73860, -118.81280, 51.74725
47.73860, -118.67619, 73.56193
47.73860, -118.53958, 92.51622
47.73860, -118.40298, 101.89983
47.73860, -118.26637, 98.80064
47.73860, -118.12976, 81.88158
47.73860, -117.99316, 50.59869
47.73860, -117.85655, 25.46800
47.73860, -117.71994, 11.93390
47.73860, -117.58334, 6.41570
47.73860, -117.44673, 3.63504
47.73860, -117.31012, 2.26288
47.73860, -117.17352, 1.55094
47.73860, -117.03691, 1.24150
47.73860, -116.90030, 0.97454
47.73860, -116.76370, 0.89736
47.73860, -116.62709, 0.92819
47.73860, -116.49048, 1.16479
47.73860, -116.35388, 1.42813
47.84676, -125.09671, 0.00000
47.84676, -124.96010, 0.00000
47.84676, -124.82350, 0.60875
47.84676, -124.68689, 10.71466
47.84676, -124.55028, 15.81506
47.84676, -124.41368, 21.29356
47.84676, -124.27707, 29.80223
47.84676, -124.14046, 38.94794
47.84676, -124.00386, 40.82824
47.84676, -123.86725, 32.17673
47.84676, -123.73064, 21.82061
47.84676, -123.59404, 14.20422
47.84676, -123.45743, 9.44671
47.84676, -123.32082, 6.34108
47.84676, -123.18422, 4.31252
47.84676, -123.04761, 2.49727
47.84676, -122.91100, 1.43074
47.84676, -122.77439, 0.85233
47.84676, -122.63779, 0.61724
47.84676, -122.50118, 0.51732
47.84676, -122.36457, 0.60933
47.84676, -122.22797, 0.82032
47.84676, -122.09136, 1.20102
47.84676, -121.95475, 2.27391
47.84676, -121.81815, 4.67353
47.84676, -121.68154, 10.47172
47.84676, -121.54493, 23.97657
47.84676, -121.40833, 52.38058
47.84676, -121.27172, 88.09709
47.84676, -121.13511, 89.66638
47.84676, -120.99851, 64.53876
47.84676, -120.86190, 42.19448
47.84676, -120.72529, 30.45753
47.84676, -120.58869, 24.29968
47.84676, -120.45208, 20.60723
47.84676, -120.31547, 18.02496
47.84676, -120.17887, 17.07561
47.84676, -120.04226, 17.88051
47.84676, -119.90565, 19.24549
47.84676, -119.76905, 24.18331
47.84676, -119.63244, 27.49757
47.84676, -119.49583, 28.62969
47.84676, -119.35922, 29.51771
47.84676, -119.22262, 31.67722
47.84676, -119.08601, 34.75187
47.84676, -118.94940, 42.98723
47.84676, -118.81280, 56.55249
47.84676, -118.67619, 77.71678
47.84676, -118.53958, 95.11061
47.84676, -118.40298, 100.48958
47.84676, -118.26637, 97.17262
47.84676, -118.12976, 79.74457
47.84676, -117.99316, 50.86511
47.84676, -117.85655, 25.85478
47.84676, -117.71994, 12.38890
47.84676, -117.58334, 6.82335
47.84676, -117.44673, 3.68808
47.84676, -117.31012, 2.51717
47.84676, -117.17352, 1.65799
47.84676, -117.03691, 1.23251
47.84676, -116.90030, 1.00702
47.84676, -116.76370, 0.92644
47.84676, -116.62709, 0.92473
47.84676, -116.49048, 1.12922
47.84676, -116.35388, 1.33233
47.95492, -125.09671, 0.00000
47.95492, -124.96010, 0.00000
47.95492, -124.82350, 0.60492
47.95492, -124.68689, 11.33909
47.95492, -124.55028, 14.99487
47.95492, -124.41368, 19.51582
47.95492, -124.27707, 26.50616
47.95492, -124.14046, 32.92613
47.95492, -124.00386, 31.99855
47.95492, -123.86725, 23.36665
47.95492, -123.73064, 15.45856
47.95492, -123.59404, 10.13773
47.95492, -123.45743, 7.10725
47.95492, -123.32082, 5.00182
47.95492, -123.18422, 3.59280
47.95492, -123.04761, 2.32200
47.95492, -122.91100, 1.39593
47.95492, -122.77439, 0.86751
47.95492, -122.63779, 0.69322
47.95492, -122.50118, 0.57226
47.95492, -122.36457, 0.62159
47.95492, -122.22797, 0.88007
47.95492, -122.09136, 1.26785
47.95492, -121.95475, 2.46510
47.95492, -121.81815, 4.92980
47.95492, -121.68154, 10.63689
47.95492, -121.54493, 24.71607
47.95492, -121.40833, 52.96085
47.95492, -121.27172, 85.51857
47.95492, -121.13511, 95.49007
47.95492, -120.99851, 75.72737
47.95492, -120.86190, 55.30372
47.95492, -120.72529, 42.18540
47.95492, -120.58869, 33.38959
47.95492, -120.45208, 28.70323
47.95492, -120.31547, 24.08142
47.95492, -120.17887, 19.98033
47.95492, -120.04226, 20.00384
47.95492, -119.90565, 22.33962
47.95492, -119.76905, 26.83508
47.95492, -119.63244, 32.65356
47.95492, -119.49583, 37.20749
47.95492, -119.35922, 38.93238
47.95492, -119.22262, 41.08647
47.95492, -119.08601, 44.01087
47.95492, -118.94940, 52.31533
47.95492, -118.81280, 66.91664
47.95492, -118.67619, 88.72741
47.95492, -118.53958, 104.47817
47.95492, -118.40298, 104.23816
47.95492, -118.26637, 98.37778
47.95492, -118.12976, 80.13184
47.95492, -117.99316, 53.11405
47.95492, -117.85655, 28.61372
47.95492, -117.71994, 14.95786
47.95492, -117.58334, 7.85583
47.95492, -117.44673, 4.44949
47.95492, -117.31012, 2.86406
47.95492, -117.17352, 1.97673
47.95492, -117.03691, 1.48593
47.95492, -116.90030, 1.20404
47.95492, -116.76370, 1.09472
47.95492, -116.62709, 1.04889
47.95492, -116.49048, 1.22958
47.95492, -116.35388, 1.37366
48.06308, -125.09671, 0.00000
48.06308, -124.96010, 0.00000
48.06308, -124.82350, 0.60605
48.06308, -124.68689, 11.40709
48.06308, -124.55028, 14.55123
48.06308, -124.41368, 18.57570
48.06308, -124.27707, 24.72775
48.06308, -124.14046, 29.08329
48.06308, -124.00386, 25.91473
48.06308, -123.86725, 18.04784
48.06308, -123.73064, 11.55061
48.06308, -123.59404, 7.64080
48.06308, -123.45743, 5.34314
48.06308, -123.32082, 3.96799
48.06308, -123.18422, 2.85725
48.06308, -123.04761, 1.84547
48.06308, -122.91100, 1.23645
48.06308, -122.77439, 0.85205
48.06308, -122.63779, 0.70862
48.06308, -122.50118, 0.61365
48.06308, -122.36457, 0.69601
48.06308, -122.22797, 1.00607
48.06308, -122.09136, 1.48512
48.06308, -121.95475, 2.78449
48.06308, -121.81815, 5.75280
48.06308, -121.68154, 12.20937
48.06308, -121.54493, 26.31463
48.06308, -121.40833, 51.57881
48.06308, -121.27172, 85.44509
48.06308, -121.13511, 105.87488
48.06308, -120.99851, 96.49967
48.06308, -120.86190, 76.72310
48.06308, -120.72529, 60.19240
48.06308, -120.58869, 52.20443
48.06308, -120.45208, 40.88906
48.06308, -120.31547, 33.13726
48.06308, -120.17887, 27.07402
48.06308, -120.04226, 25.04243
48.06308, -119.90565, 27.11385
48.06308, -119.76905, 31.52655
48.06308, -119.63244, 39.59126
48.06308, -119.49583, 48.66543
48.06308, -119.35922, 53.42083
48.06308, -119.22262, 57.42489
48.06308, -119.08601, 60.58914
48.06308, -118.94940, 70.69756
48.06308, -118.81280, 86.74920
48.06308, -118.67619, 109.51824
48.06308, -118.53958, 121.91452
48.06308, -118.40298, 118.51413
48.06308, -118.26637, 104.64851
48.06308, -118.12976, 86.15010
48.06308, -117.99316, 58.44183
48.06308, -117.85655, 32.56088
48.06308, -117.71994, 17.23572
48.06308, -117.58334, 9.41663
48.06308, -117.44673, 5.75740
48.06308, -117.31012, 3.75611
48.06308, -117.17352, 2.62273
48.06308, -117.03691, 2.01619
48.06308, -116.90030, 1.62325
48.06308, -116.76370, 1.38267
48.06308, -116.62709, 1.30340
48.06308, -116.49048, 1.45968
48.06308, -116.35388, 1.55083
48.17124, -125.09671, 0.00000
48.17124, -124.96010, 0.00000
48.17124, -124.82350, 0.62959
48.17124, -124.68689, 11.92845
48.17124, -124.55028, 15.33939
48.17124, -124.41368, 19.43278
48.17124, -124.27707, 25.10449
48.17124, -124.14046, 27.54436
48.17124, -124.00386, 22.93981
48.17124, -123.86725, 15.47061
48.17124, -123.73064, 9.77539
48.17124, -123.59404, 6.35823
48.17124, -123.45743, 4.33837
48.17124, -123.32082, 3.23808
48.17124, -123.18422, 2.13231
48.17124, -123.04761, 1.41993
48.17124, -122.91100, 0.97039
48.17124, -122.77439, 0.73180
48.17124, -122.63779, 0.63439
48.17124, -122.50118, 0.68700
48.17124, -122.36457, 0.77564
48.17124, -122.22797, 1.10639
48.17124, -122.09136, 1.75954
48.17124, -121.95475, 3.09888
48.17124, -121.81815, 6.27671
48.17124, -121.68154, 13.94844
48.17124, -121.54493, 28.81834
48.17124, -121.40833, 52.85596
48.17124, -121.27172, 85.18671
48.17124, -121.13511, 110.90557
48.17124, -120.99851, 119.31385
48.17124, -120.86190, 109.59595
48.17124, -120.72529, 92.22094
48.17124, -120.58869, 75.86064
48.17124, -120.45208, 59.67043
48.17124, -120.31547, 46.77094
48.17124, -120.17887, 36.55095
48.17124, -120.04226, 31.81089
48.17124, -119.90565, 34.00491
48.17124, -119.76905, 38.31075
48.17124, -119.63244, 48.16631
48.17124, -119.49583, 58.89322
48.17124, -119.35922, 69.14618
48.17124, -119.22262, 79.02293
48.17124, -119.08601, 84.26256
48.17124, -118.94940, 96.28151
48.17124, -118.81280, 115.61023
48.17124, -118.67619, 139.71511
48.17124, -118.53958, 149.85733
48.17124, -118.40298, 137.64503
48.17124, -118.26637, 114.92273
48.17124, -118.12976, 89.66758
48.17124, -117.99316, 61.03819
48.17124, -117.85655, 37.65909
48.17124, -117.71994, 21.15512
48.17124, -117.58334, 12.68097
48.17124, -117.44673, 7.83273
48.17124, -117.31012, 5.12865
48.17124, -117.17352, 3.78405
48.17124, -117.03691, 2.76235
48.17124, -116.90030, 2.18073
48.17124, -116.76370, 1.85454
48.17124, -116.62709, 1.71794
48.17124, -116.49048, 1.87520
48.17124, -116.35388, 1.95677
48.27940, -125.09671, 0.00000
48.27940, -124.96010, 0.00000
48.27940, -124.82350, 0.68688
48.27940, -124.68689, 13.24776
48.27940, -124.55028, 17.30327
48.27940, -124.41368, 22.10091
48.27940, -124.27707, 27.78958
48.27940, -124.14046, 28.95809
48.27940, -124.00386, 22.66879
48.27940, -123.86725, 14.74018
48.27940, -123.73064, 9.20127
48.27940, -123.59404, 5.89722
48.27940, -123.45743, 3.91643
48.27940, -123.32082, 2.35852
48.27940, -123.18422, 0.28511
48.27940, -123.04761, 0.07143
48.27940, -122.91100, 0.09373
48.27940, -122.77439, 0.51792
48.27940, -122.63779, 0.65242
48.27940, -122.50118, 0.69769
48.27940, -122.36457, 0.88284
48.27940, -122.22797, 1.34156
48.27940, -122.09136, 2.09440
48.27940, -121.95475, 3.68006
48.27940, -121.81815, 7.76268
48.27940, -121.68154, 15.70077
48.27940, -121.54493, 29.47554
48.27940, -121.40833, 51.31808
48.27940, -121.27172, 81.45476
48.27940, -121.13511, 109.38038
48.27940, -120.99851, 136.08140
48.27940, -120.86190, 145.29563
48.27940, -120.72529, 133.65052
48.27940, -120.58869, 107.81949
48.27940, -120.45208, 79.84013
48.27940, -120.31547, 59.25081
48.27940, -120.17887, 47.53876
48.27940, -120.04226, 42.19937
48.27940, -119.90565, 43.81216
48.27940, -119.76905, 47.36211
48.27940, -119.63244, 56.31005
48.27940, -119.49583, 68.35143
48.27940, -119.35922, 86.10244
48.27940, -119.22262, 102.52888
48.27940, -119.08601, 118.43189
48.27940, -118.94940, 136.33543
48.27940, -118.81280, 160.41298
48.27940, -118.67619, 179.67063
48.27940, -118.53958, 178.45791
48.27940, -118.40298, 154.58669
48.27940, -118.26637, 119.73173
48.27940, -118.12976, 88.01471
48.27940, -117.99316, 60.74112
48.27940, -117.85655, 40.72421
48.27940, -117.71994, 25.67394
48.27940, -117.58334, 16.75180
48.27940, -117.44673, 10.82260
48.27940, -117.31012, 7.25662
48.27940, -117.17352, 5.07829
48.27940, -117.03691, 3.82781
48.27940, -116.90030, 2.99720
48.27940, -116.76370, 2.49125
48.27940, -116.62709, 2.28197
48.27940, -116.49048, 2.52000
48.27940, -116.35388, 2.61224
48.38756, -125.09671, 0.00000
48.38756, -124.96010, 0.00000
48.38756, -124.82350, 0.80605
48.38756, -124.68689, 15.77790
48.38756, -124.55028, 21.21793
48.38756, -124.41368, 27.66321
48.38756, -124.27707, 34.21938
48.38756, -124.14046, 33.53683
48.38756, -124.00386, 24.85820
48.38756, -123.86725, 15.88024
48.38756, -123.73064, 9.85852
48.38756, -123.59404, 6.16301
48.38756, -123.45743, 3.94562
48.38756, -123.32082, 2.00347
48.38756, -123.18422, 0.19471
48.38756, -123.04761, 0.02846
48.38756, -122.91100, 0.05302
48.38756, -122.77439, 0.41565
48.38756, -122.63779, 0.55580
48.38756, -122.50118, 0.64432
48.38756, -122.36457, 0.89902
48.38756, -122.22797, 1.42286
48.38756, -122.09136, 2.41747
48.38756, -121.95475, 4.39779
48.38756, -121.81815, 9.15287
48.38756, -121.68154, 17.37823
48.38756, -121.54493, 30.18314
48.38756, -121.40833, 48.74613
48.38756, -121.27172, 72.18742
48.38756, -121.13511, 100.87710
48.38756, -120.99851, 137.35575
48.38756, -120.86190, 165.78834
48.38756, -120.72529, 164.77653
48.38756, -120.58869, 132.69156
48.38756, -120.45208, 95.19714
48.38756, -120.31547, 71.79750
48.38756, -120.17887, 59.41295
48.38756, -120.04226, 54.29215
48.38756, -119.90565, 56.12557
48.38756, -119.76905, 58.88175
48.38756, -119.63244, 64.28283
48.38756, -119.49583, 76.58505
48.38756, -119.35922, 97.37390
48.38756, -119.22262, 126.89660
48.38756, -119.08601, 159.88934
48.38756, -118.94940, 186.01239
48.38756, -118.81280, 201.66374
48.38756, -118.67619, 204.10625
48.38756, -118.53958, 187.34965
48.38756, -118.40298, 153.33690
48.38756, -118.26637, 113.28968
48.38756, -118.12976, 80.97071
48.38756, -117.99316, 56.44332
48.38756, -117.85655, 39.60784
48.38756, -117.71994, 28.04763
48.38756, -117.58334, 19.31919
48.38756, -117.44673, 13.50348
48.38756, -117.31012, 9.25780
48.38756, -117.17352, 6.58802
48.38756, -117.03691, 4.99072
48.38756, -116.90030, 3.83152
48.38756, -116.76370, 3.22670
48.38756, -116.62709, 2.98442
48.38756, -116.49048, 3.36628
48.38756, -116.35388, 3.69693
48.49572, -125.09671, 0.00000
48.49572, -124.96010, 0.00000
48.49572, -124.82350, 2.10694
48.49572, -124.68689, 19.59226
48.49572, -124.55028, 28.21424
48.49572, -124.41368, 37.58028
48.49572, -124.27707, 45.05420
48.49572, -124.14046, 40.80808
48.49572, -124.00386, 28.88831
48.49572, -123.86725, 18.24971
48.49572, -123.73064, 11.44437
48.49572, -123.59404, 6.97564
48.49572, -123.45743, 4.14250
48.49572, -123.32082, 2.31480
48.49572, -123.18422, 1.16800
48.49572, -123.04761, 0.57234
48.49572, -122.91100, 0.37020
48.49572, -122.77439, 0.40878
48.49572, -122.63779, 0.44634
48.49572, -122.50118, 0.53675
48.49572, -122.36457, 0.80270
48.49572, -122.22797, 1.35656
48.49572, -122.09136, 2.48489
48.49572, -121.95475, 4.81972
48.49572, -121.81815, 9.82241
48.49572, -121.68154, 17.29742
48.49572, -121.54493, 28.92180
48.49572, -121.40833, 43.28137
48.49572, -121.27172, 62.45347
48.49572, -121.13511, 88.55768
48.49572, -120.99851, 127.15394
48.49572, -120.86190, 165.49043
48.49572, -120.72529, 172.27817
48.49572, -120.58869, 139.09047
48.49572, -120.45208, 100.69453
48.49572, -120.31547, 75.31038
48.49572, -120.17887, 64.82031
48.49572, -120.04226, 62.98941
48.49572, -119.90565, 64.51394
48.49572, -119.76905, 67.19755
48.49572, -119.63244, 70.55687
48.49572, -119.49583, 81.53894
48.49572, -119.35922, 105.26161
48.49572, -119.22262, 146.53384
48.49572, -119.08601, 195.04145
48.49572, -118.94940, 221.79885
48.49572, -118.81280, 213.57509
48.49572, -118.67619, 191.12283
48.49572, -118.53958, 163.46887
48.49572, -118.40298, 134.56218
48.49572, -118.26637, 101.20837
48.49572, -118.12976, 71.23143
48.49572, -117.99316, 50.75809
48.49572, -117.85655, 37.82498
48.49572, -117.71994, 28.52223
48.49572, -117.58334, 20.61077
48.49572, -117.44673, 14.79354
48.49572, -117.31012, 10.75354
48.49572, -117.17352, 7.52039
48.49572, -117.03691, 5.66192
48.49572, -116.90030, 4.48900
48.49572, -116.76370, 3.81992
48.49572, -116.62709, 3.69758
48.49572, -116.49048, 4.45881
48.49572, -116.35388, 5.00961
48.60387, -125.09671, 0.54808
48.60387, -124.96010, 1.70406
48.60387, -124.82350, 14.44949
48.60387, -124.68689, 27.08679
48.60387, -124.55028, 39.49078
48.60387, -124.41368, 50.82221
48.60387, -124.27707, 55.49667
48.60387, -124.14046, 45.64247
48.60387, -124.00386, 31.51561
48.60387, -123.86725, 20.69852
48.60387, -123.73064, 13.09421
48.60387, -123.59404, 7.73712
48.60387, -123.45743, 4.40521
48.60387, -123.32082, 2.22583
48.60387, -123.18422, 1.15802
48.60387, -123.04761, 0.57300
48.60387, -122.91100, 0.37636
48.60387, -122.77439, 0.31502
48.60387, -122.63779, 0.34202
48.60387, -122.50118, 0.47022
48.60387, -122.36457, 0.67729
48.60387, -122.22797, 1.20571
48.60387, -122.09136, 2.24251
48.60387, -121.95475, 4.52039
48.60387, -121.81815, 9.18141
48.60387, -121.68154, 16.61211
48.60387, -121.54493, 26.46658
48.60387, -121.40833, 37.78597
48.60387, -121.27172, 52.78097
48.60387, -121.13511, 75.87039
48.60387, -120.99851, 113.09191
48.60387, -120.86190, 152.88649
48.60387, -120.72529, 164.81215
48.60387, -120.58869, 135.90245
48.60387, -120.45208, 99.41970
48.60387, -120.31547, 76.64453
48.60387, -120.17887, 67.77099
48.60387, -120.04226, 67.71585
48.60387, -119.90565, 70.34865
48.60387, -119.76905, 71.96767
48.60387, -119.63244, 75.43189
48.60387, -119.49583, 85.76590
48.60387, -119.35922, 111.89622
48.60387, -119.22262, 159.92101
48.60387, -119.08601, 215.58130
48.60387, -118.94940, 225.21064
48.60387, -118.81280, 189.69470
48.60387, -118.67619, 153.53594
48.60387, -118.53958, 129.22652
48.60387, -118.40298, 107.85714
48.60387, -118.26637, 85.83060
48.60387, -118.12976, 63.39393
48.60387, -117.99316, 44.75432
48.60387, -117.85655, 34.01851
48.60387, -117.71994, 26.22026
48.60387, -117.58334, 20.00141
48.60387, -117.44673, 14.63701
48.60387, -117.31012, 10.52921
48.60387, -117.17352, 7.60136
48.60387, -117.03691, 5.81338
48.60387, -116.90030, 4.74713
48.60387, -116.76370, 4.10488
48.60387, -116.62709, 4.20368
48.60387, -116.49048, 5.36756
48.60387, -116.35388, 6.89512
48.71203, -125.09671, 11.02864
48.71203, -124.96010, 16.72607
48.71203, -124.82350, 28.86995
48.71203, -124.68689, 41.37743
48.71203, -124.55028, 55.28405
48.71203, -124.41368, 58.80218
48.71203, -124.27707, 51.64092
48.71203, -124.14046, 38.18401
48.71203, -124.00386, 27.43036
48.71203, -123.86725, 19.79704
48.71203, -123.73064, 13.42363
48.71203, -123.59404, 8.01901
48.71203, -123.45743, 4.20240
48.71203, -123.32082, 2.08772
48.71203, -123.18422, 0.98819
48.71203, -123.04761, 0.47045
48.71203, -122.91100, 0.24891
48.71203, -122.77439, 0.21725
48.71203, -122.63779, 0.22277
48.71203, -122.50118, 0.27251
48.71203, -122.36457, 0.49094
48.71203, -122.22797, 0.94851
48.71203, -122.09136, 1.91252
48.71203, -121.95475, 4.00209
48.71203, -121.81815, 8.15359
48.71203, -121.68154, 14.87061
48.71203, -121.54493, 22.58485
48.71203, -121.40833, 32.21457
48.71203, -121.27172, 45.71333
48.71203, -121.13511, 65.12768
48.71203, -120.99851, 98.47672
48.71203, -120.86190, 138.61179
48.71203, -120.72529, 153.47430
48.71203, -120.58869, 129.36728
48.71203, -120.45208, 95.87713
48.71203, -120.31547, 74.76341
48.71203, -120.17887, 67.55089
48.71203, -120.04226, 69.20893
48.71203, -119.90565, 74.43009
48.71203, -119.76905, 75.75199
48.71203, -119.63244, 78.02020
48.71203, -119.49583, 89.64193
48.71203, -119.35922, 118.81811
48.71203, -119.22262, 171.36516
48.71203, -119.08601, 220.02213
48.71203, -118.94940, 204.60200
48.71203, -118.81280, 154.44996
48.71203, -118.67619, 117.40631
48.71203, -118.53958, 98.52729
48.71203, -118.40298, 86.53090
48.71203, -118.26637, 72.74389
48.71203, -118.12976, 55.46899
48.71203, -117.99316, 41.48842
48.71203, -117.85655, 32.02356
48.71203, -117.71994, 24.76124
48.71203, -117.58334, 18.86987
48.71203, -117.44673, 13.63469
48.71203, -117.31012, 9.94200
48.71203, -117.17352, 7.32178
48.71203, -117.03691, 5.61259
48.71203, -116.90030, 4.63386
48.71203, -116.76370, 4.03057
48.71203, -116.62709, 4.29482
48.71203, -116.49048, 6.23197
48.71203, -116.35388, 9.17775
48.82019, -125.09671, 26.72315
48.82019, -124.96010, 35.40859
48.82019, -124.82350, 47.99070
48.82019, -124.68689, 53.34053
48.82019, -124.55028, 55.65457
48.82019, -124.41368, 45.80533
48.82019, -124.27707, 32.28273
48.82019, -124.14046, 23.13236
48.82019, -124.00386, 18.11036
48.82019, -123.86725, 15.05747
48.82019, -123.73064, 11.69425
48.82019, -123.59404, 7.52322
48.82019, -123.45743, 3.91181
48.82019, -123.32082, 1.80115
48.82019, -123.18422, 0.79220
48.82019, -123.04761, 0.31730
48.82019, -122.91100, 0.04744
48.82019, -122.77439, 0.11025
48.82019, -122.63779, 0.02002
48.82019, -122.50118, 0.03908
48.82019, -122.36457, 0.37102
48.82019, -122.22797, 0.71433
48.82019, -122.09136, 1.49324
48.82019, -121.95475, 3.26313
48.82019, -121.81815, 7.12574
48.82019, -121.68154, 13.10523
48.82019, -121.54493, 20.29230
48.82019, -121.40833, 27.59733
48.82019, -121.27172, 39.49112
48.82019, -121.13511, 58.10638
48.82019, -120.99851, 88.66912
48.82019, -120.86190, 126.34319
48.82019, -120.72529, 145.05542
48.82019, -120.58869, 125.97045
48.82019, -120.45208, 94.36865
48.82019, -120.31547, 74.37841
48.82019, -120.17887, 68.05858
48.82019, -120.04226, 71.16795
48.82019, -119.90565, 76.25991
48.82019, -119.76905, 77.51975
48.82019, -119.63244, 80.17289
48.82019, -119.49583, 92.85825
48.82019, -119.35922, 125.59858
48.82019, -119.22262, 180.44120
48.82019, -119.08601, 215.33188
48.82019, -118.94940, 178.00110
48.82019, -118.81280, 124.05807
48.82019, -118.67619, 91.63377
48.82019, -118.53958, 76.72432
48.82019, -118.40298, 69.17012
48.82019, -118.26637, 61.80258
48.82019, -118.12976, 50.30514
48.82019, -117.99316, 39.68684
48.82019, -117.85655, 30.71453
48.82019, -117.71994, 23.73891
48.82019, -117.58334, 17.86269
48.82019, -117.44673, 12.80095
48.82019, -117.31012, 9.23362
48.82019, -117.17352, 6.79720
48.82019, -117.03691, 5.28306
48.82019, -116.90030, 4.34700
48.82019, -116.76370, 3.81571
48.82019, -116.62709, 4.18006
48.82019, -116.49048, 7.12101
48.82019, -116.35388, 11.36796
48.92835, -125.09671, 58.75619
48.92835, -124.96010, 65.84652
48.92835, -124.82350, 63.05909
48.92835, -124.68689, 52.81664
48.92835, -124.55028, 38.63506
48.92835, -124.41368, 24.59634
48.92835, -124.27707, 16.39503
48.92835, -124.14046, 12.05775
48.92835, -124.00386, 10.07459
48.92835, -123.86725, 8.81267
48.92835, -123.73064, 7.96835
48.92835, -123.59404, 5.68893
48.92835, -123.45743, 3.00234
48.92835, -123.32082, 1.32264
48.92835, -123.18422, 0.55701
48.92835, -123.04761, 0.21051
48.92835, -122.91100, 0.01781
48.92835, -122.77439, 0.06145
48.92835, -122.63779, 0.00374
48.92835, -122.50118, 0.02075
48.92835, -122.36457, 0.26290
48.92835, -122.22797, 0.56159
48.92835, -122.09136, 1.25769
48.92835, -121.95475, 2.77776
48.92835, -121.81815, 5.84334
48.92835, -121.68154, 11.16399
48.92835, -121.54493, 16.96826
48.92835, -121.40833, 23.94479
48.92835, -121.27172, 34.67314
48.92835, -121.13511, 51.78813
48.92835, -120.99851, 81.25676
48.92835, -120.86190, 117.62730
48.92835, -120.72529, 141.18242
48.92835, -120.58869, 123.71695
48.92835, -120.45208, 95.83461
48.92835, -120.31547, 74.56790
48.92835, -120.17887, 69.50680
48.92835, -120.04226, 73.61369
48.92835, -119.90565, 78.29519
48.92835, -119.76905, 78.03545
48.92835, -119.63244, 81.14802
48.92835, -119.49583, 95.93925
48.92835, -119.35922, 132.83889
48.92835, -119.22262, 190.72624
48.92835, -119.08601, 209.30648
48.92835, -118.94940, 154.92973
48.92835, -118.81280, 102.20015
48.92835, -118.67619, 74.19813
48.92835, -118.53958, 61.42565
48.92835, -118.40298, 56.56976
48.92835, -118.26637, 52.19065
48.92835, -118.12976, 45.91246
48.92835, -117.99316, 38.40913
48.92835, -117.85655, 30.82953
48.92835, -117.71994, 23.77573
48.92835, -117.58334, 17.49071
48.92835, -117.44673, 12.38341
48.92835, -117.31012, 8.70645
48.92835, -117.17352, 6.39534
48.92835, -117.03691, 4.90572
48.92835, -116.90030, 4.01957
48.92835, -116.76370, 3.56476
48.92835, -116.62709, 3.73934
48.92835, -116.49048, 6.81493
48.92835, -116.35388, 11.93361
49.03651, -125.09671, 113.15477
49.03651, -124.96010, 89.00556
49.03651, -124.82350, 57.27253
49.03651, -124.68689, 30.95709
49.03651, -124.55028, 17.95125
49.03651, -124.41368, 11.74897
49.03651, -124.27707, 7.96269
49.03651, -124.14046, 5.81056
49.03651, -124.00386, 4.15857
49.03651, -123.86725, 0.80114
49.03651, -123.73064, 0.42692
49.03651, -123.59404, 0.30269
49.03651, -123.45743, 0.15293
49.03651, -123.32082, 0.06312
49.03651, -123.18422, 0.02797
49.03651, -123.04761, 0.01118
49.03651, -122.91100, 0.00000
49.03651, -122.77439, 0.00374
49.03651, -122.63779, 0.00481
49.03651, -122.50118, 0.07706
49.03651, -122.36457, 0.22122
49.03651, -122.22797, 0.47277
49.03651, -122.09136, 0.99906
49.03651, -121.95475, 2.25323
49.03651, -121.81815, 4.82958
49.03651, -121.68154, 9.33465
49.03651, -121.54493, 14.94215
49.03651, -121.40833, 21.51973
49.03651, -121.27172, 31.12200
49.03651, -121.13511, 47.19750
49.03651, -120.99851, 75.52071
49.03651, -120.86190, 115.00785
49.03651, -120.72529, 144.70962
49.03651, -120.58869, 124.90028
49.03651, -120.45208, 97.55131
49.03651, -120.31547, 77.45748
49.03651, -120.17887, 74.11220
49.03651, -120.04226, 77.37087
49.03651, -119.90565, 79.78290
49.03651, -119.76905, 77.81804
49.03651, -119.63244, 81.30718
49.03651, -119.49583, 98.63349
49.03651, -119.35922, 138.99614
49.03651, -119.22262, 197.98608
49.03651, -119.08601, 204.90958
49.03651, -118.94940, 138.09715
49.03651, -118.81280, 86.92524
49.03651, -118.67619, 61.78573
49.03651, -118.53958, 50.77492
49.03651, -118.40298, 46.39771
49.03651, -118.26637, 44.21957
49.03651, -118.12976, 41.14445
49.03651, -117.99316, 36.95467
49.03651, -117.85655, 31.59862
49.03651, -117.71994, 24.96137
49.03651, -117.58334, 17.90519
49.03651, -117.44673, 12.36586
49.03651, -117.31012, 8.55715
49.03651, -117.17352, 6.25334
49.03651, -117.03691, 4.78220
49.03651, -116.90030, 3.81828
49.03651, -116.76370, 3.44784
49.03651, -116.62709, 3.85772
49.03651, -116.49048, 6.75175
49.03651, -116.35388, 11.58015
49.14467, -125.09671, 192.17131
49.14467, -124.96010, 83.32338
49.14467, -124.82350, 32.92992
49.14467, -124.68689, 14.93277
49.14467, -124.55028, 8.52091
49.14467, -124.41368, 5.72498
49.14467, -124.27707, 3.97145
49.14467, -124.14046, 2.86564
49.14467, -124.00386, 1.84711
49.14467, -123.86725, 0.13435
49.14467, -123.73064, 0.01184
49.14467, -123.59404, 0.00000
49.14467, -123.45743, 0.00000
49.14467, -123.32082, 0.00093
49.14467, -123.18422, 0.00052
49.14467, -123.04761, 0.00040
49.14467, -122.91100, 0.00046
49.14467, -122.77439, 0.00080
49.14467, -122.63779, 0.00716
49.14467, -122.50118, 0.08589
49.14467, -122.36457, 0.19212
49.14467, -122.22797, 0.39278
49.14467, -122.09136, 0.83615
49.14467, -121.95475, 1.89087
49.14467, -121.81815, 4.04912
49.14467, -121.68154, 7.86226
49.14467, -121.54493, 13.02348
49.14467, -121.40833, 19.10158
49.14467, -121.27172, 28.02103
49.14467, -121.13511, 43.14130
49.14467, -120.99851, 71.80493
49.14467, -120.86190, 111.62972
49.14467, -120.72529, 142.05225
49.14467, -120.58869, 133.27632
49.14467, -120.45208, 106.63683
49.14467, -120.31547, 84.99669
49.14467, -120.17887, 79.18264
49.14467, -120.04226, 84.17140
49.14467, -119.90565, 83.42791
49.14467, -119.76905, 78.28876
49.14467, -119.63244, 79.74236
49.14467, -119.49583, 101.39026
49.14467, -119.35922, 146.83627
49.14467, -119.22262, 206.80244
49.14467, -119.08601, 199.95349
49.14467, -118.94940, 126.80908
49.14467, -118.81280, 77.15914
49.14467, -118.67619, 53.25815
49.14467, -118.53958, 43.10144
49.14467, -118.40298, 38.76522
49.14467, -118.26637, 37.00567
49.14467, -118.12976, 35.88771
49.14467, -117.99316, 34.53517
49.14467, -117.85655, 32.12196
49.14467, -117.71994, 26.82404
49.14467, -117.58334, 19.20398
49.14467, -117.44673, 12.86656
49.14467, -117.31012, 8.79777
49.14467, -117.17352, 6.32497
49.14467, -117.03691, 4.70474
49.14467, -116.90030, 3.83657
49.14467, -116.76370, 3.39218
49.14467, -116.62709, 3.44095
49.14467, -116.49048, 6.20937
49.14467, -116.35388, 13.47168
49.25283, -125.09671, 202.63280
49.25283, -124.96010, 60.11560
49.25283, -124.82350, 17.76747
49.25283, -124.68689, 6.81163
49.25283, -124.55028, 4.25420
49.25283, -124.41368, 2.83813
49.25283, -124.27707, 2.03123
49.25283, -124.14046, 1.53121
49.25283, -124.00386, 1.04272
49.25283, -123.86725, 0.44798
49.25283, -123.73064, 0.22114
49.25283, -123.59404, 0.02404
49.25283, -123.45743, 0.00523
49.25283, -123.32082, 0.01705
49.25283, -123.18422, 0.01077
49.25283, -123.04761, 0.00862
49.25283, -122.91100, 0.01003
49.25283, -122.77439, 0.01675
49.25283, -122.63779, 0.03845
49.25283, -122.50118, 0.08337
49.25283, -122.36457, 0.17113
49.25283, -122.22797, 0.34629
49.25283, -122.09136, 0.71738
49.25283, -121.95475, 1.59316
49.25283, -121.81815, 3.42600
49.25283, -121.68154, 6.82266
49.25283, -121.54493, 11.66045
49.25283, -121.40833, 17.59775
49.25283, -121.27172, 26.72111
49.25283, -121.13511, 40.78414
49.25283, -120.99851, 66.99117
49.25283, -120.86190, 112.42464
49.25283, -120.72529, 142.21441
49.25283, -120.58869, 141.85463
49.25283, -120.45208, 119.38278
49.25283, -120.31547, 100.55316
49.25283, -120.17887, 90.27862
49.25283, -120.04226, 88.68014
49.25283, -119.90565, 81.92685
49.25283, -119.76905, 75.67165
49.25283, -119.63244, 78.82318
49.25283, -119.49583, 101.67113
49.25283, -119.35922, 149.94604
49.25283, -119.22262, 226.23699
49.25283, -119.08601, 198.99905
49.25283, -118.94940, 123.32584
49.25283, -118.81280, 71.11383
49.25283, -118.67619, 47.08964
49.25283, -118.53958, 37.30362
49.25283, -118.40298, 33.00453
49.25283, -118.26637, 31.17303
49.25283, -118.12976, 30.79583
49.25283, -117.99316, 31.61091
49.25283, -117.85655, 31.92992
49.25283, -117.71994, 27.42084
49.25283, -117.58334, 21.05228
49.25283, -117.44673, 13.90095
49.25283, -117.31012, 9.19226
49.25283, -117.17352, 6.69035
49.25283, -117.03691, 4.69330
49.25283, -116.90030, 3.65289
49.25283, -116.76370, 3.46768
49.25283, -116.62709, 3.76374
49.25283, -116.49048, 6.81079
49.25283, -116.35388, 15.40718
49.36099, -125.09671, 128.79766
49.36099, -124.96010, 35.20995
49.36099, -124.82350, 9.74276
49.36099, -124.68689, 3.30822
49.36099, -124.55028, 2.07037
49.36099, -124.41368, 1.69413
49.36099, -124.27707, 1.22473
49.36099, -124.14046, 0.92004
49.36099, -124.00386, 0.66261
49.36099, -123.86725, 0.42023
49.36099, -123.73064, 0.26988
49.36099, -123.59404, 0.13967
49.36099, -123.45743, 0.06958
49.36099, -123.32082, 0.03711
49.36099, -123.18422, 0.02026
49.36099, -123.04761, 0.01496
49.36099, -122.91100, 0.01635
49.36099, -122.77439, 0.02491
49.36099, -122.63779, 0.04414
49.36099, -122.50118, 0.08508
49.36099, -122.36457, 0.15838
49.36099, -122.22797, 0.31320
49.36099, -122.09136, 0.64472
49.36099, -121.95475, 1.41084
49.36099, -121.81815, 3.00854
49.36099, -121.68154, 6.06011
49.36099, -121.54493, 10.70222
49.36099, -121.40833, 16.25215
49.36099, -121.27172, 25.01570
49.36099, -121.13511, 39.18097
49.36099, -120.99851, 66.95306
49.36099, -120.86190, 113.91815
49.36099, -120.72529, 167.32940
49.36099, -120.58869, 178.69862
49.36099, -120.45208, 153.15596
49.36099, -120.31547, 125.98631
49.36099, -120.17887, 104.59698
49.36099, -120.04226, 98.39084
49.36099, -119.90565, 84.08264
49.36099, -119.76905, 78.39091
49.36099, -119.63244, 85.97639
49.36099, -119.49583, 106.50836
49.36099, -119.35922, 168.26929
49.36099, -119.22262, 246.77041
49.36099, -119.08601, 216.12492
49.36099, -118.94940, 117.94604
49.36099, -118.81280, 65.58423
49.36099, -118.67619, 43.05988
49.36099, -118.53958, 32.80482
49.36099, -118.40298, 28.46879
49.36099, -118.26637, 26.19368
49.36099, -118.12976, 26.44671
49.36099, -117.99316, 27.98672
49.36099, -117.85655, 29.88407
49.36099, -117.71994, 29.33964
49.36099, -117.58334, 24.27354
49.36099, -117.44673, 16.48196
49.36099, -117.31012, 10.11781
49.36099, -117.17352, 7.22808
49.36099, -117.03691, 5.76837
49.36099, -116.90030, 4.14795
49.36099, -116.76370, 3.64731
49.36099, -116.62709, 3.93884
49.36099, -116.49048, 6.93830
49.36099, -116.35388, 14.09152
49.46915, -125.09671, 90.86082
49.46915, -124.96010, 23.68471
49.46915, -124.82350, 4.65402
49.46915, -124.68689, 1.35241
49.46915, -124.55028, 0.25225
49.46915, -124.41368, 0.99748
49.46915, -124.27707, 0.83429
49.46915, -124.14046, 0.62340
49.46915, -124.00386, 0.47042
49.46915, -123.86725, 0.35328
49.46915, -123.73064, 0.27046
49.46915, -123.59404, 0.19500
49.46915, -123.45743, 0.11017
49.46915, -123.32082, 0.05528
49.46915, -123.18422, 0.03101
49.46915, -123.04761, 0.02291
49.46915, -122.91100, 0.02349
49.46915, -122.77439, 0.03190
49.46915, -122.63779, 0.04865
49.46915, -122.50118, 0.08798
49.46915, -122.36457, 0.15908
49.46915, -122.22797, 0.30360
49.46915, -122.09136, 0.62098
49.46915, -121.95475, 1.29869
49.46915, -121.81815, 2.78130
49.46915, -121.68154, 5.56889
49.46915, -121.54493, 9.98214
49.46915, -121.40833, 15.93990
49.46915, -121.27172, 24.20223
49.46915, -121.13511, 38.86538
49.46915, -120.99851, 74.01558
49.46915, -120.86190, 134.36583
49.46915, -120.72529, 232.06713
49.46915, -120.58869, 230.85631
49.46915, -120.45208, 214.53177
49.46915, -120.31547, 162.36964
49.46915, -120.17887, 140.18330
49.46915, -120.04226, 115.69549
49.46915, -119.90565, 91.48633
49.46915, -119.76905, 86.89952
49.46915, -119.63244, 89.35103
49.46915, -119.49583, 120.64038
49.46915, -119.35922, 185.93037
49.46915, -119.22262, 269.89966
49.46915, -119.08601, 223.70998
49.46915, -118.94940, 117.97612
49.46915, -118.81280, 63.38433
49.46915, -118.67619, 41.17306
49.46915, -118.53958, 30.02955
49.46915, -118.40298, 25.85871
49.46915, -118.26637, 23.35490
49.46915, -118.12976, 23.09930
49.46915, -117.99316, 24.36640
49.46915, -117.85655, 27.34163
49.46915, -117.71994, 32.37893
49.46915, -117.58334, 28.94468
49.46915, -117.44673, 20.69564
49.46915, -117.31012, 14.02320
49.46915, -117.17352, 8.76702
49.46915, -117.03691, 6.36446
49.46915, -116.90030, 5.05391
49.46915, -116.76370, 4.51440
49.46915, -116.62709, 4.80150
49.46915, -116.49048, 9.05657
49.46915, -116.35388, 18.28805
49.57731, -125.09671, 74.15608
49.57731, -124.96010, 19.89275
49.57731, -124.82350, 3.28320
49.57731, -124.68689, 0.74406
49.57731, -124.55028, 0.10837
49.57731, -124.41368, 0.73315
49.57731, -124.27707, 0.62575
49.57731, -124.14046, 0.46257
49.57731, -124.00386, 0.38113
49.57731, -123.86725, 0.31795
49.57731, -123.73064, 0.27841
49.57731, -123.59404, 0.22290
49.57731, -123.45743, 0.13806
49.57731, -123.32082, 0.07573
49.57731, -123.18422, 0.04500
49.57731, -123.04761, 0.03438
49.57731, -122.91100, 0.03346
49.57731, -122.77439, 0.04198
49.57731, -122.63779, 0.06126
49.57731, -122.50118, 0.10272
49.57731, -122.36457, 0.17646
49.57731, -122.22797, 0.32523
49.57731, -122.09136, 0.63638
49.57731, -121.95475, 1.32890
49.57731, -121.81815, 2.72389
49.57731, -121.68154, 5.52783
49.57731, -121.54493, 10.35152
49.57731, -121.40833, 15.30532
49.57731, -121.27172, 24.26568
49.57731, -121.13511, 43.48835
49.57731, -120.99851, 81.53555
49.57731, -120.86190, 152.55150
49.57731, -120.72529, 278.17692
49.57731, -120.58869, 354.69862
49.57731, -120.45208, 332.39308
49.57731, -120.31547, 262.85835
49.57731, -120.17887, 224.12553
49.57731, -120.04226, 172.78732
49.57731, -119.90565, 109.18661
49.57731, -119.76905, 103.79850
49.57731, -119.63244, 107.53255
49.57731, -119.49583, 143.86705
49.57731, -119.35922, 207.54645
49.57731, -119.22262, 319.13706
49.57731, -119.08601, 242.52216
49.57731, -118.94940, 125.57970
49.57731, -118.81280, 66.62668
49.57731, -118.67619, 42.85009
49.57731, -118.53958, 31.95759
49.57731, -118.40298, 24.96173
49.57731, -118.26637, 21.77156
49.57731, -118.12976, 21.05372
49.57731, -117.99316, 22.74503
49.57731, -117.85655, 24.41936
49.57731, -117.71994, 33.84254
49.57731, -117.58334, 35.52988
49.57731, -117.44673, 27.36653
49.57731, -117.31012, 18.81445
49.57731, -117.17352, 11.91992
49.57731, -117.03691, 7.61836
49.57731, -116.90030, 6.62566
49.57731, -116.76370, 6.17784
49.57731, -116.62709, 7.48710
49.57731, -116.49048, 11.76161
49.57731, -116.35388, 28.78549
49.68547, -125.09671, 63.42117
49.68547, -124.96010, 15.61998
49.68547, -124.82350, 2.66179
49.68547, -124.68689, 1.17067
49.68547, -124.55028, 0.55755
49.68547, -124.41368, 0.63114
49.68547, -124.27707, 0.47795
49.68547, -124.14046, 0.38388
49.68547, -124.00386, 0.34514
49.68547, -123.86725, 0.31168
49.68547, -123.73064, 0.29666
49.68547, -123.59404, 0.26151
49.68547, -123.45743, 0.17747
49.68547, -123.32082, 0.10290
49.68547, -123.18422, 0.06441
49.68547, -123.04761, 0.05006
49.68547, -122.91100, 0.04892
49.68547, -122.77439, 0.05864
49.68547, -122.63779, 0.08031
49.68547, -122.50118, 0.12558
49.68547, -122.36457, 0.20753
49.68547, -122.22797, 0.37908
49.68547, -122.09136, 0.74771
49.68547, -121.95475, 1.51409
49.68547, -121.81815, 3.16630
49.68547, -121.68154, 6.62203
49.68547, -121.54493, 12.39209
49.68547, -121.40833, 20.51481
49.68547, -121.27172, 33.59716
49.68547, -121.13511, 58.07688
49.68547, -120.99851, 116.08319
49.68547, -120.86190, 286.61129
49.68547, -120.72529, 534.75815
49.68547, -120.58869, 796.92657
49.68547, -120.45208, 801.00429
49.68547, -120.31547, 614.53708
49.68547, -120.17887, 430.21699
49.68547, -120.04226, 255.74999
49.68547, -119.90565, 163.51520
49.68547, -119.76905, 148.15140
49.68547, -119.63244, 164.26715
49.68547, -119.49583, 226.13846
49.68547, -119.35922, 330.95870
49.68547, -119.22262, 462.61001
49.68547, -119.08601, 367.30558
49.68547, -118.94940, 164.83553
49.68547, -118.81280, 80.70201
49.68547, -118.67619, 48.72420
49.68547, -118.53958, 34.79506
49.68547, -118.40298, 28.32094
49.68547, -118.26637, 24.17538
49.68547, -118.12976, 21.97236
49.68547, -117.99316, 23.08087
49.68547, -117.85655, 27.58471
49.68547, -117.71994, 37.73948
49.68547, -117.58334, 46.20068
49.68547, -117.44673, 38.13972
49.68547, -117.31012, 30.58313
49.68547, -117.17352, 19.52765
49.68547, -117.03691, 13.44128
49.68547, -116.90030, 10.06791
49.68547, -116.76370, 9.23628
49.68547, -116.62709, 8.77106
49.68547, -116.49048, 15.36354
49.68547, -116.35388, 50.21337
